제품,제품번호,원본 PDF,PDF 쪽,CAS,원본 값,현재 값,왜 걸렸나,조치,확인일
UT595(F)-CLEAR(G-25),msds-001,pdf/01_ 도장/KCC/KCC_MSDS_UT595(F)-CLEAR(G-25).pdf,3,1330-20-7,자일렌,자일렌,원본과 대조,손대지 않음 (원본이 그렇게 적음),2026-09-18
UT595(F)-CLEAR(G-25),msds-001,pdf/01_ 도장/KCC/KCC_MSDS_UT595(F)-CLEAR(G-25).pdf,3,123-86-4,n-뷰틸 아세테이트,n-뷰틸 아세테이트,원본과 대조,손대지 않음 (원본이 그렇게 적음),2026-09-18
UT595(F)-CLEAR(G-25),msds-001,pdf/01_ 도장/KCC/KCC_MSDS_UT595(F)-CLEAR(G-25).pdf,3,108-65-6,프로필렌 글라이콜 모노메틸 에테르 아세트산,프로필렌 글리콜 모노메틸 에테르 아세테이트,원본과 대조,손대지 않음 (원본과 표기만 다름),2026-09-18
UT595(F)-CLEAR(G-25),msds-001,pdf/01_ 도장/KCC/KCC_MSDS_UT595(F)-CLEAR(G-25).pdf,3,112926-00-8,이산화 규소,이산화 규소,원본과 대조,손대지 않음 (원본이 그렇게 적음),2026-09-18
UT595(F)-CLEAR(G-25),msds-001,pdf/01_ 도장/KCC/KCC_MSDS_UT595(F)-CLEAR(G-25).pdf,3,108-10-1,4-메틸-2-펜탄온,4-메틸-2-펜탄온,원본과 대조,손대지 않음 (원본이 그렇게 적음),2026-09-18
UT595(F)-CLEAR(G-25),msds-001,pdf/01_ 도장/KCC/KCC_MSDS_UT595(F)-CLEAR(G-25).pdf,3,64742-95-6,방향족 경질 나프타 용매 (석유),방향족 경질 나프타 용매(석유),원본과 대조,손대지 않음 (원본이 그렇게 적음),2026-09-18
UT595(F)-CLEAR(G-25),msds-001,pdf/01_ 도장/KCC/KCC_MSDS_UT595(F)-CLEAR(G-25).pdf,3,1119-40-0,펜테인이산 다이메틸,펜테인이산 다이메틸,원본과 대조,손대지 않음 (원본이 그렇게 적음),2026-09-18
UT595(F)-CLEAR(G-25),msds-001,pdf/01_ 도장/KCC/KCC_MSDS_UT595(F)-CLEAR(G-25).pdf,3,100-41-4,에틸벤젠,에틸벤젠,원본과 대조,손대지 않음 (원본이 그렇게 적음),2026-09-18
UT595(F)-CLEAR(G-25),msds-001,pdf/01_ 도장/KCC/KCC_MSDS_UT595(F)-CLEAR(G-25).pdf,3,41556-26-7,"비스(1,2,2,6,6,-펜타메틸-4-피페리딜)데탄디온","비스(1,2,2,6,6,-펜타메틸-4-피페리딜)데탄디온 산",원본과 대조,손대지 않음 (원본이 그렇게 적음),2026-09-18
UT5731-TGW(GGM),msds-002,pdf/01_ 도장/KCC/KCC_MSDS_UT5731-TGW(GGM).pdf,3,13463-67-7,이산화 티타늄,이산화 티타늄,원본과 대조,손대지 않음 (원본이 그렇게 적음),2026-09-18
UT5731-TGW(GGM),msds-002,pdf/01_ 도장/KCC/KCC_MSDS_UT5731-TGW(GGM).pdf,3,123-86-4,n-뷰틸 아세테이트,n-뷰틸 아세테이트,원본과 대조,손대지 않음 (원본이 그렇게 적음),2026-09-18
UT5731-TGW(GGM),msds-002,pdf/01_ 도장/KCC/KCC_MSDS_UT5731-TGW(GGM).pdf,3,1330-20-7,자일렌,자일렌,원본과 대조,손대지 않음 (원본이 그렇게 적음),2026-09-18
UT5731-TGW(GGM),msds-002,pdf/01_ 도장/KCC/KCC_MSDS_UT5731-TGW(GGM).pdf,3,108-88-3,톨루엔,톨루엔,원본과 대조,손대지 않음 (원본이 그렇게 적음),2026-09-18
UT5731-TGW(GGM),msds-002,pdf/01_ 도장/KCC/KCC_MSDS_UT5731-TGW(GGM).pdf,3,190524-92-6,"Styrene, 2-hydroxyethyl methacrylate,","Styrene, 2-hydroxyethyl methacrylate, methyl methacrylate, methacrylic acid, n- butyl acrylate, diethylaminoethyl methacrylate, n-butyl methacrylate, fumaric acid copolymer with glycidyl neodecanoate",원본과 대조,손대지 않음 (원본이 그렇게 적음),2026-09-18
UT5731-TGW(GGM),msds-002,pdf/01_ 도장/KCC/KCC_MSDS_UT5731-TGW(GGM).pdf,3,108-65-6,프로필렌 글라이콜 모노메틸 에테르 아세트산,프로필렌 글리콜 모노메틸 에테르 아세테이트,원본과 대조,손대지 않음 (원본과 표기만 다름),2026-09-18
UT5731-TGW(GGM),msds-002,pdf/01_ 도장/KCC/KCC_MSDS_UT5731-TGW(GGM).pdf,3,9004-36-8,셀룰로스 아세테이트 뷰틸레이트,셀룰로스 아세테이트 뷰틸레이트,원본과 대조,손대지 않음 (원본이 그렇게 적음),2026-09-18
UT5731-TGW(GGM),msds-002,pdf/01_ 도장/KCC/KCC_MSDS_UT5731-TGW(GGM).pdf,3,103818-85-5,"Hexane, 1,6-diisocyanato-, homopolymer, 자료없음","Hexane, 1,6-diisocyanato-, homopolymer, di-Et malonate- and Et acetoacetate- blocked",원본과 대조,손대지 않음 (원본이 그렇게 적음),2026-09-18
UT5731-TGW(GGM),msds-002,pdf/01_ 도장/KCC/KCC_MSDS_UT5731-TGW(GGM).pdf,3,100-41-4,에틸벤젠,에틸벤젠,원본과 대조,손대지 않음 (원본이 그렇게 적음),2026-09-18
UT5731-TGW(GGM),msds-002,pdf/01_ 도장/KCC/KCC_MSDS_UT5731-TGW(GGM).pdf,3,141-78-6,아세트산 에틸,아세트산 에틸,원본과 대조,손대지 않음 (원본이 그렇게 적음),2026-09-18
UT5731-TGW(GGM),msds-002,pdf/01_ 도장/KCC/KCC_MSDS_UT5731-TGW(GGM).pdf,3,112-07-2,"2-뷰톡시에탄올, 아세테이트","2-뷰톡시에탄올, 아세테이트",원본과 대조,손대지 않음 (원본이 그렇게 적음),2026-09-18
UT5731-TGW(GGM),msds-002,pdf/01_ 도장/KCC/KCC_MSDS_UT5731-TGW(GGM).pdf,3,64742-82-1,수소탈황된 중질 나프타 (석유),수소탈황된 중질 나프타 (석유),원본과 대조,손대지 않음 (원본이 그렇게 적음),2026-09-18
UT5731-TGW(GGM),msds-002,pdf/01_ 도장/KCC/KCC_MSDS_UT5731-TGW(GGM).pdf,3,108-10-1,4-메틸-2-펜탄온,4-메틸-2-펜탄온,원본과 대조,손대지 않음 (원본이 그렇게 적음),2026-09-18
UT5731-TGW(GGM),msds-002,pdf/01_ 도장/KCC/KCC_MSDS_UT5731-TGW(GGM).pdf,3,26544-38-7,"Dihydro-3-(tetrapropenyl)-2,5-furandione 2-DODECEN-1-YLSUCCINIC",테트라프로페닐 숙신산 무수물,원본과 대조,손대지 않음 (원본과 표기만 다름),2026-09-18
UT5731-TKS(GGM),msds-003,pdf/01_ 도장/KCC/KCC_MSDS_UT5731-TKS(GGM).pdf,3,123-86-4,n-뷰틸 아세테이트,n-뷰틸 아세테이트,원본과 대조,손대지 않음 (원본이 그렇게 적음),2026-09-18
UT5731-TKS(GGM),msds-003,pdf/01_ 도장/KCC/KCC_MSDS_UT5731-TKS(GGM).pdf,3,108-88-3,톨루엔,톨루엔,원본과 대조,손대지 않음 (원본이 그렇게 적음),2026-09-18
UT5731-TKS(GGM),msds-003,pdf/01_ 도장/KCC/KCC_MSDS_UT5731-TKS(GGM).pdf,3,1330-20-7,자일렌,자일렌,원본과 대조,손대지 않음 (원본이 그렇게 적음),2026-09-18
UT5731-TKS(GGM),msds-003,pdf/01_ 도장/KCC/KCC_MSDS_UT5731-TKS(GGM).pdf,3,13463-67-7,이산화 티타늄,이산화 티타늄,원본과 대조,손대지 않음 (원본이 그렇게 적음),2026-09-18
UT5731-TKS(GGM),msds-003,pdf/01_ 도장/KCC/KCC_MSDS_UT5731-TKS(GGM).pdf,3,9004-36-8,셀룰로스 아세테이트 뷰틸레이트,셀룰로스 아세테이트 뷰틸레이트,원본과 대조,손대지 않음 (원본이 그렇게 적음),2026-09-18
UT5731-TKS(GGM),msds-003,pdf/01_ 도장/KCC/KCC_MSDS_UT5731-TKS(GGM).pdf,3,108-65-6,프로필렌 글라이콜 모노메틸 에테르 아세트산,프로필렌 글리콜 모노메틸 에테르 아세테이트,원본과 대조,손대지 않음 (원본과 표기만 다름),2026-09-18
UT5731-TKS(GGM),msds-003,pdf/01_ 도장/KCC/KCC_MSDS_UT5731-TKS(GGM).pdf,3,190524-92-6,"Styrene, 2-hydroxyethyl methacrylate,","Styrene, 2-hydroxyethyl methacrylate, methyl methacrylate, methacrylic acid, n- butyl acrylate, diethylaminoethyl methacrylate, n-butyl methacrylate, fumaric acid copolymer with glycidyl neodecanoate",원본과 대조,손대지 않음 (원본이 그렇게 적음),2026-09-18
UT5731-TKS(GGM),msds-003,pdf/01_ 도장/KCC/KCC_MSDS_UT5731-TKS(GGM).pdf,3,103818-85-5,"Hexane, 1,6-diisocyanato-, homopolymer, 자료없음","Hexane, 1,6-diisocyanato-, homopolymer, di-Et malonate- and Et acetoacetate- blocked",원본과 대조,손대지 않음 (원본이 그렇게 적음),2026-09-18
UT5731-TKS(GGM),msds-003,pdf/01_ 도장/KCC/KCC_MSDS_UT5731-TKS(GGM).pdf,3,141-78-6,아세트산 에틸,아세트산 에틸,원본과 대조,손대지 않음 (원본이 그렇게 적음),2026-09-18
UT5731-TKS(GGM),msds-003,pdf/01_ 도장/KCC/KCC_MSDS_UT5731-TKS(GGM).pdf,3,51274-00-1,수산화 산화 철 옐로우,수산화 산화 철 옐로우,원본과 대조,손대지 않음 (원본이 그렇게 적음),2026-09-18
UT5731-TKS(GGM),msds-003,pdf/01_ 도장/KCC/KCC_MSDS_UT5731-TKS(GGM).pdf,3,112-07-2,"2-뷰톡시에탄올, 아세테이트","2-뷰톡시에탄올, 아세테이트",원본과 대조,손대지 않음 (원본이 그렇게 적음),2026-09-18
UT5731-TKS(GGM),msds-003,pdf/01_ 도장/KCC/KCC_MSDS_UT5731-TKS(GGM).pdf,3,64742-82-1,수소탈황된 중질 나프타 (석유),수소탈황된 중질 나프타 (석유),원본과 대조,손대지 않음 (원본이 그렇게 적음),2026-09-18
UT5731-TKS(GGM),msds-003,pdf/01_ 도장/KCC/KCC_MSDS_UT5731-TKS(GGM).pdf,3,142-82-5,n-헵테인,n-헵테인,원본과 대조,손대지 않음 (원본이 그렇게 적음),2026-09-18
UT5731-TKS(GGM),msds-003,pdf/01_ 도장/KCC/KCC_MSDS_UT5731-TKS(GGM).pdf,3,100-41-4,에틸벤젠,에틸벤젠,원본과 대조,손대지 않음 (원본이 그렇게 적음),2026-09-18
UT5731-TKS(GGM),msds-003,pdf/01_ 도장/KCC/KCC_MSDS_UT5731-TKS(GGM).pdf,3,64742-95-6,방향족 경질 나프타 용매 (석유),방향족 경질 나프타 용매(석유),원본과 대조,손대지 않음 (원본이 그렇게 적음),2026-09-18
UT5731-TKS(GGM),msds-003,pdf/01_ 도장/KCC/KCC_MSDS_UT5731-TKS(GGM).pdf,3,108-10-1,4-메틸-2-펜탄온,4-메틸-2-펜탄온,원본과 대조,손대지 않음 (원본이 그렇게 적음),2026-09-18
UT5731-TKS(GGM),msds-003,pdf/01_ 도장/KCC/KCC_MSDS_UT5731-TKS(GGM).pdf,3,1333-86-4,카본 블랙,카본 블랙,원본과 대조,손대지 않음 (원본이 그렇게 적음),2026-09-18
UT5731-UMA(GGM),msds-004,pdf/01_ 도장/KCC/KCC_MSDS_UT5731-UMA(GGM).pdf,3,123-86-4,n-뷰틸 아세테이트,n-뷰틸 아세테이트,원본과 대조,손대지 않음 (원본이 그렇게 적음),2026-09-18
UT5731-UMA(GGM),msds-004,pdf/01_ 도장/KCC/KCC_MSDS_UT5731-UMA(GGM).pdf,3,1330-20-7,자일렌,자일렌,원본과 대조,손대지 않음 (원본이 그렇게 적음),2026-09-18
UT5731-UMA(GGM),msds-004,pdf/01_ 도장/KCC/KCC_MSDS_UT5731-UMA(GGM).pdf,3,108-88-3,톨루엔,톨루엔,원본과 대조,손대지 않음 (원본이 그렇게 적음),2026-09-18
UT5731-UMA(GGM),msds-004,pdf/01_ 도장/KCC/KCC_MSDS_UT5731-UMA(GGM).pdf,3,190524-92-6,"Styrene, 2-hydroxyethyl methacrylate,","Styrene, 2-hydroxyethyl methacrylate, methyl methacrylate, methacrylic acid, n- butyl acrylate, diethylaminoethyl methacrylate, n-butyl methacrylate, fumaric acid copolymer with glycidyl neodecanoate",원본과 대조,손대지 않음 (원본이 그렇게 적음),2026-09-18
UT5731-UMA(GGM),msds-004,pdf/01_ 도장/KCC/KCC_MSDS_UT5731-UMA(GGM).pdf,3,100-41-4,에틸벤젠,에틸벤젠,원본과 대조,손대지 않음 (원본이 그렇게 적음),2026-09-18
UT5731-UMA(GGM),msds-004,pdf/01_ 도장/KCC/KCC_MSDS_UT5731-UMA(GGM).pdf,3,108-65-6,프로필렌 글라이콜 모노메틸 에테르 아세트산,프로필렌 글리콜 모노메틸 에테르 아세테이트,원본과 대조,손대지 않음 (원본과 표기만 다름),2026-09-18
UT5731-UMA(GGM),msds-004,pdf/01_ 도장/KCC/KCC_MSDS_UT5731-UMA(GGM).pdf,3,9004-36-8,셀룰로스 아세테이트 뷰틸레이트,셀룰로스 아세테이트 뷰틸레이트,원본과 대조,손대지 않음 (원본이 그렇게 적음),2026-09-18
UT5731-UMA(GGM),msds-004,pdf/01_ 도장/KCC/KCC_MSDS_UT5731-UMA(GGM).pdf,3,13463-67-7,이산화 티타늄,이산화 티타늄,원본과 대조,손대지 않음 (원본이 그렇게 적음),2026-09-18
UT5731-UMA(GGM),msds-004,pdf/01_ 도장/KCC/KCC_MSDS_UT5731-UMA(GGM).pdf,,2028-08-3,,"Hexane, 1,6-diisocyanato-, homopolymer, di-alkyl malonate- and alkyl acetoacetate- blocked, iso-alkyl(C=4-8) alkyl(C=1-5) alkyl(C=4-8) esters",원본과 대조,손대지 않음 (원본에서 못 찾음),2026-09-18
UT5731-UMA(GGM),msds-004,pdf/01_ 도장/KCC/KCC_MSDS_UT5731-UMA(GGM).pdf,3,112-07-2,"2-뷰톡시에탄올, 아세테이트","2-뷰톡시에탄올, 아세테이트",원본과 대조,손대지 않음 (원본이 그렇게 적음),2026-09-18
UT5731-UMA(GGM),msds-004,pdf/01_ 도장/KCC/KCC_MSDS_UT5731-UMA(GGM).pdf,3,1333-86-4,카본 블랙,카본 블랙,원본과 대조,손대지 않음 (원본이 그렇게 적음),2026-09-18
UT5731-UMA(GGM),msds-004,pdf/01_ 도장/KCC/KCC_MSDS_UT5731-UMA(GGM).pdf,3,64742-82-1,수소탈황된 중질 나프타 (석유),수소탈황된 중질 나프타 (석유),원본과 대조,손대지 않음 (원본이 그렇게 적음),2026-09-18
UT5731-UMA(GGM),msds-004,pdf/01_ 도장/KCC/KCC_MSDS_UT5731-UMA(GGM).pdf,3,108-10-1,4-메틸-2-펜탄온,4-메틸-2-펜탄온,원본과 대조,손대지 않음 (원본이 그렇게 적음),2026-09-18
UT5731-UMA(GGM),msds-004,pdf/01_ 도장/KCC/KCC_MSDS_UT5731-UMA(GGM).pdf,3,64742-95-6,방향족 경질 나프타 용매 (석유),방향족 경질 나프타 용매(석유),원본과 대조,손대지 않음 (원본이 그렇게 적음),2026-09-18
UT5731-UMA(GGM),msds-004,pdf/01_ 도장/KCC/KCC_MSDS_UT5731-UMA(GGM).pdf,4,7429-90-5,알루미늄,알루미늄,원본과 대조,손대지 않음 (원본이 그렇게 적음),2026-09-18
UT5731-ZRM(GGM),msds-005,pdf/01_ 도장/KCC/KCC_MSDS_UT5731-ZRM(GGM).pdf,3,123-86-4,n-뷰틸 아세테이트,n-뷰틸 아세테이트,원본과 대조,손대지 않음 (원본이 그렇게 적음),2026-09-18
UT5731-ZRM(GGM),msds-005,pdf/01_ 도장/KCC/KCC_MSDS_UT5731-ZRM(GGM).pdf,3,108-88-3,톨루엔,톨루엔,원본과 대조,손대지 않음 (원본이 그렇게 적음),2026-09-18
UT5731-ZRM(GGM),msds-005,pdf/01_ 도장/KCC/KCC_MSDS_UT5731-ZRM(GGM).pdf,3,1330-20-7,자일렌,자일렌,원본과 대조,손대지 않음 (원본이 그렇게 적음),2026-09-18
UT5731-ZRM(GGM),msds-005,pdf/01_ 도장/KCC/KCC_MSDS_UT5731-ZRM(GGM).pdf,3,9004-36-8,셀룰로스 아세테이트 뷰틸레이트,셀룰로스 아세테이트 뷰틸레이트,원본과 대조,손대지 않음 (원본이 그렇게 적음),2026-09-18
UT5731-ZRM(GGM),msds-005,pdf/01_ 도장/KCC/KCC_MSDS_UT5731-ZRM(GGM).pdf,3,108-65-6,프로필렌 글라이콜 모노메틸 에테르 아세트산,프로필렌 글리콜 모노메틸 에테르 아세테이트,원본과 대조,손대지 않음 (원본과 표기만 다름),2026-09-18
UT5731-ZRM(GGM),msds-005,pdf/01_ 도장/KCC/KCC_MSDS_UT5731-ZRM(GGM).pdf,3,64742-82-1,수소탈황된 중질 나프타 (석유),수소탈황된 중질 나프타 (석유),원본과 대조,손대지 않음 (원본이 그렇게 적음),2026-09-18
UT5731-ZRM(GGM),msds-005,pdf/01_ 도장/KCC/KCC_MSDS_UT5731-ZRM(GGM).pdf,3,141-78-6,아세트산 에틸,아세트산 에틸,원본과 대조,손대지 않음 (원본이 그렇게 적음),2026-09-18
UT5731-ZRM(GGM),msds-005,pdf/01_ 도장/KCC/KCC_MSDS_UT5731-ZRM(GGM).pdf,3,190524-92-6,"Styrene, 2-hydroxyethyl methacrylate,","Styrene, 2-hydroxyethyl methacrylate, methyl methacrylate, methacrylic acid, n- butyl acrylate, diethylaminoethyl methacrylate, n-butyl methacrylate, fumaric acid copolymer with glycidyl neodecanoate",원본과 대조,손대지 않음 (원본이 그렇게 적음),2026-09-18
UT5731-ZRM(GGM),msds-005,pdf/01_ 도장/KCC/KCC_MSDS_UT5731-ZRM(GGM).pdf,,2028-08-3,,"Hexane, 1,6-diisocyanato-, homopolymer, di-alkyl malonate- and alkyl acetoacetate- blocked, iso-alkyl(C=4-8) alkyl(C=1-5) alkyl(C=4-8) esters",원본과 대조,손대지 않음 (원본에서 못 찾음),2026-09-18
UT5731-ZRM(GGM),msds-005,pdf/01_ 도장/KCC/KCC_MSDS_UT5731-ZRM(GGM).pdf,3,142-82-5,n-헵테인,n-헵테인,원본과 대조,손대지 않음 (원본이 그렇게 적음),2026-09-18
UT5731-ZRM(GGM),msds-005,pdf/01_ 도장/KCC/KCC_MSDS_UT5731-ZRM(GGM).pdf,3,100-41-4,에틸벤젠,에틸벤젠,원본과 대조,손대지 않음 (원본이 그렇게 적음),2026-09-18
UT5731-ZRM(GGM),msds-005,pdf/01_ 도장/KCC/KCC_MSDS_UT5731-ZRM(GGM).pdf,3,7631-86-9,이산화 규소,이산화 규소,원본과 대조,손대지 않음 (원본이 그렇게 적음),2026-09-18
UT5731-ZRM(GGM),msds-005,pdf/01_ 도장/KCC/KCC_MSDS_UT5731-ZRM(GGM).pdf,3,112-07-2,"2-뷰톡시에탄올, 아세테이트","2-뷰톡시에탄올, 아세테이트",원본과 대조,손대지 않음 (원본이 그렇게 적음),2026-09-18
UT5731-ZRM(GGM),msds-005,pdf/01_ 도장/KCC/KCC_MSDS_UT5731-ZRM(GGM).pdf,3,64742-95-6,방향족 경질 나프타 용매 (석유),방향족 경질 나프타 용매(석유),원본과 대조,손대지 않음 (원본이 그렇게 적음),2026-09-18
UT5731-ZRM(GGM),msds-005,pdf/01_ 도장/KCC/KCC_MSDS_UT5731-ZRM(GGM).pdf,4,1333-86-4,카본 블랙,카본 블랙,원본과 대조,손대지 않음 (원본이 그렇게 적음),2026-09-18
UT5731-ZRM(GGM),msds-005,pdf/01_ 도장/KCC/KCC_MSDS_UT5731-ZRM(GGM).pdf,4,1317-80-2,금홍석(이산화 티타늄),금홍석(이산화 티타늄),원본과 대조,손대지 않음 (원본이 그렇게 적음),2026-09-18
UT5731-ZRM(GGM),msds-005,pdf/01_ 도장/KCC/KCC_MSDS_UT5731-ZRM(GGM).pdf,4,108-78-1,멜라민,멜라민,원본과 대조,손대지 않음 (원본이 그렇게 적음),2026-09-18
UT5731-ZRM(GGM),msds-005,pdf/01_ 도장/KCC/KCC_MSDS_UT5731-ZRM(GGM).pdf,4,68511-62-6,"니켈, 5,5'-아조비스-2,4,6(1H,3H,5H)-피리미","니켈, 5,5'-아조비스-2,4,6(1H,3H,5H)-피리미 딘트라이온 착물",원본과 대조,손대지 않음 (원본이 그렇게 적음),2026-09-18
UT5731-ZRM(GGM),msds-005,pdf/01_ 도장/KCC/KCC_MSDS_UT5731-ZRM(GGM).pdf,4,108-10-1,4-메틸-2-펜탄온,4-메틸-2-펜탄온,원본과 대조,손대지 않음 (원본이 그렇게 적음),2026-09-18
064(BP),msds-006,pdf/01_ 도장/KCC/KCC_MSDS_064(BP).pdf,3,1330-20-7,자일렌,자일렌,원본과 대조,손대지 않음 (원본이 그렇게 적음),2026-09-18
064(BP),msds-006,pdf/01_ 도장/KCC/KCC_MSDS_064(BP).pdf,3,123-86-4,n-뷰틸 아세테이트,n-뷰틸 아세테이트,원본과 대조,손대지 않음 (원본이 그렇게 적음),2026-09-18
064(BP),msds-006,pdf/01_ 도장/KCC/KCC_MSDS_064(BP).pdf,3,108-88-3,톨루엔,톨루엔,원본과 대조,손대지 않음 (원본이 그렇게 적음),2026-09-18
064(BP),msds-006,pdf/01_ 도장/KCC/KCC_MSDS_064(BP).pdf,3,100-41-4,에틸벤젠,에틸벤젠,원본과 대조,손대지 않음 (원본이 그렇게 적음),2026-09-18
064(BP),msds-006,pdf/01_ 도장/KCC/KCC_MSDS_064(BP).pdf,3,64742-95-6,방향족 경질 나프타 용매 (석유),방향족 경질 나프타 용매(석유),원본과 대조,손대지 않음 (원본이 그렇게 적음),2026-09-18
0278(HMC),msds-007,pdf/01_ 도장/KCC/KCC_MSDS_0278(HMC).pdf,3,1330-20-7,자일렌,자일렌,원본과 대조,손대지 않음 (원본이 그렇게 적음),2026-09-18
0278(HMC),msds-007,pdf/01_ 도장/KCC/KCC_MSDS_0278(HMC).pdf,3,64742-95-6,방향족 경질 나프타 용매 (석유),방향족 경질 나프타 용매(석유),원본과 대조,손대지 않음 (원본이 그렇게 적음),2026-09-18
0278(HMC),msds-007,pdf/01_ 도장/KCC/KCC_MSDS_0278(HMC).pdf,3,100-41-4,에틸벤젠,에틸벤젠,원본과 대조,손대지 않음 (원본이 그렇게 적음),2026-09-18
0278(HMC),msds-007,pdf/01_ 도장/KCC/KCC_MSDS_0278(HMC).pdf,3,108-88-3,톨루엔,톨루엔,원본과 대조,손대지 않음 (원본이 그렇게 적음),2026-09-18
0278(HMC),msds-007,pdf/01_ 도장/KCC/KCC_MSDS_0278(HMC).pdf,3,141-78-6,아세트산 에틸,아세트산 에틸,원본과 대조,손대지 않음 (원본이 그렇게 적음),2026-09-18
0278(HMC),msds-007,pdf/01_ 도장/KCC/KCC_MSDS_0278(HMC).pdf,3,123-86-4,n-뷰틸 아세테이트,n-뷰틸 아세테이트,원본과 대조,손대지 않음 (원본이 그렇게 적음),2026-09-18
0278(HMC),msds-007,pdf/01_ 도장/KCC/KCC_MSDS_0278(HMC).pdf,3,1119-40-0,펜테인이산 다이메틸,펜테인이산 다이메틸,원본과 대조,손대지 않음 (원본이 그렇게 적음),2026-09-18
0278(HMC),msds-007,pdf/01_ 도장/KCC/KCC_MSDS_0278(HMC).pdf,3,106-65-0,숙신산 다이메틸,숙신산 다이메틸,원본과 대조,손대지 않음 (원본이 그렇게 적음),2026-09-18
0278(HMC),msds-007,pdf/01_ 도장/KCC/KCC_MSDS_0278(HMC).pdf,3,627-93-0,다이메틸 지방질,다이메틸 지방질,원본과 대조,손대지 않음 (원본이 그렇게 적음),2026-09-18
TH0261(AP),msds-008,pdf/01_ 도장/KCC/KCC_MSDS_TH0261(AP).pdf,3,1330-20-7,자일렌,자일렌,원본과 대조,손대지 않음 (원본이 그렇게 적음),2026-09-18
TH0261(AP),msds-008,pdf/01_ 도장/KCC/KCC_MSDS_TH0261(AP).pdf,3,67-64-1,아세톤[VOCs 면제물질],아세톤[VOCs 면제물질],원본과 대조,손대지 않음 (원본이 그렇게 적음),2026-09-18
TH0261(AP),msds-008,pdf/01_ 도장/KCC/KCC_MSDS_TH0261(AP).pdf,3,141-78-6,아세트산 에틸,아세트산 에틸,원본과 대조,손대지 않음 (원본이 그렇게 적음),2026-09-18
TH0261(AP),msds-008,pdf/01_ 도장/KCC/KCC_MSDS_TH0261(AP).pdf,3,123-86-4,n-뷰틸 아세테이트,n-뷰틸 아세테이트,원본과 대조,손대지 않음 (원본이 그렇게 적음),2026-09-18
TH0261(AP),msds-008,pdf/01_ 도장/KCC/KCC_MSDS_TH0261(AP).pdf,3,100-41-4,에틸벤젠,에틸벤젠,원본과 대조,손대지 않음 (원본이 그렇게 적음),2026-09-18
TH0261(N),msds-009,pdf/01_ 도장/KCC/KCC_MSDS_TH0261(N).pdf,2,1330-20-7,자일렌,자일렌,원본과 대조,손대지 않음 (원본이 그렇게 적음),2026-09-18
TH0261(N),msds-009,pdf/01_ 도장/KCC/KCC_MSDS_TH0261(N).pdf,3,123-86-4,; n-부틸 에스터 아세트산 ; 부틸 에타노산 ; 1-아세톡시뷰,n-뷰틸 아세테이트,원본과 대조,손대지 않음 (원본과 표기만 다름),2026-09-18
TH0261(N),msds-009,pdf/01_ 도장/KCC/KCC_MSDS_TH0261(N).pdf,3,67-64-1,로페인 ; 2-프로판옦 ; 프로판옦 ; 다이메틸 폼알데하이드 ;,아세톤[VOCs 면제물질],원본과 대조,손대지 않음 (원본과 표기만 다름),2026-09-18
TH0261(N),msds-009,pdf/01_ 도장/KCC/KCC_MSDS_TH0261(N).pdf,3,108-88-3,톣루엔,톨루엔,원본과 대조,손대지 않음 (원본과 표기만 다름),2026-09-18
TH0261(N),msds-009,pdf/01_ 도장/KCC/KCC_MSDS_TH0261(N).pdf,3,141-78-6,에스터 ; 에틸 에스터 ; 에틸 에타노에이트 ; 비네가 나프,아세트산 에틸,원본과 대조,손대지 않음 (원본과 표기만 다름),2026-09-18
TH0261(N),msds-009,pdf/01_ 도장/KCC/KCC_MSDS_TH0261(N).pdf,3,100-41-4,에틸벤젠,에틸벤젠,원본과 대조,손대지 않음 (원본이 그렇게 적음),2026-09-18
TH0261(N),msds-009,pdf/01_ 도장/KCC/KCC_MSDS_TH0261(N).pdf,3,64742-95-6,방향족 경질 나프타 용매 (석유),방향족 경질 나프타 용매(석유),원본과 대조,손대지 않음 (원본이 그렇게 적음),2026-09-18
UT5731-JUG(KIA),msds-010,pdf/01_ 도장/KCC/KCC_MSDS_UT5731-JUG(KIA).pdf,3,123-86-4,n-뷰틸 아세테이트,n-뷰틸 아세테이트,원본과 대조,손대지 않음 (원본이 그렇게 적음),2026-09-18
UT5731-JUG(KIA),msds-010,pdf/01_ 도장/KCC/KCC_MSDS_UT5731-JUG(KIA).pdf,3,1330-20-7,자일렌,자일렌,원본과 대조,손대지 않음 (원본이 그렇게 적음),2026-09-18
UT5731-JUG(KIA),msds-010,pdf/01_ 도장/KCC/KCC_MSDS_UT5731-JUG(KIA).pdf,3,108-88-3,톨루엔,톨루엔,원본과 대조,손대지 않음 (원본이 그렇게 적음),2026-09-18
UT5731-JUG(KIA),msds-010,pdf/01_ 도장/KCC/KCC_MSDS_UT5731-JUG(KIA).pdf,3,7727-43-7,황산 바륨,황산 바륨,원본과 대조,손대지 않음 (원본이 그렇게 적음),2026-09-18
UT5731-JUG(KIA),msds-010,pdf/01_ 도장/KCC/KCC_MSDS_UT5731-JUG(KIA).pdf,3,9004-36-8,셀룰로스 아세테이트 뷰틸레이트,셀룰로스 아세테이트 뷰틸레이트,원본과 대조,손대지 않음 (원본이 그렇게 적음),2026-09-18
UT5731-JUG(KIA),msds-010,pdf/01_ 도장/KCC/KCC_MSDS_UT5731-JUG(KIA).pdf,3,190524-92-6,"Styrene, 2-hydroxyethyl methacrylate,","Styrene, 2-hydroxyethyl methacrylate, methyl methacrylate, methacrylic acid, n- butyl acrylate, diethylaminoethyl methacrylate, n-butyl methacrylate, fumaric acid copolymer with glycidyl neodecanoate",원본과 대조,손대지 않음 (원본이 그렇게 적음),2026-09-18
UT5731-JUG(KIA),msds-010,pdf/01_ 도장/KCC/KCC_MSDS_UT5731-JUG(KIA).pdf,3,108-65-6,프로필렌 글라이콜 모노메틸 에테르 아세트산,프로필렌 글리콜 모노메틸 에테르 아세테이트,원본과 대조,손대지 않음 (원본과 표기만 다름),2026-09-18
UT5731-JUG(KIA),msds-010,pdf/01_ 도장/KCC/KCC_MSDS_UT5731-JUG(KIA).pdf,3,100-41-4,에틸벤젠,에틸벤젠,원본과 대조,손대지 않음 (원본이 그렇게 적음),2026-09-18
UT5731-JUG(KIA),msds-010,pdf/01_ 도장/KCC/KCC_MSDS_UT5731-JUG(KIA).pdf,3,103818-85-5,"Hexane, 1,6-diisocyanato-, homopolymer, 자료없음","Hexane, 1,6-diisocyanato-, homopolymer, di-Et malonate- and Et acetoacetate- blocked",원본과 대조,손대지 않음 (원본이 그렇게 적음),2026-09-18
UT5731-JUG(KIA),msds-010,pdf/01_ 도장/KCC/KCC_MSDS_UT5731-JUG(KIA).pdf,3,7429-90-5,알루미늄,알루미늄,원본과 대조,손대지 않음 (원본이 그렇게 적음),2026-09-18
UT5731-JUG(KIA),msds-010,pdf/01_ 도장/KCC/KCC_MSDS_UT5731-JUG(KIA).pdf,3,64742-82-1,수소탈황된 중질 나프타 (석유),수소탈황된 중질 나프타 (석유),원본과 대조,손대지 않음 (원본이 그렇게 적음),2026-09-18
UT5731-JUG(KIA),msds-010,pdf/01_ 도장/KCC/KCC_MSDS_UT5731-JUG(KIA).pdf,3,13463-67-7,이산화 티타늄,이산화 티타늄,원본과 대조,손대지 않음 (원본이 그렇게 적음),2026-09-18
UT5731-JUG(KIA),msds-010,pdf/01_ 도장/KCC/KCC_MSDS_UT5731-JUG(KIA).pdf,3,142-82-5,n-헵테인,n-헵테인,원본과 대조,손대지 않음 (원본이 그렇게 적음),2026-09-18
UT5731-JUG(KIA),msds-010,pdf/01_ 도장/KCC/KCC_MSDS_UT5731-JUG(KIA).pdf,3,64742-95-6,방향족 경질 나프타 용매 (석유),방향족 경질 나프타 용매(석유),원본과 대조,손대지 않음 (원본이 그렇게 적음),2026-09-18
UT5731-JUG(KIA),msds-010,pdf/01_ 도장/KCC/KCC_MSDS_UT5731-JUG(KIA).pdf,3,108-10-1,4-메틸-2-펜탄온,4-메틸-2-펜탄온,원본과 대조,손대지 않음 (원본이 그렇게 적음),2026-09-18
UT5731-JUG(KIA),msds-010,pdf/01_ 도장/KCC/KCC_MSDS_UT5731-JUG(KIA).pdf,3,64742-81-0,히드로탈황화 케로신,히드로탈황화 케로신,원본과 대조,손대지 않음 (원본이 그렇게 적음),2026-09-18
UT5731-JUG(KIA),msds-010,pdf/01_ 도장/KCC/KCC_MSDS_UT5731-JUG(KIA).pdf,4,1333-86-4,카본 블랙,카본 블랙,원본과 대조,손대지 않음 (원본이 그렇게 적음),2026-09-18
UT5731-KLG(KIA),msds-011,pdf/01_ 도장/KCC/KCC_MSDS_UT5731-KLG(KIA).pdf,3,123-86-4,n-뷰틸 아세테이트,n-뷰틸 아세테이트,원본과 대조,손대지 않음 (원본이 그렇게 적음),2026-09-18
UT5731-KLG(KIA),msds-011,pdf/01_ 도장/KCC/KCC_MSDS_UT5731-KLG(KIA).pdf,3,1330-20-7,자일렌,자일렌,원본과 대조,손대지 않음 (원본이 그렇게 적음),2026-09-18
UT5731-KLG(KIA),msds-011,pdf/01_ 도장/KCC/KCC_MSDS_UT5731-KLG(KIA).pdf,3,108-88-3,톨루엔,톨루엔,원본과 대조,손대지 않음 (원본이 그렇게 적음),2026-09-18
UT5731-KLG(KIA),msds-011,pdf/01_ 도장/KCC/KCC_MSDS_UT5731-KLG(KIA).pdf,3,7429-90-5,알루미늄,알루미늄,원본과 대조,손대지 않음 (원본이 그렇게 적음),2026-09-18
UT5731-KLG(KIA),msds-011,pdf/01_ 도장/KCC/KCC_MSDS_UT5731-KLG(KIA).pdf,3,9004-36-8,셀룰로스 아세테이트 뷰틸레이트,셀룰로스 아세테이트 뷰틸레이트,원본과 대조,손대지 않음 (원본이 그렇게 적음),2026-09-18
UT5731-KLG(KIA),msds-011,pdf/01_ 도장/KCC/KCC_MSDS_UT5731-KLG(KIA).pdf,3,64742-94-5,방향족 중질 나프타 용매 (석유),방향족 중질 나프타 용매(석유),원본과 대조,손대지 않음 (원본이 그렇게 적음),2026-09-18
UT5731-KLG(KIA),msds-011,pdf/01_ 도장/KCC/KCC_MSDS_UT5731-KLG(KIA).pdf,3,100-41-4,에틸벤젠,에틸벤젠,원본과 대조,손대지 않음 (원본이 그렇게 적음),2026-09-18
UT5731-KLG(KIA),msds-011,pdf/01_ 도장/KCC/KCC_MSDS_UT5731-KLG(KIA).pdf,3,64742-95-6,방향족 경질 나프타 용매 (석유),방향족 경질 나프타 용매(석유),원본과 대조,손대지 않음 (원본이 그렇게 적음),2026-09-18
UT5731-KLG(KIA),msds-011,pdf/01_ 도장/KCC/KCC_MSDS_UT5731-KLG(KIA).pdf,3,112-07-2,"2-뷰톡시에탄올, 아세테이트","2-뷰톡시에탄올, 아세테이트",원본과 대조,손대지 않음 (원본이 그렇게 적음),2026-09-18
UT5731-KLG(KIA),msds-011,pdf/01_ 도장/KCC/KCC_MSDS_UT5731-KLG(KIA).pdf,3,64742-82-1,수소탈황된 중질 나프타 (석유),수소탈황된 중질 나프타 (석유),원본과 대조,손대지 않음 (원본이 그렇게 적음),2026-09-18
UT5731-KLG(KIA),msds-011,pdf/01_ 도장/KCC/KCC_MSDS_UT5731-KLG(KIA).pdf,3,103818-85-5,"Hexane, 1,6-diisocyanato-, homopolymer, 자료없음","Hexane, 1,6-diisocyanato-, homopolymer, di-Et malonate- and Et acetoacetate- blocked",원본과 대조,손대지 않음 (원본이 그렇게 적음),2026-09-18
UT5731-KLG(KIA),msds-011,pdf/01_ 도장/KCC/KCC_MSDS_UT5731-KLG(KIA).pdf,3,108-65-6,프로필렌 글라이콜 모노메틸 에테르 아세트산,프로필렌 글리콜 모노메틸 에테르 아세테이트,원본과 대조,손대지 않음 (원본과 표기만 다름),2026-09-18
UT5731-KLG(KIA),msds-011,pdf/01_ 도장/KCC/KCC_MSDS_UT5731-KLG(KIA).pdf,3,190524-92-6,"Styrene, 2-hydroxyethyl methacrylate,","Styrene, 2-hydroxyethyl methacrylate, methyl methacrylate, methacrylic acid, n- butyl acrylate, diethylaminoethyl methacrylate, n-butyl methacrylate, fumaric acid copolymer with glycidyl neodecanoate",원본과 대조,손대지 않음 (원본이 그렇게 적음),2026-09-18
UT5731-KLG(KIA),msds-011,pdf/01_ 도장/KCC/KCC_MSDS_UT5731-KLG(KIA).pdf,4,142-82-5,n-헵테인,n-헵테인,원본과 대조,손대지 않음 (원본이 그렇게 적음),2026-09-18
UT5731-KLG(KIA),msds-011,pdf/01_ 도장/KCC/KCC_MSDS_UT5731-KLG(KIA).pdf,4,141-78-6,아세트산 에틸,아세트산 에틸,원본과 대조,손대지 않음 (원본이 그렇게 적음),2026-09-18
UT5731-KLG(KIA),msds-011,pdf/01_ 도장/KCC/KCC_MSDS_UT5731-KLG(KIA).pdf,4,110-19-0,아이소뷰틸 아세테이트,아이소뷰틸 아세테이트,원본과 대조,손대지 않음 (원본이 그렇게 적음),2026-09-18
UT5731-KLG(KIA),msds-011,pdf/01_ 도장/KCC/KCC_MSDS_UT5731-KLG(KIA).pdf,4,64742-48-9,수소처리된 중질 나프타 (석유),수소처리된 중질 나프타 (석유),원본과 대조,손대지 않음 (원본이 그렇게 적음),2026-09-18
UT5731-KLG(KIA),msds-011,pdf/01_ 도장/KCC/KCC_MSDS_UT5731-KLG(KIA).pdf,4,64742-81-0,히드로탈황화 케로신,히드로탈황화 케로신,원본과 대조,손대지 않음 (원본이 그렇게 적음),2026-09-18
UT5731-KLG(KIA),msds-011,pdf/01_ 도장/KCC/KCC_MSDS_UT5731-KLG(KIA).pdf,4,108-10-1,4-메틸-2-펜탄온,4-메틸-2-펜탄온,원본과 대조,손대지 않음 (원본이 그렇게 적음),2026-09-18
UT5731-KLG(KIA),msds-011,pdf/01_ 도장/KCC/KCC_MSDS_UT5731-KLG(KIA).pdf,4,1333-86-4,카본 블랙,카본 블랙,원본과 대조,손대지 않음 (원본이 그렇게 적음),2026-09-18
UT5731-SRM(GGM)(FRT),msds-012,pdf/01_ 도장/KCC/KCC_MSDS_UT5731-SRM(GGM)(FRT).pdf,3,123-86-4,n-뷰틸 아세테이트,n-뷰틸 아세테이트,원본과 대조,손대지 않음 (원본이 그렇게 적음),2026-09-18
UT5731-SRM(GGM)(FRT),msds-012,pdf/01_ 도장/KCC/KCC_MSDS_UT5731-SRM(GGM)(FRT).pdf,3,1330-20-7,자일렌,자일렌,원본과 대조,손대지 않음 (원본이 그렇게 적음),2026-09-18
UT5731-SRM(GGM)(FRT),msds-012,pdf/01_ 도장/KCC/KCC_MSDS_UT5731-SRM(GGM)(FRT).pdf,3,108-88-3,톨루엔,톨루엔,원본과 대조,손대지 않음 (원본이 그렇게 적음),2026-09-18
UT5731-SRM(GGM)(FRT),msds-012,pdf/01_ 도장/KCC/KCC_MSDS_UT5731-SRM(GGM)(FRT).pdf,3,9004-36-8,셀룰로스 아세테이트 뷰틸레이트,셀룰로스 아세테이트 뷰틸레이트,원본과 대조,손대지 않음 (원본이 그렇게 적음),2026-09-18
UT5731-SRM(GGM)(FRT),msds-012,pdf/01_ 도장/KCC/KCC_MSDS_UT5731-SRM(GGM)(FRT).pdf,3,190524-92-6,"Styrene, 2-hydroxyethyl methacrylate,","Styrene, 2-hydroxyethyl methacrylate, methyl methacrylate, methacrylic acid, n- butyl acrylate, diethylaminoethyl methacrylate, n-butyl methacrylate, fumaric acid copolymer with glycidyl neodecanoate",원본과 대조,손대지 않음 (원본이 그렇게 적음),2026-09-18
UT5731-SRM(GGM)(FRT),msds-012,pdf/01_ 도장/KCC/KCC_MSDS_UT5731-SRM(GGM)(FRT).pdf,3,108-65-6,프로필렌 글라이콜 모노메틸 에테르 아세트산,프로필렌 글리콜 모노메틸 에테르 아세테이트,원본과 대조,손대지 않음 (원본과 표기만 다름),2026-09-18
UT5731-SRM(GGM)(FRT),msds-012,pdf/01_ 도장/KCC/KCC_MSDS_UT5731-SRM(GGM)(FRT).pdf,3,1309-37-1,삼산화 이철,삼산화 이철,원본과 대조,손대지 않음 (원본이 그렇게 적음),2026-09-18
UT5731-SRM(GGM)(FRT),msds-012,pdf/01_ 도장/KCC/KCC_MSDS_UT5731-SRM(GGM)(FRT).pdf,3,106276-80-6,C.I. 염료 황색 110,C.I. 염료 황색 110,원본과 대조,손대지 않음 (원본이 그렇게 적음),2026-09-18
UT5731-SRM(GGM)(FRT),msds-012,pdf/01_ 도장/KCC/KCC_MSDS_UT5731-SRM(GGM)(FRT).pdf,3,100-41-4,에틸벤젠,에틸벤젠,원본과 대조,손대지 않음 (원본이 그렇게 적음),2026-09-18
UT5731-SRM(GGM)(FRT),msds-012,pdf/01_ 도장/KCC/KCC_MSDS_UT5731-SRM(GGM)(FRT).pdf,3,64742-82-1,수소탈황된 중질 나프타 (석유),수소탈황된 중질 나프타 (석유),원본과 대조,손대지 않음 (원본이 그렇게 적음),2026-09-18
UT5731-SRM(GGM)(FRT),msds-012,pdf/01_ 도장/KCC/KCC_MSDS_UT5731-SRM(GGM)(FRT).pdf,3,141-78-6,아세트산 에틸,아세트산 에틸,원본과 대조,손대지 않음 (원본이 그렇게 적음),2026-09-18
UT5731-SRM(GGM)(FRT),msds-012,pdf/01_ 도장/KCC/KCC_MSDS_UT5731-SRM(GGM)(FRT).pdf,,2028-08-3,,"Hexane, 1,6-diisocyanato-, homopolymer, di-alkyl malonate- and alkyl acetoacetate- blocked, iso-alkyl(C=4-8) alkyl(C=1-5) alkyl(C=4-8) esters",원본과 대조,손대지 않음 (원본에서 못 찾음),2026-09-18
UT5731-SRM(GGM)(FRT),msds-012,pdf/01_ 도장/KCC/KCC_MSDS_UT5731-SRM(GGM)(FRT).pdf,3,7429-90-5,알루미늄,알루미늄,원본과 대조,손대지 않음 (원본이 그렇게 적음),2026-09-18
UT5731-SRM(GGM)(FRT),msds-012,pdf/01_ 도장/KCC/KCC_MSDS_UT5731-SRM(GGM)(FRT).pdf,3,142-82-5,n-헵테인,n-헵테인,원본과 대조,손대지 않음 (원본이 그렇게 적음),2026-09-18
UT5731-SRM(GGM)(FRT),msds-012,pdf/01_ 도장/KCC/KCC_MSDS_UT5731-SRM(GGM)(FRT).pdf,4,127519-17-9,Mixture of branched and linear alkyl(C=7-9)3-[5-tert-Butyl-3-(2H,"Mixture of branched and linear alkyl(C=7-9) ester of [3-(2H-benzotriazol-2-yl)-5-(1,1- dimethylethyl)-4-hydroxyphenyl]propionic acid",원본과 대조,손대지 않음 (원본 줄이 중간에서 잘림),2026-09-18
UT5731-SRM(GGM)(FRT),msds-012,pdf/01_ 도장/KCC/KCC_MSDS_UT5731-SRM(GGM)(FRT).pdf,4,67-63-0,2-프로판올,2-프로판올,원본과 대조,손대지 않음 (원본이 그렇게 적음),2026-09-18
UT5731-SRM(GGM)(FRT),msds-012,pdf/01_ 도장/KCC/KCC_MSDS_UT5731-SRM(GGM)(FRT).pdf,4,108-10-1,4-메틸-2-펜탄온,4-메틸-2-펜탄온,원본과 대조,손대지 않음 (원본이 그렇게 적음),2026-09-18
UT5731-SRM(GGM)(FRT),msds-012,pdf/01_ 도장/KCC/KCC_MSDS_UT5731-SRM(GGM)(FRT).pdf,4,64742-95-6,방향족 경질 나프타 용매 (석유),방향족 경질 나프타 용매(석유),원본과 대조,손대지 않음 (원본이 그렇게 적음),2026-09-18
R-255 경화제(캠스),msds-013,pdf/01_ 도장/NAC(노루오토코팅)/PUB795101 (KR).pdf,4,28182-81-2,폴리(헥사메틸렌,헥사메틸렌 디이소시아네이트 중합체,원본과 대조,손대지 않음 (원본 줄이 중간에서 잘림),2026-09-18
R-255 경화제(캠스),msds-013,pdf/01_ 도장/NAC(노루오토코팅)/PUB795101 (KR).pdf,4,123-86-4,n-뷰틸 아세테이트,n-뷰틸 아세테이트,원본과 대조,손대지 않음 (원본이 그렇게 적음),2026-09-18
R-255 경화제(캠스),msds-013,pdf/01_ 도장/NAC(노루오토코팅)/PUB795101 (KR).pdf,4,1330-20-7,자일렌,자일렌,원본과 대조,손대지 않음 (원본이 그렇게 적음),2026-09-18
R-255 경화제(캠스),msds-013,pdf/01_ 도장/NAC(노루오토코팅)/PUB795101 (KR).pdf,4,108-65-6,노메틸 에테르,프로필렌 글리콜 모노메틸 에테르 아세테이트,원본과 대조,손대지 않음 (원본이 그렇게 적음),2026-09-18
R-255 경화제(캠스),msds-013,pdf/01_ 도장/NAC(노루오토코팅)/PUB795101 (KR).pdf,4,64742-95-6,방향족 경질,방향족 경질 나프타 용매(석유),원본과 대조,손대지 않음 (원본이 그렇게 적음),2026-09-18
R-255 경화제(캠스),msds-013,pdf/01_ 도장/NAC(노루오토코팅)/PUB795101 (KR).pdf,5,100-41-4,에틸벤젠,에틸벤젠,원본과 대조,손대지 않음 (원본이 그렇게 적음),2026-09-18
R-255 경화제(캠스),msds-013,pdf/01_ 도장/NAC(노루오토코팅)/PUB795101 (KR).pdf,5,98-82-8,(1-메틸에틸)벤젠,큐멘(1-메틸에틸벤젠),원본과 대조,손대지 않음 (원본 줄에서 이름 칸을 놓침),2026-09-18
"DR-174 SWP M/BASE (SP2,SK3-CAR)",msds-014,pdf/01_ 도장/NAC(노루오토코팅)/PUJ004751 (KR).pdf,3,1330-20-7,자일렌,자일렌,원본과 대조,손대지 않음 (원본이 그렇게 적음),2026-09-18
"DR-174 SWP M/BASE (SP2,SK3-CAR)",msds-014,pdf/01_ 도장/NAC(노루오토코팅)/PUJ004751 (KR).pdf,3,108-88-3,톨루엔,톨루엔,원본과 대조,손대지 않음 (원본이 그렇게 적음),2026-09-18
"DR-174 SWP M/BASE (SP2,SK3-CAR)",msds-014,pdf/01_ 도장/NAC(노루오토코팅)/PUJ004751 (KR).pdf,3,123-86-4,n-뷰틸 아세테이트,n-뷰틸 아세테이트,원본과 대조,손대지 않음 (원본이 그렇게 적음),2026-09-18
"DR-174 SWP M/BASE (SP2,SK3-CAR)",msds-014,pdf/01_ 도장/NAC(노루오토코팅)/PUJ004751 (KR).pdf,3,51994-93-5,"butyl 2-propenoate, 2","2-Methyl-2-propenoic acid butyl ester polymer with butyl 2-propenoate, 2- hydroxyethyl 2-methyl-2- propenoate and methyl 2- methyl-2-propenoate",원본과 대조,손대지 않음 (원본이 그렇게 적음),2026-09-18
"DR-174 SWP M/BASE (SP2,SK3-CAR)",msds-014,pdf/01_ 도장/NAC(노루오토코팅)/PUJ004751 (KR).pdf,3,141-78-6,아세트산 에틸,아세트산 에틸,원본과 대조,손대지 않음 (원본이 그렇게 적음),2026-09-18
"DR-174 SWP M/BASE (SP2,SK3-CAR)",msds-014,pdf/01_ 도장/NAC(노루오토코팅)/PUJ004751 (KR).pdf,3,100-41-4,에틸벤젠,에틸벤젠,원본과 대조,손대지 않음 (원본이 그렇게 적음),2026-09-18
"DR-174 SWP M/BASE (SP2,SK3-CAR)",msds-014,pdf/01_ 도장/NAC(노루오토코팅)/PUJ004751 (KR).pdf,3,12003-38-2,FLUORPHLOGOPITE,플루오르플로고파이트(합성 운모),원본과 대조,손대지 않음 (원본과 표기만 다름),2026-09-18
"DR-174 SWP M/BASE (SP2,SK3-CAR)",msds-014,pdf/01_ 도장/NAC(노루오토코팅)/PUJ004751 (KR).pdf,3,78-93-3,메틸 에틸 케톤,메틸 에틸 케톤,원본과 대조,손대지 않음 (원본이 그렇게 적음),2026-09-18
"DR-174 SWP M/BASE (SP2,SK3-CAR)",msds-014,pdf/01_ 도장/NAC(노루오토코팅)/PUJ004751 (KR).pdf,3,9004-36-8,셀룰로스 아세테이트 뷰틸레이,셀룰로스 아세테이트 뷰틸레이 트,원본과 대조,손대지 않음 (원본이 그렇게 적음),2026-09-18
"DR-174 SWP M/BASE (SP2,SK3-CAR)",msds-014,pdf/01_ 도장/NAC(노루오토코팅)/PUJ004751 (KR).pdf,3,124-17-4,2-(2-뷰톡시에톡시)에탄올 아,2-(2-뷰톡시에톡시)에탄올 아세테이트,원본과 대조,손대지 않음 (원본이 그렇게 적음),2026-09-18
DR-264 SAW (NE-CAR),msds-015,pdf/01_ 도장/NAC(노루오토코팅)/PUJ005231 (KR).pdf,3,13463-67-7,이산화 티타늄,이산화 티타늄,원본과 대조,손대지 않음 (원본이 그렇게 적음),2026-09-18
DR-264 SAW (NE-CAR),msds-015,pdf/01_ 도장/NAC(노루오토코팅)/PUJ005231 (KR).pdf,3,108-88-3,톨루엔,톨루엔,원본과 대조,손대지 않음 (원본이 그렇게 적음),2026-09-18
DR-264 SAW (NE-CAR),msds-015,pdf/01_ 도장/NAC(노루오토코팅)/PUJ005231 (KR).pdf,3,1330-20-7,자일렌,자일렌,원본과 대조,손대지 않음 (원본이 그렇게 적음),2026-09-18
DR-264 SAW (NE-CAR),msds-015,pdf/01_ 도장/NAC(노루오토코팅)/PUJ005231 (KR).pdf,3,108-65-6,프로필렌 글라이콜 모노메틸,프로필렌 글리콜 모노메틸 에테르 아세테이트,원본과 대조,손대지 않음 (원본과 표기만 다름),2026-09-18
DR-264 SAW (NE-CAR),msds-015,pdf/01_ 도장/NAC(노루오토코팅)/PUJ005231 (KR).pdf,3,51994-93-5,"butyl 2-propenoate, 2","2-Methyl-2-propenoic acid butyl ester polymer with butyl 2-propenoate, 2- hydroxyethyl 2-methyl-2- propenoate and methyl 2- methyl-2-propenoate",원본과 대조,손대지 않음 (원본이 그렇게 적음),2026-09-18
DR-264 SAW (NE-CAR),msds-015,pdf/01_ 도장/NAC(노루오토코팅)/PUJ005231 (KR).pdf,3,141-78-6,아세트산 에틸,아세트산 에틸,원본과 대조,손대지 않음 (원본이 그렇게 적음),2026-09-18
DR-264 SAW (NE-CAR),msds-015,pdf/01_ 도장/NAC(노루오토코팅)/PUJ005231 (KR).pdf,3,25190-06-1,"콜 hydroxypoly(oxy-1,4",폴리테트라메틸렌 에테르 글리 콜,원본과 대조,손대지 않음 (원본 줄이 중간에서 잘림),2026-09-18
DR-264 SAW (NE-CAR),msds-015,pdf/01_ 도장/NAC(노루오토코팅)/PUJ005231 (KR).pdf,3,123-86-4,n-뷰틸 아세테이트,n-뷰틸 아세테이트,원본과 대조,손대지 않음 (원본이 그렇게 적음),2026-09-18
DR-264 SAW (NE-CAR),msds-015,pdf/01_ 도장/NAC(노루오토코팅)/PUJ005231 (KR).pdf,3,100-41-4,에틸벤젠,에틸벤젠,원본과 대조,손대지 않음 (원본이 그렇게 적음),2026-09-18
DR-264 SAW (NE-CAR),msds-015,pdf/01_ 도장/NAC(노루오토코팅)/PUJ005231 (KR).pdf,3,14807-96-6,활석(석면 불포함),활석(석면 불포함),원본과 대조,손대지 않음 (원본이 그렇게 적음),2026-09-18
DR-264 SAW (NE-CAR),msds-015,pdf/01_ 도장/NAC(노루오토코팅)/PUJ005231 (KR).pdf,3,124-17-4,2-(2-뷰톡시에톡시)에탄올 아,2-(2-뷰톡시에톡시)에탄올 아세테이트,원본과 대조,손대지 않음 (원본이 그렇게 적음),2026-09-18
DR-264 SAW (NE-CAR),msds-015,pdf/01_ 도장/NAC(노루오토코팅)/PUJ005231 (KR).pdf,3,21645-51-2,수산화 알루미늄,수산화 알루미늄,원본과 대조,손대지 않음 (원본이 그렇게 적음),2026-09-18
DR-264 SAW (NE-CAR),msds-015,pdf/01_ 도장/NAC(노루오토코팅)/PUJ005231 (KR).pdf,3,7631-86-9,이산화 규소,이산화 규소,원본과 대조,손대지 않음 (원본이 그렇게 적음),2026-09-18
DR-264 SAW (NE-CAR),msds-015,pdf/01_ 도장/NAC(노루오토코팅)/PUJ005231 (KR).pdf,4,64742-95-6,방향족 경질 나프타 용매 (석,방향족 경질 나프타 용매 (석 유),원본과 대조,손대지 않음 (원본 줄이 중간에서 잘림),2026-09-18
"DR-174 FSB (NQ5-CAR, 범퍼용)",msds-016,pdf/01_ 도장/NAC(노루오토코팅)/PUJ005521 (KR).pdf,3,1330-20-7,자일렌,자일렌,원본과 대조,손대지 않음 (원본이 그렇게 적음),2026-09-18
"DR-174 FSB (NQ5-CAR, 범퍼용)",msds-016,pdf/01_ 도장/NAC(노루오토코팅)/PUJ005521 (KR).pdf,3,51994-93-5,"propenoate, 2-hydroxyethyl 2- propenoate, 2","2-Methyl-2-propenoic acid butyl ester polymer with butyl 2- propenoate, 2-hydroxyethyl 2- methyl-2-propenoate and methyl 2-methyl-2-propenoate",원본과 대조,손대지 않음 (원본이 그렇게 적음),2026-09-18
"DR-174 FSB (NQ5-CAR, 범퍼용)",msds-016,pdf/01_ 도장/NAC(노루오토코팅)/PUJ005521 (KR).pdf,4,108-10-1,4-메틸-2-펜탄온,4-메틸-2-펜탄온,원본과 대조,손대지 않음 (원본이 그렇게 적음),2026-09-18
"DR-174 FSB (NQ5-CAR, 범퍼용)",msds-016,pdf/01_ 도장/NAC(노루오토코팅)/PUJ005521 (KR).pdf,4,108-88-3,톨루엔,톨루엔,원본과 대조,손대지 않음 (원본이 그렇게 적음),2026-09-18
"DR-174 FSB (NQ5-CAR, 범퍼용)",msds-016,pdf/01_ 도장/NAC(노루오토코팅)/PUJ005521 (KR).pdf,4,100-41-4,에틸벤젠,에틸벤젠,원본과 대조,손대지 않음 (원본이 그렇게 적음),2026-09-18
"DR-174 FSB (NQ5-CAR, 범퍼용)",msds-016,pdf/01_ 도장/NAC(노루오토코팅)/PUJ005521 (KR).pdf,4,108-65-6,프로필렌 글라이콜 모노메틸 에테,프로필렌 글라이콜 모노메틸 에테 르 아세트산,원본과 대조,손대지 않음 (원본이 그렇게 적음),2026-09-18
"DR-174 FSB (NQ5-CAR, 범퍼용)",msds-016,pdf/01_ 도장/NAC(노루오토코팅)/PUJ005521 (KR).pdf,4,64742-95-6,방향족 경질 나프타 용매 (석유),방향족 경질 나프타 용매(석유),원본과 대조,손대지 않음 (원본이 그렇게 적음),2026-09-18
"DR-174 FSB (NQ5-CAR, 범퍼용)",msds-016,pdf/01_ 도장/NAC(노루오토코팅)/PUJ005521 (KR).pdf,4,124-17-4,이트,2-(2-뷰톡시에톡시)에탄올 아세테 이트,원본과 대조,손대지 않음 (원본 줄에서 이름이 너무 적게 잡힘),2026-09-18
"DR-174 FSB (NQ5-CAR, 범퍼용)",msds-016,pdf/01_ 도장/NAC(노루오토코팅)/PUJ005521 (KR).pdf,4,1333-86-4,카본 블랙,카본 블랙,원본과 대조,손대지 않음 (원본이 그렇게 적음),2026-09-18
"DR-174 FSB (NQ5-CAR, 범퍼용)",msds-016,pdf/01_ 도장/NAC(노루오토코팅)/PUJ005521 (KR).pdf,4,111-76-2,2-뷰톡시에탄올,2-뷰톡시에탄올,원본과 대조,손대지 않음 (원본이 그렇게 적음),2026-09-18
"DR-174 FSB (SK3-PE, 범퍼용)",msds-017,pdf/01_ 도장/NAC(노루오토코팅)/PUJ005731 (KR).pdf,3,1330-20-7,자일렌,자일렌,원본과 대조,손대지 않음 (원본이 그렇게 적음),2026-09-18
"DR-174 FSB (SK3-PE, 범퍼용)",msds-017,pdf/01_ 도장/NAC(노루오토코팅)/PUJ005731 (KR).pdf,3,108-88-3,톨루엔,톨루엔,원본과 대조,손대지 않음 (원본이 그렇게 적음),2026-09-18
"DR-174 FSB (SK3-PE, 범퍼용)",msds-017,pdf/01_ 도장/NAC(노루오토코팅)/PUJ005731 (KR).pdf,3,51994-93-5,"propenoate, 2-hydroxyethyl 2-methyl-propenoate, 2","2-Methyl-2-propenoic acid butyl ester polymer with butyl 2- propenoate, 2-hydroxyethyl 2-methyl- 2-propenoate and methyl 2-methyl-2- propenoate",원본과 대조,손대지 않음 (원본이 그렇게 적음),2026-09-18
"DR-174 FSB (SK3-PE, 범퍼용)",msds-017,pdf/01_ 도장/NAC(노루오토코팅)/PUJ005731 (KR).pdf,3,100-41-4,에틸벤젠,에틸벤젠,원본과 대조,손대지 않음 (원본이 그렇게 적음),2026-09-18
"DR-174 FSB (SK3-PE, 범퍼용)",msds-017,pdf/01_ 도장/NAC(노루오토코팅)/PUJ005731 (KR).pdf,4,108-10-1,4-메틸-2-펜탄온,4-메틸-2-펜탄온,원본과 대조,손대지 않음 (원본이 그렇게 적음),2026-09-18
"DR-174 FSB (SK3-PE, 범퍼용)",msds-017,pdf/01_ 도장/NAC(노루오토코팅)/PUJ005731 (KR).pdf,4,108-65-6,세트산,프로필렌 글라이콜 모노메틸 에테르 아 세트산,원본과 대조,손대지 않음 (지금 이름의 뒷부분만 잡힘),2026-09-18
"DR-174 FSB (SK3-PE, 범퍼용)",msds-017,pdf/01_ 도장/NAC(노루오토코팅)/PUJ005731 (KR).pdf,4,64742-95-6,방향족 경질 나프타 용매 (석유),방향족 경질 나프타 용매(석유),원본과 대조,손대지 않음 (원본이 그렇게 적음),2026-09-18
"DR-174 FSB (SK3-PE, 범퍼용)",msds-017,pdf/01_ 도장/NAC(노루오토코팅)/PUJ005731 (KR).pdf,4,123-86-4,n-뷰틸 아세테이트,n-뷰틸 아세테이트,원본과 대조,손대지 않음 (원본이 그렇게 적음),2026-09-18
"DR-174 FSB (SK3-PE, 범퍼용)",msds-017,pdf/01_ 도장/NAC(노루오토코팅)/PUJ005731 (KR).pdf,4,141-78-6,아세트산 에틸,아세트산 에틸,원본과 대조,손대지 않음 (원본이 그렇게 적음),2026-09-18
"DR-174 FSB (SK3-PE, 범퍼용)",msds-017,pdf/01_ 도장/NAC(노루오토코팅)/PUJ005731 (KR).pdf,4,1333-86-4,카본 블랙,카본 블랙,원본과 대조,손대지 않음 (원본이 그렇게 적음),2026-09-18
"DR-174 FSB (SK3-PE, 범퍼용)",msds-017,pdf/01_ 도장/NAC(노루오토코팅)/PUJ005731 (KR).pdf,4,78-93-3,메틸 에틸 케톤,메틸 에틸 케톤,원본과 대조,손대지 않음 (원본이 그렇게 적음),2026-09-18
"DR-174 FSB (SK3-PE, 범퍼용)",msds-017,pdf/01_ 도장/NAC(노루오토코팅)/PUJ005731 (KR).pdf,4,111-76-2,2-뷰톡시에탄올,2-뷰톡시에탄올,원본과 대조,손대지 않음 (원본이 그렇게 적음),2026-09-18
DR-174 C7A(NQ5 PE-CAR),msds-018,pdf/01_ 도장/NAC(노루오토코팅)/PUJ007641 (KR).pdf,3,1330-20-7,자일렌,자일렌,원본과 대조,손대지 않음 (원본이 그렇게 적음),2026-09-18
DR-174 C7A(NQ5 PE-CAR),msds-018,pdf/01_ 도장/NAC(노루오토코팅)/PUJ007641 (KR).pdf,3,108-88-3,톨루엔,톨루엔,원본과 대조,손대지 않음 (원본이 그렇게 적음),2026-09-18
DR-174 C7A(NQ5 PE-CAR),msds-018,pdf/01_ 도장/NAC(노루오토코팅)/PUJ007641 (KR).pdf,3,13463-67-7,이산화 티타늄,이산화 티타늄,원본과 대조,손대지 않음 (원본이 그렇게 적음),2026-09-18
DR-174 C7A(NQ5 PE-CAR),msds-018,pdf/01_ 도장/NAC(노루오토코팅)/PUJ007641 (KR).pdf,3,51994-93-5,hydroxyethyl 2-methyl-2,"2-Methyl-2-propenoic acid butyl ester polymer with butyl 2-propenoate, 2- hydroxyethyl 2-methyl-2- propenoate and methyl 2- methyl-2-propenoate",원본과 대조,손대지 않음 (원본과 표기만 다름),2026-09-18
DR-174 C7A(NQ5 PE-CAR),msds-018,pdf/01_ 도장/NAC(노루오토코팅)/PUJ007641 (KR).pdf,3,100-41-4,에틸벤젠,에틸벤젠,원본과 대조,손대지 않음 (원본이 그렇게 적음),2026-09-18
DR-174 C7A(NQ5 PE-CAR),msds-018,pdf/01_ 도장/NAC(노루오토코팅)/PUJ007641 (KR).pdf,3,141-78-6,아세트산 에틸,아세트산 에틸,원본과 대조,손대지 않음 (원본이 그렇게 적음),2026-09-18
DR-174 C7A(NQ5 PE-CAR),msds-018,pdf/01_ 도장/NAC(노루오토코팅)/PUJ007641 (KR).pdf,4,123-86-4,n-뷰틸 아세테이트,n-뷰틸 아세테이트,원본과 대조,손대지 않음 (원본이 그렇게 적음),2026-09-18
DR-174 C7A(NQ5 PE-CAR),msds-018,pdf/01_ 도장/NAC(노루오토코팅)/PUJ007641 (KR).pdf,4,78-93-3,메틸 에틸 케톤,메틸 에틸 케톤,원본과 대조,손대지 않음 (원본이 그렇게 적음),2026-09-18
DR-174 C7A(NQ5 PE-CAR),msds-018,pdf/01_ 도장/NAC(노루오토코팅)/PUJ007641 (KR).pdf,4,108-65-6,프로필렌 글라이콜 모노메틸 에,프로필렌 글라이콜 모노메틸 에 테르 아세트산,원본과 대조,손대지 않음 (원본이 그렇게 적음),2026-09-18
DR-174 C7A(NQ5 PE-CAR),msds-018,pdf/01_ 도장/NAC(노루오토코팅)/PUJ007641 (KR).pdf,4,108-10-1,4-메틸-2-펜탄온,4-메틸-2-펜탄온,원본과 대조,손대지 않음 (원본이 그렇게 적음),2026-09-18
DR-174 C7A(NQ5 PE-CAR),msds-018,pdf/01_ 도장/NAC(노루오토코팅)/PUJ007641 (KR).pdf,4,111-76-2,2-뷰톡시에탄올,2-뷰톡시에탄올,원본과 대조,손대지 않음 (원본이 그렇게 적음),2026-09-18
DR-174 C7A(NQ5 PE-CAR),msds-018,pdf/01_ 도장/NAC(노루오토코팅)/PUJ007641 (KR).pdf,4,64742-81-0,히드로탈황화 케로신,히드로탈황화 케로신,원본과 대조,손대지 않음 (원본이 그렇게 적음),2026-09-18
DR-174 C7A(NQ5 PE-CAR),msds-018,pdf/01_ 도장/NAC(노루오토코팅)/PUJ007641 (KR).pdf,4,1333-86-4,카본 블랙,카본 블랙,원본과 대조,손대지 않음 (원본이 그렇게 적음),2026-09-18
DR-164 HRB(NQ5 PE-CAR),msds-019,pdf/01_ 도장/NAC(노루오토코팅)/PUJ007651 (KR).pdf,3,108-88-3,톨루엔,톨루엔 Toluene,원본과 대조,손대지 않음 (원본이 그렇게 적음),2026-09-18
DR-164 HRB(NQ5 PE-CAR),msds-019,pdf/01_ 도장/NAC(노루오토코팅)/PUJ007651 (KR).pdf,3,13463-67-7,이산화 티타늄,이산화 티타늄 Titanium dioxide,원본과 대조,손대지 않음 (원본이 그렇게 적음),2026-09-18
DR-164 HRB(NQ5 PE-CAR),msds-019,pdf/01_ 도장/NAC(노루오토코팅)/PUJ007651 (KR).pdf,3,1330-20-7,자일렌,자일렌 Xylene,원본과 대조,손대지 않음 (원본이 그렇게 적음),2026-09-18
DR-164 HRB(NQ5 PE-CAR),msds-019,pdf/01_ 도장/NAC(노루오토코팅)/PUJ007651 (KR).pdf,3,123-86-4,n-뷰틸 아세테이트,n-뷰틸 아세테이트 n-Butyl acetate,원본과 대조,손대지 않음 (원본이 그렇게 적음),2026-09-18
DR-164 HRB(NQ5 PE-CAR),msds-019,pdf/01_ 도장/NAC(노루오토코팅)/PUJ007651 (KR).pdf,3,141-78-6,아세트산 에틸,아세트산 에틸,원본과 대조,손대지 않음 (원본이 그렇게 적음),2026-09-18
DR-164 HRB(NQ5 PE-CAR),msds-019,pdf/01_ 도장/NAC(노루오토코팅)/PUJ007651 (KR).pdf,3,100-41-4,에틸벤젠,에틸벤젠 Ethylbenzene,원본과 대조,손대지 않음 (원본이 그렇게 적음),2026-09-18
DR-164 HRB(NQ5 PE-CAR),msds-019,pdf/01_ 도장/NAC(노루오토코팅)/PUJ007651 (KR).pdf,3,108-10-1,4-메틸-2-펜탄온,4-메틸-2-펜탄온,원본과 대조,손대지 않음 (원본이 그렇게 적음),2026-09-18
DR-164 HRB(NQ5 PE-CAR),msds-019,pdf/01_ 도장/NAC(노루오토코팅)/PUJ007651 (KR).pdf,3,1333-86-4,카본 블랙,카본 블랙 Carbon black,원본과 대조,손대지 않음 (원본이 그렇게 적음),2026-09-18
DR-174 GBG (SP3-CAR),msds-020,pdf/01_ 도장/NAC(노루오토코팅)/PUJ008761 (KR).pdf,3,1330-20-7,자일렌,자일렌 Xylene,원본과 대조,손대지 않음 (원본이 그렇게 적음),2026-09-18
DR-174 GBG (SP3-CAR),msds-020,pdf/01_ 도장/NAC(노루오토코팅)/PUJ008761 (KR).pdf,3,108-88-3,톨루엔,톨루엔 Toluene,원본과 대조,손대지 않음 (원본이 그렇게 적음),2026-09-18
DR-174 GBG (SP3-CAR),msds-020,pdf/01_ 도장/NAC(노루오토코팅)/PUJ008761 (KR).pdf,4,100-41-4,에틸벤젠,에틸벤젠 Ethylbenzene,원본과 대조,손대지 않음 (원본이 그렇게 적음),2026-09-18
DR-174 GBG (SP3-CAR),msds-020,pdf/01_ 도장/NAC(노루오토코팅)/PUJ008761 (KR).pdf,4,141-78-6,아세트산 에틸,아세트산 에틸 Acetic acid ethyl ester,원본과 대조,손대지 않음 (원본이 그렇게 적음),2026-09-18
DR-174 GBG (SP3-CAR),msds-020,pdf/01_ 도장/NAC(노루오토코팅)/PUJ008761 (KR).pdf,4,7429-90-5,알루미늄,알루미늄 Aluminium,원본과 대조,손대지 않음 (원본이 그렇게 적음),2026-09-18
DR-174 GBG (SP3-CAR),msds-020,pdf/01_ 도장/NAC(노루오토코팅)/PUJ008761 (KR).pdf,4,123-86-4,n-뷰틸 아세테이트,n-뷰틸 아세테이트 n-Butyl acetate,원본과 대조,손대지 않음 (원본이 그렇게 적음),2026-09-18
DR-174 GBG (SP3-CAR),msds-020,pdf/01_ 도장/NAC(노루오토코팅)/PUJ008761 (KR).pdf,4,13463-67-7,이산화 티타늄,이산화 티타늄 Titanium dioxide,원본과 대조,손대지 않음 (원본이 그렇게 적음),2026-09-18
DR-174 GBG (SP3-CAR),msds-020,pdf/01_ 도장/NAC(노루오토코팅)/PUJ008761 (KR).pdf,4,78-93-3,메틸 에틸 케톤,메틸 에틸 케톤 Methyl Ethyl Ketone,원본과 대조,손대지 않음 (원본이 그렇게 적음),2026-09-18
DR-174 GBG (SP3-CAR),msds-020,pdf/01_ 도장/NAC(노루오토코팅)/PUJ008761 (KR).pdf,4,108-10-1,4-메틸-2-펜탄온,4-메틸-2-펜탄온 4-Methyl-2-pentanone,원본과 대조,손대지 않음 (원본이 그렇게 적음),2026-09-18
DR-174 GBG (SP3-CAR),msds-020,pdf/01_ 도장/NAC(노루오토코팅)/PUJ008761 (KR).pdf,4,108-65-6,프로필렌 글라이콜 모노메틸 에,프로필렌 글리콜 모노메틸 에테르 아세테이트,원본과 대조,손대지 않음 (원본과 표기만 다름),2026-09-18
DR-174 GBG (SP3-CAR),msds-020,pdf/01_ 도장/NAC(노루오토코팅)/PUJ008761 (KR).pdf,4,111-76-2,2-뷰톡시에탄올,2-뷰톡시에탄올 2-Butoxyethanol,원본과 대조,손대지 않음 (원본이 그렇게 적음),2026-09-18
DR-174 GBG (SP3-CAR),msds-020,pdf/01_ 도장/NAC(노루오토코팅)/PUJ008761 (KR).pdf,4,64742-48-9,"수소처리된 중질 나프타 (석유) Naphtha (petroleum),",수소처리된 중질 나프타 (석유),원본과 대조,손대지 않음 (원본이 그렇게 적음),2026-09-18
DR-174 GBG (SP3-CAR),msds-020,pdf/01_ 도장/NAC(노루오토코팅)/PUJ008761 (KR).pdf,4,64742-81-0,히드로탈황화 케로신,히드로탈황화 케로신,원본과 대조,손대지 않음 (원본이 그렇게 적음),2026-09-18
DR-164 1D (SK3),msds-021,pdf/01_ 도장/NAC(노루오토코팅)/PUJ030001 (KR).pdf,3,13463-67-7,이산화 티타늄,이산화 티타늄 Titanium dioxide,원본과 대조,손대지 않음 (원본이 그렇게 적음),2026-09-18
DR-164 1D (SK3),msds-021,pdf/01_ 도장/NAC(노루오토코팅)/PUJ030001 (KR).pdf,3,108-88-3,톨루엔,톨루엔 Toluene,원본과 대조,손대지 않음 (원본이 그렇게 적음),2026-09-18
DR-164 1D (SK3),msds-021,pdf/01_ 도장/NAC(노루오토코팅)/PUJ030001 (KR).pdf,3,1330-20-7,자일렌,자일렌 Xylene,원본과 대조,손대지 않음 (원본이 그렇게 적음),2026-09-18
DR-164 1D (SK3),msds-021,pdf/01_ 도장/NAC(노루오토코팅)/PUJ030001 (KR).pdf,3,123-86-4,n-뷰틸 아세테이트,n-뷰틸 아세테이트 n-Butyl acetate,원본과 대조,손대지 않음 (원본이 그렇게 적음),2026-09-18
DR-164 1D (SK3),msds-021,pdf/01_ 도장/NAC(노루오토코팅)/PUJ030001 (KR).pdf,3,21645-51-2,수산화 알루미늄,수산화 알루미늄,원본과 대조,손대지 않음 (원본이 그렇게 적음),2026-09-18
DR-164 1D (SK3),msds-021,pdf/01_ 도장/NAC(노루오토코팅)/PUJ030001 (KR).pdf,3,7631-86-9,이산화 규소,이산화 규소 Silicon dioxide,원본과 대조,손대지 않음 (원본이 그렇게 적음),2026-09-18
DR-164 1D (SK3),msds-021,pdf/01_ 도장/NAC(노루오토코팅)/PUJ030001 (KR).pdf,3,100-41-4,에틸벤젠,에틸벤젠 Ethylbenzene,원본과 대조,손대지 않음 (원본이 그렇게 적음),2026-09-18
DR-164 UD (QL-CAR),msds-022,pdf/01_ 도장/NAC(노루오토코팅)/PUJ042701 (KR).pdf,3,13463-67-7,이산화 티타늄,이산화 티타늄 Titanium dioxide,원본과 대조,손대지 않음 (원본이 그렇게 적음),2026-09-18
DR-164 UD (QL-CAR),msds-022,pdf/01_ 도장/NAC(노루오토코팅)/PUJ042701 (KR).pdf,3,108-88-3,톨루엔,톨루엔 Toluene,원본과 대조,손대지 않음 (원본이 그렇게 적음),2026-09-18
DR-164 UD (QL-CAR),msds-022,pdf/01_ 도장/NAC(노루오토코팅)/PUJ042701 (KR).pdf,3,1330-20-7,자일렌,자일렌 Xylene,원본과 대조,손대지 않음 (원본이 그렇게 적음),2026-09-18
DR-164 UD (QL-CAR),msds-022,pdf/01_ 도장/NAC(노루오토코팅)/PUJ042701 (KR).pdf,3,141-78-6,아세트산 에틸,아세트산 에틸,원본과 대조,손대지 않음 (원본이 그렇게 적음),2026-09-18
DR-164 UD (QL-CAR),msds-022,pdf/01_ 도장/NAC(노루오토코팅)/PUJ042701 (KR).pdf,3,123-86-4,n-뷰틸 아세테이트,n-뷰틸 아세테이트 n-Butyl acetate,원본과 대조,손대지 않음 (원본이 그렇게 적음),2026-09-18
DR-164 UD (QL-CAR),msds-022,pdf/01_ 도장/NAC(노루오토코팅)/PUJ042701 (KR).pdf,3,100-41-4,에틸벤젠,에틸벤젠 Ethylbenzene,원본과 대조,손대지 않음 (원본이 그렇게 적음),2026-09-18
DR-164 UD (QL-CAR),msds-022,pdf/01_ 도장/NAC(노루오토코팅)/PUJ042701 (KR).pdf,3,14807-96-6,활석(석면 불포함),활석(석면 불포함),원본과 대조,손대지 않음 (원본이 그렇게 적음),2026-09-18
DR-164 UD (QL-CAR),msds-022,pdf/01_ 도장/NAC(노루오토코팅)/PUJ042701 (KR).pdf,3,7631-86-9,이산화 규소,이산화 규소 Silicon dioxide,원본과 대조,손대지 않음 (원본이 그렇게 적음),2026-09-18
DR-164 UD (QL-CAR),msds-022,pdf/01_ 도장/NAC(노루오토코팅)/PUJ042701 (KR).pdf,3,21645-51-2,수산화 알루미늄,수산화 알루미늄 Aluminium hydroxide,원본과 대조,손대지 않음 (원본이 그렇게 적음),2026-09-18
T-508 희석제(AIA),msds-023,pdf/01_ 도장/NAC(노루오토코팅)/SG0000021 (KR).pdf,2,78-83-1,아이소뷰탄올,아이소뷰탄올,원본과 대조,손대지 않음 (원본이 그렇게 적음),2026-09-18
T-508 희석제(AIA),msds-023,pdf/01_ 도장/NAC(노루오토코팅)/SG0000021 (KR).pdf,2,108-83-8,"2,6-다이메틸-4-헵탄온","2,6-다이메틸-4-헵탄온",원본과 대조,손대지 않음 (원본이 그렇게 적음),2026-09-18
TA-619 PRIMER 희석제,msds-024,pdf/01_ 도장/NAC(노루오토코팅)/SG3010101 (KR).pdf,4,108-88-3,톨루엔,톨루엔,원본과 대조,손대지 않음 (원본이 그렇게 적음),2026-09-18
TA-619 PRIMER 희석제,msds-024,pdf/01_ 도장/NAC(노루오토코팅)/SG3010101 (KR).pdf,4,64742-95-6,방향족,방향족 경질 나프타 용매(석유),원본과 대조,손대지 않음 (원본이 그렇게 적음),2026-09-18
TA-619 PRIMER 희석제,msds-024,pdf/01_ 도장/NAC(노루오토코팅)/SG3010101 (KR).pdf,4,78-93-3,메틸 에틸 케톤,메틸 에틸 케톤,원본과 대조,손대지 않음 (원본이 그렇게 적음),2026-09-18
TA-619 PRIMER 희석제,msds-024,pdf/01_ 도장/NAC(노루오토코팅)/SG3010101 (KR).pdf,4,1330-20-7,자일렌,자일렌,원본과 대조,손대지 않음 (원본이 그렇게 적음),2026-09-18
TA-619 PRIMER 희석제,msds-024,pdf/01_ 도장/NAC(노루오토코팅)/SG3010101 (KR).pdf,4,100-41-4,에틸벤젠,에틸벤젠,원본과 대조,손대지 않음 (원본이 그렇게 적음),2026-09-18
TA-619 PRIMER 희석제,msds-024,pdf/01_ 도장/NAC(노루오토코팅)/SG3010101 (KR).pdf,4,98-82-8,(1-메틸에틸)벤젠,큐멘(1-메틸에틸벤젠),원본과 대조,손대지 않음 (원본 줄에서 이름 칸을 놓침),2026-09-18
TA-618 PRIMER 희석제,msds-025,pdf/01_ 도장/NAC(노루오토코팅)/SG3030401 (KR).pdf,4,108-88-3,톨루엔,톨루엔,원본과 대조,손대지 않음 (원본이 그렇게 적음),2026-09-18
TA-618 PRIMER 희석제,msds-025,pdf/01_ 도장/NAC(노루오토코팅)/SG3030401 (KR).pdf,4,64742-94-5,방향족,방향족 중질 나프타 용매(석유),원본과 대조,손대지 않음 (원본이 그렇게 적음),2026-09-18
TA-618 PRIMER 희석제,msds-025,pdf/01_ 도장/NAC(노루오토코팅)/SG3030401 (KR).pdf,4,64742-95-6,방향족,방향족 경질 나프타 용매(석유),원본과 대조,손대지 않음 (원본이 그렇게 적음),2026-09-18
TA-618 PRIMER 희석제,msds-025,pdf/01_ 도장/NAC(노루오토코팅)/SG3030401 (KR).pdf,4,78-93-3,메틸 에틸 케톤,메틸 에틸 케톤,원본과 대조,손대지 않음 (원본이 그렇게 적음),2026-09-18
TA-618 PRIMER 희석제,msds-025,pdf/01_ 도장/NAC(노루오토코팅)/SG3030401 (KR).pdf,4,108-65-6,노메틸 에테르 아세트 acetate,프로필렌 글리콜 모노메틸 에테르 아세테이트,원본과 대조,손대지 않음 (원본과 표기만 다름),2026-09-18
TA-618 PRIMER 희석제,msds-025,pdf/01_ 도장/NAC(노루오토코팅)/SG3030401 (KR).pdf,4,91-20-3,나프탈렌,나프탈렌,원본과 대조,손대지 않음 (원본이 그렇게 적음),2026-09-18
TA-618 PRIMER 희석제,msds-025,pdf/01_ 도장/NAC(노루오토코팅)/SG3030401 (KR).pdf,4,98-82-8,(1-메틸에틸)벤젠,큐멘(1-메틸에틸벤젠),원본과 대조,손대지 않음 (원본 줄에서 이름 칸을 놓침),2026-09-18
T-803 희석제,msds-026,pdf/01_ 도장/NAC(노루오토코팅)/SG3030501 (KR).pdf,4,1330-20-7,자일렌,자일렌,원본과 대조,손대지 않음 (원본이 그렇게 적음),2026-09-18
T-803 희석제,msds-026,pdf/01_ 도장/NAC(노루오토코팅)/SG3030501 (KR).pdf,4,64742-95-6,방향족 경질,방향족 경질 나프타 용매(석유),원본과 대조,손대지 않음 (원본이 그렇게 적음),2026-09-18
T-803 희석제,msds-026,pdf/01_ 도장/NAC(노루오토코팅)/SG3030501 (KR).pdf,4,64742-94-5,방향족 중질,방향족 중질 나프타 용매(석유),원본과 대조,손대지 않음 (원본이 그렇게 적음),2026-09-18
T-803 희석제,msds-026,pdf/01_ 도장/NAC(노루오토코팅)/SG3030501 (KR).pdf,4,108-65-6,노메틸 에테르 아세트 acetate,프로필렌 글리콜 모노메틸 에테르 아세테이트,원본과 대조,손대지 않음 (원본과 표기만 다름),2026-09-18
T-803 희석제,msds-026,pdf/01_ 도장/NAC(노루오토코팅)/SG3030501 (KR).pdf,4,123-86-4,n-뷰틸 아세테이트,n-뷰틸 아세테이트,원본과 대조,손대지 않음 (원본이 그렇게 적음),2026-09-18
T-803 희석제,msds-026,pdf/01_ 도장/NAC(노루오토코팅)/SG3030501 (KR).pdf,4,100-41-4,에틸벤젠,에틸벤젠,원본과 대조,손대지 않음 (원본이 그렇게 적음),2026-09-18
T-803 희석제,msds-026,pdf/01_ 도장/NAC(노루오토코팅)/SG3030501 (KR).pdf,5,91-20-3,나프탈렌,나프탈렌,원본과 대조,손대지 않음 (원본이 그렇게 적음),2026-09-18
T-803 희석제,msds-026,pdf/01_ 도장/NAC(노루오토코팅)/SG3030501 (KR).pdf,5,98-82-8,(1-메틸에틸)벤젠,큐멘(1-메틸에틸벤젠),원본과 대조,손대지 않음 (원본 줄에서 이름 칸을 놓침),2026-09-18
T-730(P) 희석제,msds-027,pdf/01_ 도장/NAC(노루오토코팅)/SG3031101 (KR).pdf,4,1330-20-7,자일렌,자일렌,원본과 대조,손대지 않음 (원본이 그렇게 적음),2026-09-18
T-730(P) 희석제,msds-027,pdf/01_ 도장/NAC(노루오토코팅)/SG3031101 (KR).pdf,4,64742-95-6,방향족,방향족 경질 나프타 용매(석유),원본과 대조,손대지 않음 (원본이 그렇게 적음),2026-09-18
T-730(P) 희석제,msds-027,pdf/01_ 도장/NAC(노루오토코팅)/SG3031101 (KR).pdf,4,108-88-3,톨루엔,톨루엔,원본과 대조,손대지 않음 (원본이 그렇게 적음),2026-09-18
T-730(P) 희석제,msds-027,pdf/01_ 도장/NAC(노루오토코팅)/SG3031101 (KR).pdf,5,141-78-6,아세트산 에틸,아세트산 에틸,원본과 대조,손대지 않음 (원본이 그렇게 적음),2026-09-18
T-730(P) 희석제,msds-027,pdf/01_ 도장/NAC(노루오토코팅)/SG3031101 (KR).pdf,5,123-86-4,n-뷰틸 아세테이트,n-뷰틸 아세테이트,원본과 대조,손대지 않음 (원본이 그렇게 적음),2026-09-18
T-730(P) 희석제,msds-027,pdf/01_ 도장/NAC(노루오토코팅)/SG3031101 (KR).pdf,5,108-65-6,노메틸 에테르 아세트 acetate,프로필렌 글리콜 모노메틸 에테르 아세테이트,원본과 대조,손대지 않음 (원본과 표기만 다름),2026-09-18
T-730(P) 희석제,msds-027,pdf/01_ 도장/NAC(노루오토코팅)/SG3031101 (KR).pdf,5,100-41-4,에틸벤젠,에틸벤젠,원본과 대조,손대지 않음 (원본이 그렇게 적음),2026-09-18
T-730(P) 희석제,msds-027,pdf/01_ 도장/NAC(노루오토코팅)/SG3031101 (KR).pdf,5,98-82-8,(1-메틸에틸)벤젠,큐멘(1-메틸에틸벤젠),원본과 대조,손대지 않음 (원본 줄에서 이름 칸을 놓침),2026-09-18
T-801 희석제,msds-028,pdf/01_ 도장/NAC(노루오토코팅)/SG3200001 (KR).pdf,4,64742-95-6,방향족 경질,방향족 경질 나프타 용매(석유),원본과 대조,손대지 않음 (원본이 그렇게 적음),2026-09-18
T-801 희석제,msds-028,pdf/01_ 도장/NAC(노루오토코팅)/SG3200001 (KR).pdf,4,1330-20-7,자일렌,자일렌,원본과 대조,손대지 않음 (원본이 그렇게 적음),2026-09-18
T-801 희석제,msds-028,pdf/01_ 도장/NAC(노루오토코팅)/SG3200001 (KR).pdf,4,108-65-6,노메틸 에테르,프로필렌 글리콜 모노메틸 에테르 아세테이트,원본과 대조,손대지 않음 (원본이 그렇게 적음),2026-09-18
T-801 희석제,msds-028,pdf/01_ 도장/NAC(노루오토코팅)/SG3200001 (KR).pdf,4,108-88-3,톨루엔,톨루엔,원본과 대조,손대지 않음 (원본이 그렇게 적음),2026-09-18
T-801 희석제,msds-028,pdf/01_ 도장/NAC(노루오토코팅)/SG3200001 (KR).pdf,5,100-41-4,에틸벤젠,에틸벤젠,원본과 대조,손대지 않음 (원본이 그렇게 적음),2026-09-18
T-801 희석제,msds-028,pdf/01_ 도장/NAC(노루오토코팅)/SG3200001 (KR).pdf,5,123-86-4,n-뷰틸 아세테이트,n-뷰틸 아세테이트,원본과 대조,손대지 않음 (원본이 그렇게 적음),2026-09-18
T-801 희석제,msds-028,pdf/01_ 도장/NAC(노루오토코팅)/SG3200001 (KR).pdf,5,98-82-8,(1-메틸에틸)벤젠,큐멘(1-메틸에틸벤젠),원본과 대조,손대지 않음 (원본 줄에서 이름 칸을 놓침),2026-09-18
T-725 희석제,msds-029,pdf/01_ 도장/NAC(노루오토코팅)/SG3240001 (KR).pdf,3,108-88-3,톨루엔,톨루엔 Toluene,원본과 대조,손대지 않음 (원본이 그렇게 적음),2026-09-18
T-725 희석제,msds-029,pdf/01_ 도장/NAC(노루오토코팅)/SG3240001 (KR).pdf,3,1330-20-7,자일렌,자일렌 Xylene,원본과 대조,손대지 않음 (원본이 그렇게 적음),2026-09-18
T-725 희석제,msds-029,pdf/01_ 도장/NAC(노루오토코팅)/SG3240001 (KR).pdf,3,141-78-6,아세트산 에틸,아세트산 에틸 Acetic acid ethyl ester,원본과 대조,손대지 않음 (원본이 그렇게 적음),2026-09-18
T-725 희석제,msds-029,pdf/01_ 도장/NAC(노루오토코팅)/SG3240001 (KR).pdf,3,64742-95-6,방향족 경질 나프타 용,방향족 경질 나프타 용매(석유),원본과 대조,손대지 않음 (원본이 그렇게 적음),2026-09-18
T-725 희석제,msds-029,pdf/01_ 도장/NAC(노루오토코팅)/SG3240001 (KR).pdf,3,123-86-4,n-뷰틸 아세테이트,n-뷰틸 아세테이트 n-Butyl acetate,원본과 대조,손대지 않음 (원본이 그렇게 적음),2026-09-18
T-725 희석제,msds-029,pdf/01_ 도장/NAC(노루오토코팅)/SG3240001 (KR).pdf,3,100-41-4,에틸벤젠,에틸벤젠 Ethylbenzene,원본과 대조,손대지 않음 (원본이 그렇게 적음),2026-09-18
T-507 희석제,msds-030,pdf/01_ 도장/NAC(노루오토코팅)/SG9001902 (KR).pdf,3,64742-95-6,방향족 경질 나프타 용,방향족 경질 나프타 용매(석유),원본과 대조,손대지 않음 (원본이 그렇게 적음),2026-09-18
T-507 희석제,msds-030,pdf/01_ 도장/NAC(노루오토코팅)/SG9001902 (KR).pdf,3,108-10-1,4-메틸-2-펜탄온,4-메틸-2-펜탄온 4-Methyl-2-pentanone,원본과 대조,손대지 않음 (원본이 그렇게 적음),2026-09-18
T-507 희석제,msds-030,pdf/01_ 도장/NAC(노루오토코팅)/SG9001902 (KR).pdf,3,108-88-3,톨루엔,톨루엔 Toluene,원본과 대조,손대지 않음 (원본이 그렇게 적음),2026-09-18
T-507 희석제,msds-030,pdf/01_ 도장/NAC(노루오토코팅)/SG9001902 (KR).pdf,3,123-86-4,n-뷰틸 아세테이트,n-뷰틸 아세테이트 n-Butyl acetate,원본과 대조,손대지 않음 (원본이 그렇게 적음),2026-09-18
T-507 희석제,msds-030,pdf/01_ 도장/NAC(노루오토코팅)/SG9001902 (KR).pdf,3,1330-20-7,자일렌,자일렌 Xylene,원본과 대조,손대지 않음 (원본이 그렇게 적음),2026-09-18
T-507 희석제,msds-030,pdf/01_ 도장/NAC(노루오토코팅)/SG9001902 (KR).pdf,3,100-41-4,에틸벤젠,에틸벤젠 Ethylbenzene,원본과 대조,손대지 않음 (원본이 그렇게 적음),2026-09-18
RB-194 L/GRAY 프라이머 (CAMS용 희석분),msds-031,pdf/01_ 도장/NAC(노루오토코팅)/PGE007902 (KR).pdf,3,108-88-3,톨루엔,톨루엔,원본과 대조,손대지 않음 (원본이 그렇게 적음),2026-09-18
RB-194 L/GRAY 프라이머 (CAMS용 희석분),msds-031,pdf/01_ 도장/NAC(노루오토코팅)/PGE007902 (KR).pdf,3,1330-20-7,자일렌,자일렌,원본과 대조,손대지 않음 (원본이 그렇게 적음),2026-09-18
RB-194 L/GRAY 프라이머 (CAMS용 희석분),msds-031,pdf/01_ 도장/NAC(노루오토코팅)/PGE007902 (KR).pdf,3,13463-67-7,이산화 티타늄,이산화 티타늄,원본과 대조,손대지 않음 (원본이 그렇게 적음),2026-09-18
RB-194 L/GRAY 프라이머 (CAMS용 희석분),msds-031,pdf/01_ 도장/NAC(노루오토코팅)/PGE007902 (KR).pdf,3,64742-95-6,방향족 경질 나프타 용매 (석유),방향족 경질 나프타 용매(석유),원본과 대조,손대지 않음 (원본이 그렇게 적음),2026-09-18
RB-194 L/GRAY 프라이머 (CAMS용 희석분),msds-031,pdf/01_ 도장/NAC(노루오토코팅)/PGE007902 (KR).pdf,3,68609-36-9,화 물질과의 반응물,"2,5-푸란디온, 폴리프로필렌 및 염소 화 물질과의 반응물",원본과 대조,손대지 않음 (지금 이름의 뒷부분만 잡힘),2026-09-18
RB-194 L/GRAY 프라이머 (CAMS용 희석분),msds-031,pdf/01_ 도장/NAC(노루오토코팅)/PGE007902 (KR).pdf,3,100-41-4,에틸벤젠,에틸벤젠,원본과 대조,손대지 않음 (원본이 그렇게 적음),2026-09-18
RB-194 L/GRAY 프라이머 (CAMS용 희석분),msds-031,pdf/01_ 도장/NAC(노루오토코팅)/PGE007902 (KR).pdf,3,123-86-4,n-뷰틸 아세테이트,n-뷰틸 아세테이트,원본과 대조,손대지 않음 (원본이 그렇게 적음),2026-09-18
RB-194 L/GRAY 프라이머 (CAMS용 희석분),msds-031,pdf/01_ 도장/NAC(노루오토코팅)/PGE007902 (KR).pdf,3,78-93-3,메틸 에틸 케톤,메틸 에틸 케톤,원본과 대조,손대지 않음 (원본이 그렇게 적음),2026-09-18
RB-194 L/GRAY 프라이머 (CAMS용 희석분),msds-031,pdf/01_ 도장/NAC(노루오토코팅)/PGE007902 (KR).pdf,3,14807-96-6,활석(석면 불포함),활석(석면 불포함),원본과 대조,손대지 않음 (원본이 그렇게 적음),2026-09-18
RB-194 D/GRAY 프라이머 (CAMS용 희석분),msds-032,pdf/01_ 도장/NAC(노루오토코팅)/PGE008002 (KR).pdf,5,108-88-3,톨루엔,톨루엔,원본과 대조,손대지 않음 (원본이 그렇게 적음),2026-09-18
RB-194 D/GRAY 프라이머 (CAMS용 희석분),msds-032,pdf/01_ 도장/NAC(노루오토코팅)/PGE008002 (KR).pdf,5,1330-20-7,자일렌,자일렌,원본과 대조,손대지 않음 (원본이 그렇게 적음),2026-09-18
RB-194 D/GRAY 프라이머 (CAMS용 희석분),msds-032,pdf/01_ 도장/NAC(노루오토코팅)/PGE008002 (KR).pdf,5,64742-95-6,"유) (petroleum),",방향족 경질 나프타 용매(석유),원본과 대조,손대지 않음 (원본 줄이 중간에서 잘림),2026-09-18
RB-194 D/GRAY 프라이머 (CAMS용 희석분),msds-032,pdf/01_ 도장/NAC(노루오토코팅)/PGE008002 (KR).pdf,5,78-93-3,메틸 에틸 케톤,메틸 에틸 케톤,원본과 대조,손대지 않음 (원본이 그렇게 적음),2026-09-18
RB-194 D/GRAY 프라이머 (CAMS용 희석분),msds-032,pdf/01_ 도장/NAC(노루오토코팅)/PGE008002 (KR).pdf,5,68609-36-9,및 염소화 물질과의 반응물,"2,5-푸란디온, 폴리프로필렌 및 염소화 물질과의 반응물",원본과 대조,손대지 않음 (지금 이름의 뒷부분만 잡힘),2026-09-18
RB-194 D/GRAY 프라이머 (CAMS용 희석분),msds-032,pdf/01_ 도장/NAC(노루오토코팅)/PGE008002 (KR).pdf,6,13463-67-7,이산화 티타늄,이산화 티타늄,원본과 대조,손대지 않음 (원본이 그렇게 적음),2026-09-18
RB-194 D/GRAY 프라이머 (CAMS용 희석분),msds-032,pdf/01_ 도장/NAC(노루오토코팅)/PGE008002 (KR).pdf,6,123-86-4,n-뷰틸 아세테이트,n-뷰틸 아세테이트,원본과 대조,손대지 않음 (원본이 그렇게 적음),2026-09-18
RB-194 D/GRAY 프라이머 (CAMS용 희석분),msds-032,pdf/01_ 도장/NAC(노루오토코팅)/PGE008002 (KR).pdf,6,100-41-4,에틸벤젠,에틸벤젠,원본과 대조,손대지 않음 (원본이 그렇게 적음),2026-09-18
RB-194 D/GRAY 프라이머 (CAMS용 희석분),msds-032,pdf/01_ 도장/NAC(노루오토코팅)/PGE008002 (KR).pdf,6,14807-96-6,활석(석면 불포함) Talc(Containing,활석(석면 불포함),원본과 대조,손대지 않음 (원본 줄이 중간에서 잘림),2026-09-18
RB-194 D/GRAY 프라이머 (CAMS용 희석분),msds-032,pdf/01_ 도장/NAC(노루오토코팅)/PGE008002 (KR).pdf,6,67-63-0,2-프로판올,2-프로판올,원본과 대조,손대지 않음 (원본이 그렇게 적음),2026-09-18
RB-194 D/GRAY 프라이머 (CAMS용 희석분),msds-032,pdf/01_ 도장/NAC(노루오토코팅)/PGE008002 (KR).pdf,6,1333-86-4,카본 블랙,카본 블랙,원본과 대조,손대지 않음 (원본이 그렇게 적음),2026-09-18
RB-194 D/GRAY 프라이머 (CAMS용 희석분),msds-032,pdf/01_ 도장/NAC(노루오토코팅)/PGE008002 (KR).pdf,6,98-82-8,(1-메틸에틸)벤젠,큐멘(1-메틸에틸벤젠),원본과 대조,손대지 않음 (원본 줄에서 이름 칸을 놓침),2026-09-18
TC-317 세정제(CAMS용),msds-033,pdf/01_ 도장/NAC(노루오토코팅)/SG9007201 (KR).pdf,2,108-88-3,톨루엔,톨루엔,원본과 대조,손대지 않음 (원본이 그렇게 적음),2026-09-18
TC-317 세정제(CAMS용),msds-033,pdf/01_ 도장/NAC(노루오토코팅)/SG9007201 (KR).pdf,2,67-64-1,아세톤,아세톤,원본과 대조,손대지 않음 (원본이 그렇게 적음),2026-09-18
TC-317 세정제(CAMS용),msds-033,pdf/01_ 도장/NAC(노루오토코팅)/SG9007201 (KR).pdf,2,78-93-3,메틸 에틸 케톤,메틸 에틸 케톤,원본과 대조,손대지 않음 (원본이 그렇게 적음),2026-09-18
R-266 CLEAR 개량 (캠스 희석분),msds-035,pdf/01_ 도장/NAC(노루오토코팅)/PUG034691 (KR).pdf,5,1330-20-7,자일렌,자일렌,원본과 대조,손대지 않음 (원본이 그렇게 적음),2026-09-18
R-266 CLEAR 개량 (캠스 희석분),msds-035,pdf/01_ 도장/NAC(노루오토코팅)/PUG034691 (KR).pdf,6,123-86-4,n-뷰틸 아세테이트,n-뷰틸 아세테이트,원본과 대조,손대지 않음 (원본이 그렇게 적음),2026-09-18
R-266 CLEAR 개량 (캠스 희석분),msds-035,pdf/01_ 도장/NAC(노루오토코팅)/PUG034691 (KR).pdf,6,64742-95-6,"방향족 경질 나프타 용매 (석유) (petroleum),",방향족 경질 나프타 용매(석유),원본과 대조,손대지 않음 (원본이 그렇게 적음),2026-09-18
R-266 CLEAR 개량 (캠스 희석분),msds-035,pdf/01_ 도장/NAC(노루오토코팅)/PUG034691 (KR).pdf,6,108-65-6,프로필렌 글라이콜 모노메틸 에 Propylene,프로필렌 글리콜 모노메틸 에테르 아세테이트,원본과 대조,손대지 않음 (원본과 표기만 다름),2026-09-18
R-266 CLEAR 개량 (캠스 희석분),msds-035,pdf/01_ 도장/NAC(노루오토코팅)/PUG034691 (KR).pdf,6,100-41-4,에틸벤젠,에틸벤젠,원본과 대조,손대지 않음 (원본이 그렇게 적음),2026-09-18
R-266 CLEAR 개량 (캠스 희석분),msds-035,pdf/01_ 도장/NAC(노루오토코팅)/PUG034691 (KR).pdf,7,108-83-8,"2,6-다이메틸-4-헵탄온","2,6-다이메틸-4-헵탄온",원본과 대조,손대지 않음 (원본이 그렇게 적음),2026-09-18
R-266 CLEAR 개량 (캠스 희석분),msds-035,pdf/01_ 도장/NAC(노루오토코팅)/PUG034691 (KR).pdf,7,108-88-3,톨루엔,톨루엔,원본과 대조,손대지 않음 (원본이 그렇게 적음),2026-09-18
R-266 CLEAR 개량 (캠스 희석분),msds-035,pdf/01_ 도장/NAC(노루오토코팅)/PUG034691 (KR).pdf,7,98-82-8,(1-메틸에틸)벤젠,큐멘(1-메틸에틸벤젠),원본과 대조,손대지 않음 (원본 줄에서 이름 칸을 놓침),2026-09-18
DR-165 YLC C/BASE(AX1 EV),msds-036,pdf/01_ 도장/NAC(노루오토코팅)/PUG107851 (KR).pdf,3,13463-67-7,이산화 티타늄,이산화 티타늄,원본과 대조,손대지 않음 (원본이 그렇게 적음),2026-09-18
DR-165 YLC C/BASE(AX1 EV),msds-036,pdf/01_ 도장/NAC(노루오토코팅)/PUG107851 (KR).pdf,3,108-88-3,톨루엔,톨루엔,원본과 대조,손대지 않음 (원본이 그렇게 적음),2026-09-18
DR-165 YLC C/BASE(AX1 EV),msds-036,pdf/01_ 도장/NAC(노루오토코팅)/PUG107851 (KR).pdf,3,123-86-4,n-뷰틸 아세테이트,n-뷰틸 아세테이트,원본과 대조,손대지 않음 (원본이 그렇게 적음),2026-09-18
DR-165 YLC C/BASE(AX1 EV),msds-036,pdf/01_ 도장/NAC(노루오토코팅)/PUG107851 (KR).pdf,3,1330-20-7,자일렌,자일렌,원본과 대조,손대지 않음 (원본이 그렇게 적음),2026-09-18
DR-165 YLC C/BASE(AX1 EV),msds-036,pdf/01_ 도장/NAC(노루오토코팅)/PUG107851 (KR).pdf,3,141-78-6,아세트산 에틸,아세트산 에틸,원본과 대조,손대지 않음 (원본이 그렇게 적음),2026-09-18
DR-165 YLC C/BASE(AX1 EV),msds-036,pdf/01_ 도장/NAC(노루오토코팅)/PUG107851 (KR).pdf,3,67-63-0,2-프로판올,2-프로판올,원본과 대조,손대지 않음 (원본이 그렇게 적음),2026-09-18
DR-165 YLC C/BASE(AX1 EV),msds-036,pdf/01_ 도장/NAC(노루오토코팅)/PUG107851 (KR).pdf,3,108-10-1,4-메틸-2-펜탄온,4-메틸-2-펜탄온,원본과 대조,손대지 않음 (원본이 그렇게 적음),2026-09-18
DR-165 YLC C/BASE(AX1 EV),msds-036,pdf/01_ 도장/NAC(노루오토코팅)/PUG107851 (KR).pdf,3,78-83-1,아이소뷰탄올,아이소뷰탄올,원본과 대조,손대지 않음 (원본이 그렇게 적음),2026-09-18
DR-165 YLC C/BASE(AX1 EV),msds-036,pdf/01_ 도장/NAC(노루오토코팅)/PUG107851 (KR).pdf,3,100-41-4,에틸벤젠,에틸벤젠,원본과 대조,손대지 않음 (원본이 그렇게 적음),2026-09-18
DR-165 YLC C/BASE(AX1 EV),msds-036,pdf/01_ 도장/NAC(노루오토코팅)/PUG107851 (KR).pdf,3,7631-86-9,이산화 규소,이산화 규소,원본과 대조,손대지 않음 (원본이 그렇게 적음),2026-09-18
DR-165 YLC C/BASE(AX1 EV),msds-036,pdf/01_ 도장/NAC(노루오토코팅)/PUG107851 (KR).pdf,3,21645-51-2,수산화 알루미늄,수산화 알루미늄,원본과 대조,손대지 않음 (원본이 그렇게 적음),2026-09-18
DR-174 A2B(AX1 PE),msds-037,pdf/01_ 도장/NAC(노루오토코팅)/PUG107861 (KR).pdf,3,1330-20-7,자일렌,자일렌,원본과 대조,손대지 않음 (원본이 그렇게 적음),2026-09-18
DR-174 A2B(AX1 PE),msds-037,pdf/01_ 도장/NAC(노루오토코팅)/PUG107861 (KR).pdf,3,108-88-3,톨루엔,톨루엔,원본과 대조,손대지 않음 (원본이 그렇게 적음),2026-09-18
DR-174 A2B(AX1 PE),msds-037,pdf/01_ 도장/NAC(노루오토코팅)/PUG107861 (KR).pdf,3,51994-93-5,"propenoate, 2-hydroxyethyl 2-methyl- butyl ester","2-Methyl-2-propenoic acid butyl ester polymer with butyl 2- propenoate, 2-hydroxyethyl 2-methyl- 2-propenoate and methyl 2-methyl-2- propenoate",원본과 대조,손대지 않음 (원본이 그렇게 적음),2026-09-18
DR-174 A2B(AX1 PE),msds-037,pdf/01_ 도장/NAC(노루오토코팅)/PUG107861 (KR).pdf,4,100-41-4,에틸벤젠,에틸벤젠,원본과 대조,손대지 않음 (원본이 그렇게 적음),2026-09-18
DR-174 A2B(AX1 PE),msds-037,pdf/01_ 도장/NAC(노루오토코팅)/PUG107861 (KR).pdf,4,108-10-1,4-메틸-2-펜탄온,4-메틸-2-펜탄온,원본과 대조,손대지 않음 (원본이 그렇게 적음),2026-09-18
DR-174 A2B(AX1 PE),msds-037,pdf/01_ 도장/NAC(노루오토코팅)/PUG107861 (KR).pdf,4,141-78-6,아세트산 에틸,아세트산 에틸,원본과 대조,손대지 않음 (원본이 그렇게 적음),2026-09-18
DR-174 A2B(AX1 PE),msds-037,pdf/01_ 도장/NAC(노루오토코팅)/PUG107861 (KR).pdf,4,108-65-6,세트산,프로필렌 글라이콜 모노메틸 에테르 아 세트산,원본과 대조,손대지 않음 (지금 이름의 뒷부분만 잡힘),2026-09-18
DR-174 A2B(AX1 PE),msds-037,pdf/01_ 도장/NAC(노루오토코팅)/PUG107861 (KR).pdf,4,123-86-4,n-뷰틸 아세테이트,n-뷰틸 아세테이트,원본과 대조,손대지 않음 (원본이 그렇게 적음),2026-09-18
DR-174 A2B(AX1 PE),msds-037,pdf/01_ 도장/NAC(노루오토코팅)/PUG107861 (KR).pdf,4,1333-86-4,카본 블랙,카본 블랙,원본과 대조,손대지 않음 (원본이 그렇게 적음),2026-09-18
DR-174 A2B(AX1 PE),msds-037,pdf/01_ 도장/NAC(노루오토코팅)/PUG107861 (KR).pdf,4,78-93-3,메틸 에틸 케톤,메틸 에틸 케톤,원본과 대조,손대지 않음 (원본이 그렇게 적음),2026-09-18
DR-174 A2B(AX1 PE),msds-037,pdf/01_ 도장/NAC(노루오토코팅)/PUG107861 (KR).pdf,4,111-76-2,2-뷰톡시에탄올,2-뷰톡시에탄올,원본과 대조,손대지 않음 (원본이 그렇게 적음),2026-09-18
DR-174 A2B(AX1 PE),msds-037,pdf/01_ 도장/NAC(노루오토코팅)/PUG107861 (KR).pdf,4,13463-67-7,이산화 티타늄,이산화 티타늄,원본과 대조,손대지 않음 (원본이 그렇게 적음),2026-09-18
DR-174 YLC M/BASE(AX1 EV),msds-038,pdf/01_ 도장/NAC(노루오토코팅)/PUG107871 (KR).pdf,3,108-88-3,톨루엔,톨루엔,원본과 대조,손대지 않음 (원본이 그렇게 적음),2026-09-18
DR-174 YLC M/BASE(AX1 EV),msds-038,pdf/01_ 도장/NAC(노루오토코팅)/PUG107871 (KR).pdf,3,1330-20-7,자일렌,자일렌,원본과 대조,손대지 않음 (원본이 그렇게 적음),2026-09-18
DR-174 YLC M/BASE(AX1 EV),msds-038,pdf/01_ 도장/NAC(노루오토코팅)/PUG107871 (KR).pdf,3,51994-93-5,"2-propenoate, 2-hydroxyethyl propenoate, 2","2-Methyl-2-propenoic acid butyl ester polymer with butyl 2-propenoate, 2-hydroxyethyl 2-methyl-2-propenoate and methyl 2-methyl-2-propenoate",원본과 대조,손대지 않음 (원본이 그렇게 적음),2026-09-18
DR-174 YLC M/BASE(AX1 EV),msds-038,pdf/01_ 도장/NAC(노루오토코팅)/PUG107871 (KR).pdf,3,141-78-6,아세트산 에틸,아세트산 에틸,원본과 대조,손대지 않음 (원본이 그렇게 적음),2026-09-18
DR-174 YLC M/BASE(AX1 EV),msds-038,pdf/01_ 도장/NAC(노루오토코팅)/PUG107871 (KR).pdf,3,100-41-4,에틸벤젠,에틸벤젠,원본과 대조,손대지 않음 (원본이 그렇게 적음),2026-09-18
DR-174 YLC M/BASE(AX1 EV),msds-038,pdf/01_ 도장/NAC(노루오토코팅)/PUG107871 (KR).pdf,4,123-86-4,n-뷰틸 아세테이트,n-뷰틸 아세테이트,원본과 대조,손대지 않음 (원본이 그렇게 적음),2026-09-18
DR-174 YLC M/BASE(AX1 EV),msds-038,pdf/01_ 도장/NAC(노루오토코팅)/PUG107871 (KR).pdf,4,108-10-1,4-메틸-2-펜탄온,4-메틸-2-펜탄온,원본과 대조,손대지 않음 (원본이 그렇게 적음),2026-09-18
DR-174 YLC M/BASE(AX1 EV),msds-038,pdf/01_ 도장/NAC(노루오토코팅)/PUG107871 (KR).pdf,4,124-17-4,테이트,2-(2-뷰톡시에톡시)에탄올 아세 테이트,원본과 대조,손대지 않음 (지금 이름의 뒷부분만 잡힘),2026-09-18
DR-174 YLC M/BASE(AX1 EV),msds-038,pdf/01_ 도장/NAC(노루오토코팅)/PUG107871 (KR).pdf,4,25190-06-1,"폴리테트라메틸렌 에테르 글리콜 hydroxypoly(oxy-1,4",폴리테트라메틸렌 에테르 글리콜,원본과 대조,손대지 않음 (원본 줄이 중간에서 잘림),2026-09-18
DR-174 YLC M/BASE(AX1 EV),msds-038,pdf/01_ 도장/NAC(노루오토코팅)/PUG107871 (KR).pdf,4,108-65-6,프로필렌 글라이콜 모노메틸 에,프로필렌 글라이콜 모노메틸 에 테르 아세트산,원본과 대조,손대지 않음 (원본이 그렇게 적음),2026-09-18
DR-174 YLC M/BASE(AX1 EV),msds-038,pdf/01_ 도장/NAC(노루오토코팅)/PUG107871 (KR).pdf,4,13463-67-7,이산화 티타늄,이산화 티타늄,원본과 대조,손대지 않음 (원본이 그렇게 적음),2026-09-18
DR-174 BJG(SP3-CAR),msds-039,pdf/01_ 도장/NAC(노루오토코팅)/PUG124221 (KR).pdf,3,1330-20-7,자일렌,자일렌,원본과 대조,손대지 않음 (원본이 그렇게 적음),2026-09-18
DR-174 BJG(SP3-CAR),msds-039,pdf/01_ 도장/NAC(노루오토코팅)/PUG124221 (KR).pdf,3,108-88-3,톨루엔,톨루엔,원본과 대조,손대지 않음 (원본이 그렇게 적음),2026-09-18
DR-174 BJG(SP3-CAR),msds-039,pdf/01_ 도장/NAC(노루오토코팅)/PUG124221 (KR).pdf,3,51994-93-5,"propenoate, 2-hydroxyethyl 2","2-Methyl-2-propenoic acid butyl ester polymer with butyl 2- propenoate, 2-hydroxyethyl 2- methyl-2-propenoate and methyl 2-methyl-2-propenoate",원본과 대조,손대지 않음 (원본이 그렇게 적음),2026-09-18
DR-174 BJG(SP3-CAR),msds-039,pdf/01_ 도장/NAC(노루오토코팅)/PUG124221 (KR).pdf,3,100-41-4,에틸벤젠,에틸벤젠,원본과 대조,손대지 않음 (원본이 그렇게 적음),2026-09-18
DR-174 BJG(SP3-CAR),msds-039,pdf/01_ 도장/NAC(노루오토코팅)/PUG124221 (KR).pdf,4,141-78-6,아세트산 에틸,아세트산 에틸,원본과 대조,손대지 않음 (원본이 그렇게 적음),2026-09-18
DR-174 BJG(SP3-CAR),msds-039,pdf/01_ 도장/NAC(노루오토코팅)/PUG124221 (KR).pdf,4,123-86-4,n-뷰틸 아세테이트,n-뷰틸 아세테이트,원본과 대조,손대지 않음 (원본이 그렇게 적음),2026-09-18
DR-174 BJG(SP3-CAR),msds-039,pdf/01_ 도장/NAC(노루오토코팅)/PUG124221 (KR).pdf,4,108-10-1,4-메틸-2-펜탄온,4-메틸-2-펜탄온,원본과 대조,손대지 않음 (원본이 그렇게 적음),2026-09-18
DR-174 BJG(SP3-CAR),msds-039,pdf/01_ 도장/NAC(노루오토코팅)/PUG124221 (KR).pdf,4,78-93-3,메틸 에틸 케톤,메틸 에틸 케톤,원본과 대조,손대지 않음 (원본이 그렇게 적음),2026-09-18
DR-174 BJG(SP3-CAR),msds-039,pdf/01_ 도장/NAC(노루오토코팅)/PUG124221 (KR).pdf,4,108-65-6,프로필렌 글라이콜 모노메틸 에테,프로필렌 글라이콜 모노메틸 에테 르 아세트산,원본과 대조,손대지 않음 (원본이 그렇게 적음),2026-09-18
DR-174 BJG(SP3-CAR),msds-039,pdf/01_ 도장/NAC(노루오토코팅)/PUG124221 (KR).pdf,4,1317-80-2,금홍석(이산화 티타늄),금홍석(이산화 티타늄),원본과 대조,손대지 않음 (원본이 그렇게 적음),2026-09-18
DR-174 BJG(SP3-CAR),msds-039,pdf/01_ 도장/NAC(노루오토코팅)/PUG124221 (KR).pdf,4,1333-86-4,카본 블랙,카본 블랙,원본과 대조,손대지 않음 (원본이 그렇게 적음),2026-09-18
DR-174 BJG(SP3-CAR),msds-039,pdf/01_ 도장/NAC(노루오토코팅)/PUG124221 (KR).pdf,4,111-76-2,2-뷰톡시에탄올,2-뷰톡시에탄올,원본과 대조,손대지 않음 (원본이 그렇게 적음),2026-09-18
DR-174 SWP M/BASE(QL-CAR),msds-040,pdf/01_ 도장/NAC(노루오토코팅)/PUJ001951 (KR).pdf,3,1330-20-7,자일렌,자일렌,원본과 대조,손대지 않음 (원본이 그렇게 적음),2026-09-18
DR-174 SWP M/BASE(QL-CAR),msds-040,pdf/01_ 도장/NAC(노루오토코팅)/PUJ001951 (KR).pdf,3,108-88-3,톨루엔,톨루엔,원본과 대조,손대지 않음 (원본이 그렇게 적음),2026-09-18
DR-174 SWP M/BASE(QL-CAR),msds-040,pdf/01_ 도장/NAC(노루오토코팅)/PUJ001951 (KR).pdf,3,51994-93-5,"2-propenoate, 2-hydroxyethyl","2-Methyl-2-propenoic acid butyl ester polymer with butyl 2-propenoate, 2-hydroxyethyl 2-methyl-2-propenoate and methyl 2-methyl-2-propenoate",원본과 대조,손대지 않음 (원본이 그렇게 적음),2026-09-18
DR-174 SWP M/BASE(QL-CAR),msds-040,pdf/01_ 도장/NAC(노루오토코팅)/PUJ001951 (KR).pdf,3,123-86-4,n-뷰틸 아세테이트,n-뷰틸 아세테이트,원본과 대조,손대지 않음 (원본이 그렇게 적음),2026-09-18
DR-174 SWP M/BASE(QL-CAR),msds-040,pdf/01_ 도장/NAC(노루오토코팅)/PUJ001951 (KR).pdf,3,100-41-4,에틸벤젠,에틸벤젠,원본과 대조,손대지 않음 (원본이 그렇게 적음),2026-09-18
DR-174 SWP M/BASE(QL-CAR),msds-040,pdf/01_ 도장/NAC(노루오토코팅)/PUJ001951 (KR).pdf,3,141-78-6,아세트산 에틸,아세트산 에틸,원본과 대조,손대지 않음 (원본이 그렇게 적음),2026-09-18
DR-174 SWP M/BASE(QL-CAR),msds-040,pdf/01_ 도장/NAC(노루오토코팅)/PUJ001951 (KR).pdf,3,12003-38-2,FLUORPHLOGOPITE,플루오르플로고파이트(합성 운모),원본과 대조,손대지 않음 (원본과 표기만 다름),2026-09-18
DR-174 SWP M/BASE(QL-CAR),msds-040,pdf/01_ 도장/NAC(노루오토코팅)/PUJ001951 (KR).pdf,3,78-93-3,메틸 에틸 케톤,메틸 에틸 케톤,원본과 대조,손대지 않음 (원본이 그렇게 적음),2026-09-18
DR-165 SWP C/BASE(QL-CAR 개량),msds-041,pdf/01_ 도장/NAC(노루오토코팅)/PUJ003511 (KR).pdf,3,13463-67-7,이산화 티타늄,이산화 티타늄,원본과 대조,손대지 않음 (원본이 그렇게 적음),2026-09-18
DR-165 SWP C/BASE(QL-CAR 개량),msds-041,pdf/01_ 도장/NAC(노루오토코팅)/PUJ003511 (KR).pdf,3,108-88-3,톨루엔,톨루엔,원본과 대조,손대지 않음 (원본이 그렇게 적음),2026-09-18
DR-165 SWP C/BASE(QL-CAR 개량),msds-041,pdf/01_ 도장/NAC(노루오토코팅)/PUJ003511 (KR).pdf,3,123-86-4,n-뷰틸 아세테이트,n-뷰틸 아세테이트,원본과 대조,손대지 않음 (원본이 그렇게 적음),2026-09-18
DR-165 SWP C/BASE(QL-CAR 개량),msds-041,pdf/01_ 도장/NAC(노루오토코팅)/PUJ003511 (KR).pdf,3,1330-20-7,자일렌,자일렌,원본과 대조,손대지 않음 (원본이 그렇게 적음),2026-09-18
DR-165 SWP C/BASE(QL-CAR 개량),msds-041,pdf/01_ 도장/NAC(노루오토코팅)/PUJ003511 (KR).pdf,3,141-78-6,아세트산 에틸,아세트산 에틸,원본과 대조,손대지 않음 (원본이 그렇게 적음),2026-09-18
DR-165 SWP C/BASE(QL-CAR 개량),msds-041,pdf/01_ 도장/NAC(노루오토코팅)/PUJ003511 (KR).pdf,3,67-63-0,2-프로판올,2-프로판올,원본과 대조,손대지 않음 (원본이 그렇게 적음),2026-09-18
DR-165 SWP C/BASE(QL-CAR 개량),msds-041,pdf/01_ 도장/NAC(노루오토코팅)/PUJ003511 (KR).pdf,3,108-10-1,4-메틸-2-펜탄온,4-메틸-2-펜탄온,원본과 대조,손대지 않음 (원본이 그렇게 적음),2026-09-18
DR-165 SWP C/BASE(QL-CAR 개량),msds-041,pdf/01_ 도장/NAC(노루오토코팅)/PUJ003511 (KR).pdf,3,64742-95-6,방향족 경질 나프타 용매 (석유),방향족 경질 나프타 용매(석유),원본과 대조,손대지 않음 (원본이 그렇게 적음),2026-09-18
DR-165 SWP C/BASE(QL-CAR 개량),msds-041,pdf/01_ 도장/NAC(노루오토코팅)/PUJ003511 (KR).pdf,3,100-41-4,에틸벤젠,에틸벤젠,원본과 대조,손대지 않음 (원본이 그렇게 적음),2026-09-18
DR-165 SWP C/BASE(QL-CAR 개량),msds-041,pdf/01_ 도장/NAC(노루오토코팅)/PUJ003511 (KR).pdf,3,7631-86-9,이산화 규소,이산화 규소,원본과 대조,손대지 않음 (원본이 그렇게 적음),2026-09-18
DR-165 SWP C/BASE(QL-CAR 개량),msds-041,pdf/01_ 도장/NAC(노루오토코팅)/PUJ003511 (KR).pdf,4,21645-51-2,수산화 알루미늄,수산화 알루미늄,원본과 대조,손대지 않음 (원본이 그렇게 적음),2026-09-18
DR-174 M3R (SK3-CAR),msds-042,pdf/01_ 도장/NAC(노루오토코팅)/PUJ003631 (KR).pdf,3,1330-20-7,자일렌,자일렌,원본과 대조,손대지 않음 (원본이 그렇게 적음),2026-09-18
DR-174 M3R (SK3-CAR),msds-042,pdf/01_ 도장/NAC(노루오토코팅)/PUJ003631 (KR).pdf,3,108-88-3,톨루엔,톨루엔,원본과 대조,손대지 않음 (원본이 그렇게 적음),2026-09-18
DR-174 M3R (SK3-CAR),msds-042,pdf/01_ 도장/NAC(노루오토코팅)/PUJ003631 (KR).pdf,3,51994-93-5,hydroxyethyl 2-methyl-2,"2-Methyl-2-propenoic acid butyl ester polymer with butyl 2-propenoate, 2- hydroxyethyl 2-methyl-2- propenoate and methyl 2- methyl-2-propenoate",원본과 대조,손대지 않음 (원본과 표기만 다름),2026-09-18
DR-174 M3R (SK3-CAR),msds-042,pdf/01_ 도장/NAC(노루오토코팅)/PUJ003631 (KR).pdf,4,123-86-4,n-뷰틸 아세테이트,n-뷰틸 아세테이트,원본과 대조,손대지 않음 (원본이 그렇게 적음),2026-09-18
DR-174 M3R (SK3-CAR),msds-042,pdf/01_ 도장/NAC(노루오토코팅)/PUJ003631 (KR).pdf,4,100-41-4,에틸벤젠,에틸벤젠,원본과 대조,손대지 않음 (원본이 그렇게 적음),2026-09-18
DR-174 M3R (SK3-CAR),msds-042,pdf/01_ 도장/NAC(노루오토코팅)/PUJ003631 (KR).pdf,4,108-65-6,프로필렌 글라이콜 모노메틸 에,프로필렌 글라이콜 모노메틸 에 테르 아세트산,원본과 대조,손대지 않음 (원본이 그렇게 적음),2026-09-18
DR-174 M3R (SK3-CAR),msds-042,pdf/01_ 도장/NAC(노루오토코팅)/PUJ003631 (KR).pdf,4,141-78-6,아세트산 에틸,아세트산 에틸,원본과 대조,손대지 않음 (원본이 그렇게 적음),2026-09-18
DR-174 M3R (SK3-CAR),msds-042,pdf/01_ 도장/NAC(노루오토코팅)/PUJ003631 (KR).pdf,4,108-10-1,4-메틸-2-펜탄온,4-메틸-2-펜탄온,원본과 대조,손대지 않음 (원본이 그렇게 적음),2026-09-18
DR-174 M3R (SK3-CAR),msds-042,pdf/01_ 도장/NAC(노루오토코팅)/PUJ003631 (KR).pdf,4,7429-90-5,알루미늄,알루미늄,원본과 대조,손대지 않음 (원본이 그렇게 적음),2026-09-18
DR-174 M3R (SK3-CAR),msds-042,pdf/01_ 도장/NAC(노루오토코팅)/PUJ003631 (KR).pdf,4,78-93-3,메틸 에틸 케톤,메틸 에틸 케톤,원본과 대조,손대지 않음 (원본이 그렇게 적음),2026-09-18
DR-174 M3R (SK3-CAR),msds-042,pdf/01_ 도장/NAC(노루오토코팅)/PUJ003631 (KR).pdf,4,64742-89-8,유),지방족 경질 나프타 용매 (석 유),원본과 대조,손대지 않음 (원본 줄이 중간에서 잘림),2026-09-18
DR-174 M3R (SK3-CAR),msds-042,pdf/01_ 도장/NAC(노루오토코팅)/PUJ003631 (KR).pdf,4,64742-82-1,"수소탈황된 중질 나프타 (석유) Naphtha (petroleum),",수소탈황된 중질 나프타 (석유),원본과 대조,손대지 않음 (원본이 그렇게 적음),2026-09-18
DR-174 M3R (SK3-CAR),msds-042,pdf/01_ 도장/NAC(노루오토코팅)/PUJ003631 (KR).pdf,4,111-76-2,2-뷰톡시에탄올,2-뷰톡시에탄올,원본과 대조,손대지 않음 (원본이 그렇게 적음),2026-09-18
DR-174 M3R (SK3-CAR),msds-042,pdf/01_ 도장/NAC(노루오토코팅)/PUJ003631 (KR).pdf,4,1333-86-4,카본 블랙,카본 블랙,원본과 대조,손대지 않음 (원본이 그렇게 적음),2026-09-18
DR-165 SWP C/BASE (SK3),msds-043,pdf/01_ 도장/NAC(노루오토코팅)/PUJ003891 (KR).pdf,3,13463-67-7,이산화 티타늄,이산화 티타늄,원본과 대조,손대지 않음 (원본이 그렇게 적음),2026-09-18
DR-165 SWP C/BASE (SK3),msds-043,pdf/01_ 도장/NAC(노루오토코팅)/PUJ003891 (KR).pdf,3,108-88-3,톨루엔,톨루엔,원본과 대조,손대지 않음 (원본이 그렇게 적음),2026-09-18
DR-165 SWP C/BASE (SK3),msds-043,pdf/01_ 도장/NAC(노루오토코팅)/PUJ003891 (KR).pdf,3,123-86-4,n-뷰틸 아세테이트,n-뷰틸 아세테이트,원본과 대조,손대지 않음 (원본이 그렇게 적음),2026-09-18
DR-165 SWP C/BASE (SK3),msds-043,pdf/01_ 도장/NAC(노루오토코팅)/PUJ003891 (KR).pdf,3,1330-20-7,자일렌,자일렌,원본과 대조,손대지 않음 (원본이 그렇게 적음),2026-09-18
DR-165 SWP C/BASE (SK3),msds-043,pdf/01_ 도장/NAC(노루오토코팅)/PUJ003891 (KR).pdf,3,141-78-6,아세트산 에틸,아세트산 에틸,원본과 대조,손대지 않음 (원본이 그렇게 적음),2026-09-18
DR-165 SWP C/BASE (SK3),msds-043,pdf/01_ 도장/NAC(노루오토코팅)/PUJ003891 (KR).pdf,3,67-63-0,2-프로판올,2-프로판올,원본과 대조,손대지 않음 (원본이 그렇게 적음),2026-09-18
DR-165 SWP C/BASE (SK3),msds-043,pdf/01_ 도장/NAC(노루오토코팅)/PUJ003891 (KR).pdf,3,108-10-1,4-메틸-2-펜탄온,4-메틸-2-펜탄온,원본과 대조,손대지 않음 (원본이 그렇게 적음),2026-09-18
DR-165 SWP C/BASE (SK3),msds-043,pdf/01_ 도장/NAC(노루오토코팅)/PUJ003891 (KR).pdf,3,100-41-4,에틸벤젠,에틸벤젠,원본과 대조,손대지 않음 (원본이 그렇게 적음),2026-09-18
DR-165 SWP C/BASE (SK3),msds-043,pdf/01_ 도장/NAC(노루오토코팅)/PUJ003891 (KR).pdf,3,21645-51-2,수산화 알루미늄,수산화 알루미늄,원본과 대조,손대지 않음 (원본이 그렇게 적음),2026-09-18
DR-165 SWP C/BASE (SK3),msds-043,pdf/01_ 도장/NAC(노루오토코팅)/PUJ003891 (KR).pdf,3,7631-86-9,이산화 규소,이산화 규소,원본과 대조,손대지 않음 (원본이 그렇게 적음),2026-09-18
DR-165 SWP C/BASE (SK3),msds-043,pdf/01_ 도장/NAC(노루오토코팅)/PUJ003891 (KR).pdf,3,78-83-1,아이소뷰탄올,아이소뷰탄올,원본과 대조,손대지 않음 (원본이 그렇게 적음),2026-09-18
DR-174 KLG(SP2-CAR),msds-044,pdf/01_ 도장/NAC(노루오토코팅)/PUJ004361 (KR).pdf,3,1330-20-7,자일렌,자일렌,원본과 대조,손대지 않음 (원본이 그렇게 적음),2026-09-18
DR-174 KLG(SP2-CAR),msds-044,pdf/01_ 도장/NAC(노루오토코팅)/PUJ004361 (KR).pdf,3,108-88-3,톨루엔,톨루엔,원본과 대조,손대지 않음 (원본이 그렇게 적음),2026-09-18
DR-174 KLG(SP2-CAR),msds-044,pdf/01_ 도장/NAC(노루오토코팅)/PUJ004361 (KR).pdf,3,100-41-4,에틸벤젠,에틸벤젠,원본과 대조,손대지 않음 (원본이 그렇게 적음),2026-09-18
DR-174 KLG(SP2-CAR),msds-044,pdf/01_ 도장/NAC(노루오토코팅)/PUJ004361 (KR).pdf,3,51994-93-5,"butyl 2-propenoate, 2","2-Methyl-2-propenoic acid butyl ester polymer with butyl 2-propenoate, 2- hydroxyethyl 2-methyl-2-",원본과 대조,손대지 않음 (원본이 그렇게 적음),2026-09-18
DR-174 KLG(SP2-CAR),msds-044,pdf/01_ 도장/NAC(노루오토코팅)/PUJ004361 (KR).pdf,4,7429-90-5,알루미늄,알루미늄,원본과 대조,손대지 않음 (원본이 그렇게 적음),2026-09-18
DR-174 KLG(SP2-CAR),msds-044,pdf/01_ 도장/NAC(노루오토코팅)/PUJ004361 (KR).pdf,4,141-78-6,아세트산 에틸,아세트산 에틸,원본과 대조,손대지 않음 (원본이 그렇게 적음),2026-09-18
DR-174 KLG(SP2-CAR),msds-044,pdf/01_ 도장/NAC(노루오토코팅)/PUJ004361 (KR).pdf,4,123-86-4,n-뷰틸 아세테이트,n-뷰틸 아세테이트,원본과 대조,손대지 않음 (원본이 그렇게 적음),2026-09-18
DR-174 KLG(SP2-CAR),msds-044,pdf/01_ 도장/NAC(노루오토코팅)/PUJ004361 (KR).pdf,4,78-93-3,메틸 에틸 케톤,메틸 에틸 케톤,원본과 대조,손대지 않음 (원본이 그렇게 적음),2026-09-18
DR-174 KLG(SP2-CAR),msds-044,pdf/01_ 도장/NAC(노루오토코팅)/PUJ004361 (KR).pdf,4,108-10-1,4-메틸-2-펜탄온,4-메틸-2-펜탄온,원본과 대조,손대지 않음 (원본이 그렇게 적음),2026-09-18
DR-174 KLG(SP2-CAR),msds-044,pdf/01_ 도장/NAC(노루오토코팅)/PUJ004361 (KR).pdf,4,64742-81-0,히드로탈황화 케로신,히드로탈황화 케로신,원본과 대조,손대지 않음 (원본이 그렇게 적음),2026-09-18
DR-174 KLG(SP2-CAR),msds-044,pdf/01_ 도장/NAC(노루오토코팅)/PUJ004361 (KR).pdf,4,111-76-2,2-뷰톡시에탄올,2-뷰톡시에탄올,원본과 대조,손대지 않음 (원본이 그렇게 적음),2026-09-18
DR-174 KLG(SP2-CAR),msds-044,pdf/01_ 도장/NAC(노루오토코팅)/PUJ004361 (KR).pdf,4,1333-86-4,카본 블랙,카본 블랙,원본과 대조,손대지 않음 (원본이 그렇게 적음),2026-09-18
DR-174 KLG(SP2-CAR),msds-044,pdf/01_ 도장/NAC(노루오토코팅)/PUJ004361 (KR).pdf,4,64742-95-6,유),방향족 경질 나프타 용매 (석 유),원본과 대조,손대지 않음 (원본 줄이 중간에서 잘림),2026-09-18
E 201 신나(T802-D0101T),msds-045,pdf/01_ 도장/KNK/E 201 신나 (T802D0101T) .pdf,2,100-41-4,Ethylbenzene,에틸벤젠,원본과 대조,손대지 않음 (원본과 표기만 다름),2026-09-18
E 201 신나(T802-D0101T),msds-045,pdf/01_ 도장/KNK/E 201 신나 (T802D0101T) .pdf,2,108-65-6,Propylene glycol monomethyl ester acetate,프로필렌 글리콜 모노메틸 에테르 아세테이트,원본과 대조,손대지 않음 (원본과 표기만 다름),2026-09-18
E 201 신나(T802-D0101T),msds-045,pdf/01_ 도장/KNK/E 201 신나 (T802D0101T) .pdf,2,108-88-3,Toluene,톨루엔,원본과 대조,손대지 않음 (원본과 표기만 다름),2026-09-18
E 201 신나(T802-D0101T),msds-045,pdf/01_ 도장/KNK/E 201 신나 (T802D0101T) .pdf,2,123-86-4,n-Butyl acetate,n-뷰틸 아세테이트,원본과 대조,손대지 않음 (원본과 표기만 다름),2026-09-18
E 201 신나(T802-D0101T),msds-045,pdf/01_ 도장/KNK/E 201 신나 (T802D0101T) .pdf,2,1330-20-7,Xylene,자일렌,원본과 대조,손대지 않음 (원본과 표기만 다름),2026-09-18
E 201 신나(T802-D0101T),msds-045,pdf/01_ 도장/KNK/E 201 신나 (T802D0101T) .pdf,2,64742-94-5,"Solvent naphtha (petroleum), heavy arom",방향족 중질 나프타 용매(석유),원본과 대조,손대지 않음 (원본과 표기만 다름),2026-09-18
E 201 신나(T802-D0101T),msds-045,pdf/01_ 도장/KNK/E 201 신나 (T802D0101T) .pdf,2,64742-95-6,"Solvent naphtha (petroleum), light arom",방향족 경질 나프타 용매(석유),원본과 대조,손대지 않음 (원본과 표기만 다름),2026-09-18
E 301 신나(T803-D0104T),msds-046,pdf/01_ 도장/KNK/E 301 신나 (T803D0104T).pdf,2,100-41-4,Ethylbenzene,에틸벤젠,원본과 대조,손대지 않음 (원본과 표기만 다름),2026-09-18
E 301 신나(T803-D0104T),msds-046,pdf/01_ 도장/KNK/E 301 신나 (T803D0104T).pdf,2,108-65-6,Propylene glycol monomethyl ester acetate,프로필렌 글리콜 모노메틸 에테르 아세테이트,원본과 대조,손대지 않음 (원본과 표기만 다름),2026-09-18
E 301 신나(T803-D0104T),msds-046,pdf/01_ 도장/KNK/E 301 신나 (T803D0104T).pdf,2,123-86-4,n-Butyl acetate,n-뷰틸 아세테이트,원본과 대조,손대지 않음 (원본과 표기만 다름),2026-09-18
E 301 신나(T803-D0104T),msds-046,pdf/01_ 도장/KNK/E 301 신나 (T803D0104T).pdf,2,1330-20-7,Xylene,자일렌,원본과 대조,손대지 않음 (원본과 표기만 다름),2026-09-18
E 301 신나(T803-D0104T),msds-046,pdf/01_ 도장/KNK/E 301 신나 (T803D0104T).pdf,2,64742-95-6,"Solvent naphtha (petroleum), light arom",방향족 경질 나프타 용매(석유),원본과 대조,손대지 않음 (원본과 표기만 다름),2026-09-18
E 301 신나 [동절용](T803-D0106),msds-047,pdf/01_ 도장/KNK/E 301 신나 (동절용)_T803D0106.pdf,2,100-41-4,Ethylbenzene,에틸벤젠,원본과 대조,손대지 않음 (원본과 표기만 다름),2026-09-18
E 301 신나 [동절용](T803-D0106),msds-047,pdf/01_ 도장/KNK/E 301 신나 (동절용)_T803D0106.pdf,2,108-65-6,Propylene glycol monomethyl ester acetate,프로필렌 글리콜 모노메틸 에테르 아세테이트,원본과 대조,손대지 않음 (원본과 표기만 다름),2026-09-18
E 301 신나 [동절용](T803-D0106),msds-047,pdf/01_ 도장/KNK/E 301 신나 (동절용)_T803D0106.pdf,2,108-88-3,Toluene,톨루엔,원본과 대조,손대지 않음 (원본과 표기만 다름),2026-09-18
E 301 신나 [동절용](T803-D0106),msds-047,pdf/01_ 도장/KNK/E 301 신나 (동절용)_T803D0106.pdf,2,123-86-4,n-Butyl acetate,n-뷰틸 아세테이트,원본과 대조,손대지 않음 (원본과 표기만 다름),2026-09-18
E 301 신나 [동절용](T803-D0106),msds-047,pdf/01_ 도장/KNK/E 301 신나 (동절용)_T803D0106.pdf,2,1330-20-7,Xylene,자일렌,원본과 대조,손대지 않음 (원본과 표기만 다름),2026-09-18
E 301 신나 [동절용](T803-D0106),msds-047,pdf/01_ 도장/KNK/E 301 신나 (동절용)_T803D0106.pdf,2,141-78-6,Acetic acid ethyl ester;Ethyl acetate,아세트산 에틸,원본과 대조,손대지 않음 (원본과 표기만 다름),2026-09-18
E 301 신나 [동절용](T803-D0106),msds-047,pdf/01_ 도장/KNK/E 301 신나 (동절용)_T803D0106.pdf,2,64742-95-6,"Solvent naphtha (petroleum), light arom",방향족 경질 나프타 용매(석유),원본과 대조,손대지 않음 (원본과 표기만 다름),2026-09-18
E 412 신나(T804-D1203T),msds-048,pdf/01_ 도장/KNK/E 412 신나 (T804D1203T).pdf,2,100-41-4,Ethylbenzene,에틸벤젠,원본과 대조,손대지 않음 (원본과 표기만 다름),2026-09-18
E 412 신나(T804-D1203T),msds-048,pdf/01_ 도장/KNK/E 412 신나 (T804D1203T).pdf,2,108-65-6,Propylene glycol monomethyl ester acetate,프로필렌 글리콜 모노메틸 에테르 아세테이트,원본과 대조,손대지 않음 (원본과 표기만 다름),2026-09-18
E 412 신나(T804-D1203T),msds-048,pdf/01_ 도장/KNK/E 412 신나 (T804D1203T).pdf,2,108-88-3,Toluene,톨루엔,원본과 대조,손대지 않음 (원본과 표기만 다름),2026-09-18
E 412 신나(T804-D1203T),msds-048,pdf/01_ 도장/KNK/E 412 신나 (T804D1203T).pdf,2,123-86-4,n-Butyl acetate,n-뷰틸 아세테이트,원본과 대조,손대지 않음 (원본과 표기만 다름),2026-09-18
E 412 신나(T804-D1203T),msds-048,pdf/01_ 도장/KNK/E 412 신나 (T804D1203T).pdf,2,1330-20-7,Xylene,자일렌,원본과 대조,손대지 않음 (원본과 표기만 다름),2026-09-18
E 412 신나(T804-D1203T),msds-048,pdf/01_ 도장/KNK/E 412 신나 (T804D1203T).pdf,2,64742-94-5,"Solvent naphtha (petroleum), heavy arom",방향족 중질 나프타 용매(석유),원본과 대조,손대지 않음 (원본과 표기만 다름),2026-09-18
E 412 신나(T804-D1203T),msds-048,pdf/01_ 도장/KNK/E 412 신나 (T804D1203T).pdf,2,64742-95-6,"Solvent naphtha (petroleum), light arom",방향족 경질 나프타 용매(석유),원본과 대조,손대지 않음 (원본과 표기만 다름),2026-09-18
E 413 신나(T804-D1204T),msds-049,pdf/01_ 도장/KNK/E 413 신나 (T804D1204T).pdf,2,100-41-4,Ethylbenzene,에틸벤젠,원본과 대조,손대지 않음 (원본과 표기만 다름),2026-09-18
E 413 신나(T804-D1204T),msds-049,pdf/01_ 도장/KNK/E 413 신나 (T804D1204T).pdf,2,108-65-6,Propylene glycol monomethyl ester acetate,프로필렌 글리콜 모노메틸 에테르 아세테이트,원본과 대조,손대지 않음 (원본과 표기만 다름),2026-09-18
E 413 신나(T804-D1204T),msds-049,pdf/01_ 도장/KNK/E 413 신나 (T804D1204T).pdf,2,123-86-4,n-Butyl acetate,n-뷰틸 아세테이트,원본과 대조,손대지 않음 (원본과 표기만 다름),2026-09-18
E 413 신나(T804-D1204T),msds-049,pdf/01_ 도장/KNK/E 413 신나 (T804D1204T).pdf,2,1330-20-7,Xylene,자일렌,원본과 대조,손대지 않음 (원본과 표기만 다름),2026-09-18
E 413 신나(T804-D1204T),msds-049,pdf/01_ 도장/KNK/E 413 신나 (T804D1204T).pdf,2,64742-94-5,"Solvent naphtha (petroleum), heavy arom",방향족 중질 나프타 용매(석유),원본과 대조,손대지 않음 (원본과 표기만 다름),2026-09-18
E 413 신나(T804-D1204T),msds-049,pdf/01_ 도장/KNK/E 413 신나 (T804D1204T).pdf,2,64742-95-6,"Solvent naphtha (petroleum), light arom",방향족 경질 나프타 용매(석유),원본과 대조,손대지 않음 (원본과 표기만 다름),2026-09-18
KU 4150KNK (H600-H0554H),msds-050,pdf/01_ 도장/KNK/KU 4150KNK.. (H600-H0554H).pdf,2,100-41-4,Ethylbenzene,에틸벤젠,원본과 대조,손대지 않음 (원본과 표기만 다름),2026-09-18
KU 4150KNK (H600-H0554H),msds-050,pdf/01_ 도장/KNK/KU 4150KNK.. (H600-H0554H).pdf,2,108-65-6,Propylene glycol monomethyl ester acetate,프로필렌 글리콜 모노메틸 에테르 아세테이트,원본과 대조,손대지 않음 (원본과 표기만 다름),2026-09-18
KU 4150KNK (H600-H0554H),msds-050,pdf/01_ 도장/KNK/KU 4150KNK.. (H600-H0554H).pdf,2,123-86-4,n-Butyl acetate,n-뷰틸 아세테이트,원본과 대조,손대지 않음 (원본과 표기만 다름),2026-09-18
KU 4150KNK (H600-H0554H),msds-050,pdf/01_ 도장/KNK/KU 4150KNK.. (H600-H0554H).pdf,2,1330-20-7,Xylene,자일렌,원본과 대조,손대지 않음 (원본과 표기만 다름),2026-09-18
KU 4150KNK (H600-H0554H),msds-050,pdf/01_ 도장/KNK/KU 4150KNK.. (H600-H0554H).pdf,2,28182-81-2,"1,6-Diisocyanatohexane homopolymer",헥사메틸렌 디이소시아네이트 중합체,원본과 대조,손대지 않음 (원본과 표기만 다름),2026-09-18
KU 4150KNK (H600-H0554H),msds-050,pdf/01_ 도장/KNK/KU 4150KNK.. (H600-H0554H).pdf,2,64742-95-6,"Solvent naphtha (petroleum), light arom",방향족 경질 나프타 용매(석유),원본과 대조,손대지 않음 (원본과 표기만 다름),2026-09-18
듀프렉스 그래비티 그레이[MGG](A203-C7071),msds-051,pdf/01_ 도장/KNK/듀프렉스 그래비티 그레이 (MGG) (A203C7071).pdf,2,100-41-4,Ethylbenzene,에틸벤젠,원본과 대조,손대지 않음 (원본과 표기만 다름),2026-09-18
듀프렉스 그래비티 그레이[MGG](A203-C7071),msds-051,pdf/01_ 도장/KNK/듀프렉스 그래비티 그레이 (MGG) (A203C7071).pdf,2,108-10-1,"메틸아이소뷰틸케톤(Methylisobutyl ketone, MIBK)","메틸아이소뷰틸케톤(Methylisobutyl ketone, MIBK)",원본과 대조,손대지 않음 (원본이 그렇게 적음),2026-09-18
듀프렉스 그래비티 그레이[MGG](A203-C7071),msds-051,pdf/01_ 도장/KNK/듀프렉스 그래비티 그레이 (MGG) (A203C7071).pdf,2,108-65-6,프로필렌 글리콜모노메틸에테르 이세트산(PMA),프로필렌 글리콜모노메틸에테르 이세트산(PMA),원본과 대조,손대지 않음 (원본이 그렇게 적음),2026-09-18
듀프렉스 그래비티 그레이[MGG](A203-C7071),msds-051,pdf/01_ 도장/KNK/듀프렉스 그래비티 그레이 (MGG) (A203C7071).pdf,2,108-88-3,톨루엔(Toluene),톨루엔(Toluene),원본과 대조,손대지 않음 (원본이 그렇게 적음),2026-09-18
듀프렉스 그래비티 그레이[MGG](A203-C7071),msds-051,pdf/01_ 도장/KNK/듀프렉스 그래비티 그레이 (MGG) (A203C7071).pdf,2,112-07-2,Butyl cellosolve acetate,"2-뷰톡시에탄올, 아세테이트",원본과 대조,손대지 않음 (원본과 표기만 다름),2026-09-18
듀프렉스 그래비티 그레이[MGG](A203-C7071),msds-051,pdf/01_ 도장/KNK/듀프렉스 그래비티 그레이 (MGG) (A203C7071).pdf,2,12003-38-2,Fluorphlogopite,Fluorphlogopite,원본과 대조,손대지 않음 (원본이 그렇게 적음),2026-09-18
듀프렉스 그래비티 그레이[MGG](A203-C7071),msds-051,pdf/01_ 도장/KNK/듀프렉스 그래비티 그레이 (MGG) (A203C7071).pdf,2,123-86-4,n-뷰틸 아세트산(n-Butyl acetate),n-뷰틸 아세트산(n-Butyl acetate),원본과 대조,손대지 않음 (원본이 그렇게 적음),2026-09-18
듀프렉스 그래비티 그레이[MGG](A203-C7071),msds-051,pdf/01_ 도장/KNK/듀프렉스 그래비티 그레이 (MGG) (A203C7071).pdf,2,1330-20-7,자일렌(Xylene),자일렌(Xylene),원본과 대조,손대지 않음 (원본이 그렇게 적음),2026-09-18
듀프렉스 그래비티 그레이[MGG](A203-C7071),msds-051,pdf/01_ 도장/KNK/듀프렉스 그래비티 그레이 (MGG) (A203C7071).pdf,2,1333-86-4,Carbon black;Acetylene black,카본 블랙,원본과 대조,손대지 않음 (원본과 표기만 다름),2026-09-18
듀프렉스 그래비티 그레이[MGG](A203-C7071),msds-051,pdf/01_ 도장/KNK/듀프렉스 그래비티 그레이 (MGG) (A203C7071).pdf,2,1344-28-1,Aluminium oxide;Alumina,Aluminium oxide;Alumina,원본과 대조,손대지 않음 (원본이 그렇게 적음),2026-09-18
듀프렉스 그래비티 그레이[MGG](A203-C7071),msds-051,pdf/01_ 도장/KNK/듀프렉스 그래비티 그레이 (MGG) (A203C7071).pdf,2,13463-67-7,이산화티타늄(Titanium dioxide),이산화티타늄(Titanium dioxide),원본과 대조,손대지 않음 (원본이 그렇게 적음),2026-09-18
듀프렉스 그래비티 그레이[MGG](A203-C7071),msds-051,pdf/01_ 도장/KNK/듀프렉스 그래비티 그레이 (MGG) (A203C7071).pdf,2,141-78-6,Acetic acid ethyl ester;Ethyl acetate,아세트산 에틸,원본과 대조,손대지 않음 (원본과 표기만 다름),2026-09-18
듀프렉스 그래비티 그레이[MGG](A203-C7071),msds-051,pdf/01_ 도장/KNK/듀프렉스 그래비티 그레이 (MGG) (A203C7071).pdf,2,160798-84-5,Melamine-formaldehyde-alkylmonoalcohol(C=1-12) con,Melamine-formaldehyde-alkylmonoalcohol(C=1-12) con,원본과 대조,손대지 않음 (원본이 그렇게 적음),2026-09-18
듀프렉스 그래비티 그레이[MGG](A203-C7071),msds-051,pdf/01_ 도장/KNK/듀프렉스 그래비티 그레이 (MGG) (A203C7071).pdf,2,36487-02-2,POLYESTER RESIN,POLYESTER RESIN,원본과 대조,손대지 않음 (원본이 그렇게 적음),2026-09-18
듀프렉스 그래비티 그레이[MGG](A203-C7071),msds-051,pdf/01_ 도장/KNK/듀프렉스 그래비티 그레이 (MGG) (A203C7071).pdf,2,55447-58-0,"Hexanedioic acid polymer with hexahydro-1,3-isoben","Hexanedioic acid polymer with hexahydro-1,3-isoben",원본과 대조,손대지 않음 (원본이 그렇게 적음),2026-09-18
듀프렉스 그래비티 그레이[MGG](A203-C7071),msds-051,pdf/01_ 도장/KNK/듀프렉스 그래비티 그레이 (MGG) (A203C7071).pdf,2,64742-95-6,솔벤트나프타 경질방향족화합물( light aromatic),솔벤트나프타 경질방향족화합물( light aromatic),원본과 대조,손대지 않음 (원본이 그렇게 적음),2026-09-18
듀프렉스 그래비티 그레이[MGG](A203-C7071),msds-051,pdf/01_ 도장/KNK/듀프렉스 그래비티 그레이 (MGG) (A203C7071).pdf,2,71-36-3,n-뷰틸 알코올(1-Butanol;n-Butanol),n-뷰틸 알코올(1-Butanol;n-Butanol),원본과 대조,손대지 않음 (원본이 그렇게 적음),2026-09-18
듀프렉스 그래비티 그레이[MGG](A203-C7071),msds-051,pdf/01_ 도장/KNK/듀프렉스 그래비티 그레이 (MGG) (A203C7071).pdf,2,7429-90-5,Aluminium,알루미늄,원본과 대조,손대지 않음 (원본과 표기만 다름),2026-09-18
듀프렉스 그래비티 그레이[MGG](A203-C7071),msds-051,pdf/01_ 도장/KNK/듀프렉스 그래비티 그레이 (MGG) (A203C7071).pdf,2,7727-43-7,"Barium sulfate, natural",황산 바륨,원본과 대조,손대지 않음 (원본과 표기만 다름),2026-09-18
듀프렉스 그래비티 그레이[MGG](A203-C7071),msds-051,pdf/01_ 도장/KNK/듀프렉스 그래비티 그레이 (MGG) (A203C7071).pdf,2,78-83-1,2-Methyl-1-propanol;Isobutanol,아이소뷰탄올,원본과 대조,손대지 않음 (원본과 표기만 다름),2026-09-18
듀프렉스 그래비티 그레이[MGG](A203-C7071),msds-051,pdf/01_ 도장/KNK/듀프렉스 그래비티 그레이 (MGG) (A203C7071).pdf,2,81-77-6,C.I. pigment blue 60,C.I. pigment blue 60,원본과 대조,손대지 않음 (원본이 그렇게 적음),2026-09-18
듀프렉스 그래비티 그레이[MGG](A203-C7071),msds-051,pdf/01_ 도장/KNK/듀프렉스 그래비티 그레이 (MGG) (A203C7071).pdf,2,9004-36-8,"Cellulose, acetate butyrate",셀룰로스 아세테이트 뷰틸레이트,원본과 대조,손대지 않음 (원본과 표기만 다름),2026-09-18
듀프렉스 그래비티그레이 [KDG](A203-C7060),msds-052,pdf/01_ 도장/KNK/듀프렉스 그래비티그레이 KDG (A203-C7060).pdf,2,100-41-4,Ethylbenzene,에틸벤젠,원본과 대조,손대지 않음 (원본과 표기만 다름),2026-09-18
듀프렉스 그래비티그레이 [KDG](A203-C7060),msds-052,pdf/01_ 도장/KNK/듀프렉스 그래비티그레이 KDG (A203-C7060).pdf,2,108-10-1,"메틸아이소뷰틸케톤(Methylisobutyl ketone, MIBK)","메틸아이소뷰틸케톤(Methylisobutyl ketone, MIBK)",원본과 대조,손대지 않음 (원본이 그렇게 적음),2026-09-18
듀프렉스 그래비티그레이 [KDG](A203-C7060),msds-052,pdf/01_ 도장/KNK/듀프렉스 그래비티그레이 KDG (A203-C7060).pdf,2,108-65-6,프로필렌 글리콜모노메틸에테르 이세트산(PMA),프로필렌 글리콜모노메틸에테르 이세트산(PMA),원본과 대조,손대지 않음 (원본이 그렇게 적음),2026-09-18
듀프렉스 그래비티그레이 [KDG](A203-C7060),msds-052,pdf/01_ 도장/KNK/듀프렉스 그래비티그레이 KDG (A203-C7060).pdf,2,108-88-3,톨루엔(Toluene),톨루엔(Toluene),원본과 대조,손대지 않음 (원본이 그렇게 적음),2026-09-18
듀프렉스 그래비티그레이 [KDG](A203-C7060),msds-052,pdf/01_ 도장/KNK/듀프렉스 그래비티그레이 KDG (A203-C7060).pdf,2,112-07-2,Butyl cellosolve acetate,"2-뷰톡시에탄올, 아세테이트",원본과 대조,손대지 않음 (원본과 표기만 다름),2026-09-18
듀프렉스 그래비티그레이 [KDG](A203-C7060),msds-052,pdf/01_ 도장/KNK/듀프렉스 그래비티그레이 KDG (A203-C7060).pdf,2,12003-38-2,Fluorphlogopite,Fluorphlogopite,원본과 대조,손대지 않음 (원본이 그렇게 적음),2026-09-18
듀프렉스 그래비티그레이 [KDG](A203-C7060),msds-052,pdf/01_ 도장/KNK/듀프렉스 그래비티그레이 KDG (A203-C7060).pdf,2,123-86-4,n-뷰틸 아세트산(n-Butyl acetate),n-뷰틸 아세트산(n-Butyl acetate),원본과 대조,손대지 않음 (원본이 그렇게 적음),2026-09-18
듀프렉스 그래비티그레이 [KDG](A203-C7060),msds-052,pdf/01_ 도장/KNK/듀프렉스 그래비티그레이 KDG (A203-C7060).pdf,2,1317-80-2,Titanium dioxide,금홍석(이산화 티타늄),원본과 대조,손대지 않음 (원본과 표기만 다름),2026-09-18
듀프렉스 그래비티그레이 [KDG](A203-C7060),msds-052,pdf/01_ 도장/KNK/듀프렉스 그래비티그레이 KDG (A203-C7060).pdf,2,1330-20-7,자일렌(Xylene),자일렌(Xylene),원본과 대조,손대지 않음 (원본이 그렇게 적음),2026-09-18
듀프렉스 그래비티그레이 [KDG](A203-C7060),msds-052,pdf/01_ 도장/KNK/듀프렉스 그래비티그레이 KDG (A203-C7060).pdf,2,1333-86-4,Carbon black;Acetylene black,카본 블랙,원본과 대조,손대지 않음 (원본과 표기만 다름),2026-09-18
듀프렉스 그래비티그레이 [KDG](A203-C7060),msds-052,pdf/01_ 도장/KNK/듀프렉스 그래비티그레이 KDG (A203-C7060).pdf,2,141-78-6,Acetic acid ethyl ester;Ethyl acetate,아세트산 에틸,원본과 대조,손대지 않음 (원본과 표기만 다름),2026-09-18
듀프렉스 그래비티그레이 [KDG](A203-C7060),msds-052,pdf/01_ 도장/KNK/듀프렉스 그래비티그레이 KDG (A203-C7060).pdf,2,36487-02-2,POLYESTER RESIN,POLYESTER RESIN,원본과 대조,손대지 않음 (원본이 그렇게 적음),2026-09-18
듀프렉스 그래비티그레이 [KDG](A203-C7060),msds-052,pdf/01_ 도장/KNK/듀프렉스 그래비티그레이 KDG (A203-C7060).pdf,2,49625-74-3,메타 메타크릴산-N-(하이드록시메틸)아크릴아마이드,메타 메타크릴산-N-(하이드록시메틸)아크릴아마이드,원본과 대조,손대지 않음 (원본이 그렇게 적음),2026-09-18
듀프렉스 그래비티그레이 [KDG](A203-C7060),msds-052,pdf/01_ 도장/KNK/듀프렉스 그래비티그레이 KDG (A203-C7060).pdf,2,55447-58-0,"Hexanedioic acid polymer with hexahydro-1,3-isoben","Hexanedioic acid polymer with hexahydro-1,3-isoben",원본과 대조,손대지 않음 (원본이 그렇게 적음),2026-09-18
듀프렉스 그래비티그레이 [KDG](A203-C7060),msds-052,pdf/01_ 도장/KNK/듀프렉스 그래비티그레이 KDG (A203-C7060).pdf,2,6358-30-1,C.I. pigment violet 023,C.I. pigment violet 023,원본과 대조,손대지 않음 (원본이 그렇게 적음),2026-09-18
듀프렉스 그래비티그레이 [KDG](A203-C7060),msds-052,pdf/01_ 도장/KNK/듀프렉스 그래비티그레이 KDG (A203-C7060).pdf,2,64742-95-6,솔벤트나프타 경질방향족화합물( light aromatic),솔벤트나프타 경질방향족화합물( light aromatic),원본과 대조,손대지 않음 (원본이 그렇게 적음),2026-09-18
듀프렉스 그래비티그레이 [KDG](A203-C7060),msds-052,pdf/01_ 도장/KNK/듀프렉스 그래비티그레이 KDG (A203-C7060).pdf,2,71-36-3,n-뷰틸 알코올(1-Butanol;n-Butanol),n-뷰틸 알코올(1-Butanol;n-Butanol),원본과 대조,손대지 않음 (원본이 그렇게 적음),2026-09-18
듀프렉스 그래비티그레이 [KDG](A203-C7060),msds-052,pdf/01_ 도장/KNK/듀프렉스 그래비티그레이 KDG (A203-C7060).pdf,2,7429-90-5,Aluminium,알루미늄,원본과 대조,손대지 않음 (원본과 표기만 다름),2026-09-18
듀프렉스 그래비티그레이 [KDG](A203-C7060),msds-052,pdf/01_ 도장/KNK/듀프렉스 그래비티그레이 KDG (A203-C7060).pdf,2,7727-43-7,"Barium sulfate, natural",황산 바륨,원본과 대조,손대지 않음 (원본과 표기만 다름),2026-09-18
듀프렉스 그래비티그레이 [KDG](A203-C7060),msds-052,pdf/01_ 도장/KNK/듀프렉스 그래비티그레이 KDG (A203-C7060).pdf,2,78-83-1,2-Methyl-1-propanol;Isobutanol,아이소뷰탄올,원본과 대조,손대지 않음 (원본과 표기만 다름),2026-09-18
듀프렉스 그래비티그레이 [KDG](A203-C7060),msds-052,pdf/01_ 도장/KNK/듀프렉스 그래비티그레이 KDG (A203-C7060).pdf,2,81-77-6,C.I. pigment blue 60,C.I. pigment blue 60,원본과 대조,손대지 않음 (원본이 그렇게 적음),2026-09-18
듀프렉스 그래비티그레이 [KDG](A203-C7060),msds-052,pdf/01_ 도장/KNK/듀프렉스 그래비티그레이 KDG (A203-C7060).pdf,2,9004-36-8,"Cellulose, acetate butyrate",셀룰로스 아세테이트 뷰틸레이트,원본과 대조,손대지 않음 (원본과 표기만 다름),2026-09-18
듀프렉스 그래비티그레이 [KDT-GP2](A203-C7066),msds-053,pdf/01_ 도장/KNK/듀프렉스 그래비티그레이 KDT-GP2 (A203-C7066).pdf,2,100-41-4,Ethylbenzene,에틸벤젠,원본과 대조,손대지 않음 (원본과 표기만 다름),2026-09-18
듀프렉스 그래비티그레이 [KDT-GP2](A203-C7066),msds-053,pdf/01_ 도장/KNK/듀프렉스 그래비티그레이 KDT-GP2 (A203-C7066).pdf,2,108-10-1,"메틸아이소뷰틸케톤(Methylisobutyl ketone, MIBK)","메틸아이소뷰틸케톤(Methylisobutyl ketone, MIBK)",원본과 대조,손대지 않음 (원본이 그렇게 적음),2026-09-18
듀프렉스 그래비티그레이 [KDT-GP2](A203-C7066),msds-053,pdf/01_ 도장/KNK/듀프렉스 그래비티그레이 KDT-GP2 (A203-C7066).pdf,2,108-65-6,프로필렌 글리콜모노메틸에테르 이세트산(PMA),프로필렌 글리콜모노메틸에테르 이세트산(PMA),원본과 대조,손대지 않음 (원본이 그렇게 적음),2026-09-18
듀프렉스 그래비티그레이 [KDT-GP2](A203-C7066),msds-053,pdf/01_ 도장/KNK/듀프렉스 그래비티그레이 KDT-GP2 (A203-C7066).pdf,2,108-88-3,톨루엔(Toluene),톨루엔(Toluene),원본과 대조,손대지 않음 (원본이 그렇게 적음),2026-09-18
듀프렉스 그래비티그레이 [KDT-GP2](A203-C7066),msds-053,pdf/01_ 도장/KNK/듀프렉스 그래비티그레이 KDT-GP2 (A203-C7066).pdf,2,112-07-2,Butyl cellosolve acetate,"2-뷰톡시에탄올, 아세테이트",원본과 대조,손대지 않음 (원본과 표기만 다름),2026-09-18
듀프렉스 그래비티그레이 [KDT-GP2](A203-C7066),msds-053,pdf/01_ 도장/KNK/듀프렉스 그래비티그레이 KDT-GP2 (A203-C7066).pdf,2,12003-38-2,Fluorphlogopite,Fluorphlogopite,원본과 대조,손대지 않음 (원본이 그렇게 적음),2026-09-18
듀프렉스 그래비티그레이 [KDT-GP2](A203-C7066),msds-053,pdf/01_ 도장/KNK/듀프렉스 그래비티그레이 KDT-GP2 (A203-C7066).pdf,2,123-86-4,n-뷰틸 아세트산(n-Butyl acetate),n-뷰틸 아세트산(n-Butyl acetate),원본과 대조,손대지 않음 (원본이 그렇게 적음),2026-09-18
듀프렉스 그래비티그레이 [KDT-GP2](A203-C7066),msds-053,pdf/01_ 도장/KNK/듀프렉스 그래비티그레이 KDT-GP2 (A203-C7066).pdf,2,1317-80-2,Titanium dioxide,금홍석(이산화 티타늄),원본과 대조,손대지 않음 (원본과 표기만 다름),2026-09-18
듀프렉스 그래비티그레이 [KDT-GP2](A203-C7066),msds-053,pdf/01_ 도장/KNK/듀프렉스 그래비티그레이 KDT-GP2 (A203-C7066).pdf,2,1330-20-7,자일렌(Xylene),자일렌(Xylene),원본과 대조,손대지 않음 (원본이 그렇게 적음),2026-09-18
듀프렉스 그래비티그레이 [KDT-GP2](A203-C7066),msds-053,pdf/01_ 도장/KNK/듀프렉스 그래비티그레이 KDT-GP2 (A203-C7066).pdf,2,1333-86-4,Carbon black;Acetylene black,카본 블랙,원본과 대조,손대지 않음 (원본과 표기만 다름),2026-09-18
듀프렉스 그래비티그레이 [KDT-GP2](A203-C7066),msds-053,pdf/01_ 도장/KNK/듀프렉스 그래비티그레이 KDT-GP2 (A203-C7066).pdf,2,1344-28-1,Aluminium oxide;Alumina,Aluminium oxide;Alumina,원본과 대조,손대지 않음 (원본이 그렇게 적음),2026-09-18
듀프렉스 그래비티그레이 [KDT-GP2](A203-C7066),msds-053,pdf/01_ 도장/KNK/듀프렉스 그래비티그레이 KDT-GP2 (A203-C7066).pdf,2,13463-67-7,이산화티타늄(Titanium dioxide),이산화티타늄(Titanium dioxide),원본과 대조,손대지 않음 (원본이 그렇게 적음),2026-09-18
듀프렉스 그래비티그레이 [KDT-GP2](A203-C7066),msds-053,pdf/01_ 도장/KNK/듀프렉스 그래비티그레이 KDT-GP2 (A203-C7066).pdf,2,141-78-6,Acetic acid ethyl ester;Ethyl acetate,아세트산 에틸,원본과 대조,손대지 않음 (원본과 표기만 다름),2026-09-18
듀프렉스 그래비티그레이 [KDT-GP2](A203-C7066),msds-053,pdf/01_ 도장/KNK/듀프렉스 그래비티그레이 KDT-GP2 (A203-C7066).pdf,2,36487-02-2,POLYESTER RESIN,POLYESTER RESIN,원본과 대조,손대지 않음 (원본이 그렇게 적음),2026-09-18
듀프렉스 그래비티그레이 [KDT-GP2](A203-C7066),msds-053,pdf/01_ 도장/KNK/듀프렉스 그래비티그레이 KDT-GP2 (A203-C7066).pdf,2,49625-74-3,메타 메타크릴산-N-(하이드록시메틸)아크릴아마이드,메타 메타크릴산-N-(하이드록시메틸)아크릴아마이드,원본과 대조,손대지 않음 (원본이 그렇게 적음),2026-09-18
듀프렉스 그래비티그레이 [KDT-GP2](A203-C7066),msds-053,pdf/01_ 도장/KNK/듀프렉스 그래비티그레이 KDT-GP2 (A203-C7066).pdf,2,55447-58-0,"Hexanedioic acid polymer with hexahydro-1,3-isoben","Hexanedioic acid polymer with hexahydro-1,3-isoben",원본과 대조,손대지 않음 (원본이 그렇게 적음),2026-09-18
듀프렉스 그래비티그레이 [KDT-GP2](A203-C7066),msds-053,pdf/01_ 도장/KNK/듀프렉스 그래비티그레이 KDT-GP2 (A203-C7066).pdf,2,64742-95-6,솔벤트나프타 경질방향족화합물( light aromatic),솔벤트나프타 경질방향족화합물( light aromatic),원본과 대조,손대지 않음 (원본이 그렇게 적음),2026-09-18
듀프렉스 그래비티그레이 [KDT-GP2](A203-C7066),msds-053,pdf/01_ 도장/KNK/듀프렉스 그래비티그레이 KDT-GP2 (A203-C7066).pdf,2,71-36-3,n-뷰틸 알코올(1-Butanol;n-Butanol),n-뷰틸 알코올(1-Butanol;n-Butanol),원본과 대조,손대지 않음 (원본이 그렇게 적음),2026-09-18
듀프렉스 그래비티그레이 [KDT-GP2](A203-C7066),msds-053,pdf/01_ 도장/KNK/듀프렉스 그래비티그레이 KDT-GP2 (A203-C7066).pdf,2,7429-90-5,Aluminium,알루미늄,원본과 대조,손대지 않음 (원본과 표기만 다름),2026-09-18
듀프렉스 그래비티그레이 [KDT-GP2](A203-C7066),msds-053,pdf/01_ 도장/KNK/듀프렉스 그래비티그레이 KDT-GP2 (A203-C7066).pdf,2,7727-43-7,"Barium sulfate, natural",황산 바륨,원본과 대조,손대지 않음 (원본과 표기만 다름),2026-09-18
듀프렉스 그래비티그레이 [KDT-GP2](A203-C7066),msds-053,pdf/01_ 도장/KNK/듀프렉스 그래비티그레이 KDT-GP2 (A203-C7066).pdf,2,78-83-1,2-Methyl-1-propanol;Isobutanol,아이소뷰탄올,원본과 대조,손대지 않음 (원본과 표기만 다름),2026-09-18
듀프렉스 그래비티그레이 [KDT-GP2](A203-C7066),msds-053,pdf/01_ 도장/KNK/듀프렉스 그래비티그레이 KDT-GP2 (A203-C7066).pdf,2,81-77-6,C.I. pigment blue 60,C.I. pigment blue 60,원본과 대조,손대지 않음 (원본이 그렇게 적음),2026-09-18
듀프렉스 그래비티그레이 [KDT-GP2](A203-C7066),msds-053,pdf/01_ 도장/KNK/듀프렉스 그래비티그레이 KDT-GP2 (A203-C7066).pdf,2,9004-36-8,"Cellulose, acetate butyrate",셀룰로스 아세테이트 뷰틸레이트,원본과 대조,손대지 않음 (원본과 표기만 다름),2026-09-18
듀프렉스 언블리치드 아이보리 [NES](A203-X7020),msds-054,pdf/01_ 도장/KNK/듀프렉스 언블리치드 아이보리_NES_A203X7020_MSDS(260304).pdf,2,100-41-4,Ethylbenzene,에틸벤젠,원본과 대조,손대지 않음 (원본과 표기만 다름),2026-09-18
듀프렉스 언블리치드 아이보리 [NES](A203-X7020),msds-054,pdf/01_ 도장/KNK/듀프렉스 언블리치드 아이보리_NES_A203X7020_MSDS(260304).pdf,2,108-10-1,"Methylisobutyl ketone, MIBK",4-메틸-2-펜탄온,원본과 대조,손대지 않음 (원본과 표기만 다름),2026-09-18
듀프렉스 언블리치드 아이보리 [NES](A203-X7020),msds-054,pdf/01_ 도장/KNK/듀프렉스 언블리치드 아이보리_NES_A203X7020_MSDS(260304).pdf,2,108-65-6,프로필렌 글리콜모노메틸에테르 이세트산(PMA),프로필렌 글리콜모노메틸에테르 이세트산(PMA),원본과 대조,손대지 않음 (원본이 그렇게 적음),2026-09-18
듀프렉스 언블리치드 아이보리 [NES](A203-X7020),msds-054,pdf/01_ 도장/KNK/듀프렉스 언블리치드 아이보리_NES_A203X7020_MSDS(260304).pdf,2,112-07-2,Butyl cellosolve acetate,"2-뷰톡시에탄올, 아세테이트",원본과 대조,손대지 않음 (원본과 표기만 다름),2026-09-18
듀프렉스 언블리치드 아이보리 [NES](A203-X7020),msds-054,pdf/01_ 도장/KNK/듀프렉스 언블리치드 아이보리_NES_A203X7020_MSDS(260304).pdf,2,123-86-4,n-뷰틸 아세트산(n-Butyl acetate),n-뷰틸 아세트산(n-Butyl acetate),원본과 대조,손대지 않음 (원본이 그렇게 적음),2026-09-18
듀프렉스 언블리치드 아이보리 [NES](A203-X7020),msds-054,pdf/01_ 도장/KNK/듀프렉스 언블리치드 아이보리_NES_A203X7020_MSDS(260304).pdf,2,1330-20-7,자일렌(Xylene),자일렌(Xylene),원본과 대조,손대지 않음 (원본이 그렇게 적음),2026-09-18
듀프렉스 언블리치드 아이보리 [NES](A203-X7020),msds-054,pdf/01_ 도장/KNK/듀프렉스 언블리치드 아이보리_NES_A203X7020_MSDS(260304).pdf,2,13463-67-7,이산화티타늄(Titanium dioxide),이산화티타늄(Titanium dioxide),원본과 대조,손대지 않음 (원본이 그렇게 적음),2026-09-18
듀프렉스 언블리치드 아이보리 [NES](A203-X7020),msds-054,pdf/01_ 도장/KNK/듀프렉스 언블리치드 아이보리_NES_A203X7020_MSDS(260304).pdf,2,20344-49-4,Iron hydroxide oxide (Fe(OH)O),Iron hydroxide oxide (Fe(OH)O),원본과 대조,손대지 않음 (원본이 그렇게 적음),2026-09-18
듀프렉스 언블리치드 아이보리 [NES](A203-X7020),msds-054,pdf/01_ 도장/KNK/듀프렉스 언블리치드 아이보리_NES_A203X7020_MSDS(260304).pdf,2,21645-51-2,수산화알류미늄(Aluminium hydroxide),수산화알류미늄(Aluminium hydroxide),원본과 대조,손대지 않음 (원본이 그렇게 적음),2026-09-18
듀프렉스 언블리치드 아이보리 [NES](A203-X7020),msds-054,pdf/01_ 도장/KNK/듀프렉스 언블리치드 아이보리_NES_A203X7020_MSDS(260304).pdf,2,36487-02-2,POLYESTER RESIN,POLYESTER RESIN,원본과 대조,손대지 않음 (원본이 그렇게 적음),2026-09-18
듀프렉스 언블리치드 아이보리 [NES](A203-X7020),msds-054,pdf/01_ 도장/KNK/듀프렉스 언블리치드 아이보리_NES_A203X7020_MSDS(260304).pdf,2,49625-74-3,메타 메타크릴산-N-(하이드록시메틸)아크릴아마이드,메타 메타크릴산-N-(하이드록시메틸)아크릴아마이드,원본과 대조,손대지 않음 (원본이 그렇게 적음),2026-09-18
듀프렉스 언블리치드 아이보리 [NES](A203-X7020),msds-054,pdf/01_ 도장/KNK/듀프렉스 언블리치드 아이보리_NES_A203X7020_MSDS(260304).pdf,2,64742-94-5,"Solvent naphtha (petroleum), heavy arom",방향족 중질 나프타 용매(석유),원본과 대조,손대지 않음 (원본과 표기만 다름),2026-09-18
듀프렉스 언블리치드 아이보리 [NES](A203-X7020),msds-054,pdf/01_ 도장/KNK/듀프렉스 언블리치드 아이보리_NES_A203X7020_MSDS(260304).pdf,2,71-36-3,n-뷰틸 알코올(1-Butanol;n-Butanol),n-뷰틸 알코올(1-Butanol;n-Butanol),원본과 대조,손대지 않음 (원본이 그렇게 적음),2026-09-18
듀프렉스 언블리치드 아이보리 [NES](A203-X7020),msds-054,pdf/01_ 도장/KNK/듀프렉스 언블리치드 아이보리_NES_A203X7020_MSDS(260304).pdf,2,7631-86-9,"산화규소(Silicon dioxide), 실리카(amorphous)","산화규소(Silicon dioxide), 실리카(amorphous)",원본과 대조,손대지 않음 (원본이 그렇게 적음),2026-09-18
듀프렉스 언블리치드 아이보리 [NES](A203-X7020),msds-054,pdf/01_ 도장/KNK/듀프렉스 언블리치드 아이보리_NES_A203X7020_MSDS(260304).pdf,2,9004-36-8,"Cellulose, acetate butyrate",셀룰로스 아세테이트 뷰틸레이트,원본과 대조,손대지 않음 (원본과 표기만 다름),2026-09-18
듀프렉스 에어로실버 매트 [T4M](A203-C7086),msds-055,pdf/01_ 도장/KNK/듀프렉스 에어로실버 (T4M) A203C7086.pdf,2,100-41-4,Ethylbenzene,에틸벤젠,원본과 대조,손대지 않음 (원본과 표기만 다름),2026-09-18
듀프렉스 에어로실버 매트 [T4M](A203-C7086),msds-055,pdf/01_ 도장/KNK/듀프렉스 에어로실버 (T4M) A203C7086.pdf,2,107-98-2,Propylene glycol monomethyl ether,Propylene glycol monomethyl ether,원본과 대조,손대지 않음 (원본이 그렇게 적음),2026-09-18
듀프렉스 에어로실버 매트 [T4M](A203-C7086),msds-055,pdf/01_ 도장/KNK/듀프렉스 에어로실버 (T4M) A203C7086.pdf,2,108-10-1,"Methylisobutyl ketone, MIBK",4-메틸-2-펜탄온,원본과 대조,손대지 않음 (원본과 표기만 다름),2026-09-18
듀프렉스 에어로실버 매트 [T4M](A203-C7086),msds-055,pdf/01_ 도장/KNK/듀프렉스 에어로실버 (T4M) A203C7086.pdf,2,108-88-3,톨루엔(Toluene),톨루엔(Toluene),원본과 대조,손대지 않음 (원본이 그렇게 적음),2026-09-18
듀프렉스 에어로실버 매트 [T4M](A203-C7086),msds-055,pdf/01_ 도장/KNK/듀프렉스 에어로실버 (T4M) A203C7086.pdf,2,110-19-0,아세트산 아이소뷰틸(Isobutyl acetate),아세트산 아이소뷰틸(Isobutyl acetate),원본과 대조,손대지 않음 (원본이 그렇게 적음),2026-09-18
듀프렉스 에어로실버 매트 [T4M](A203-C7086),msds-055,pdf/01_ 도장/KNK/듀프렉스 에어로실버 (T4M) A203C7086.pdf,2,112-80-1,Oleic acid,Oleic acid,원본과 대조,손대지 않음 (원본이 그렇게 적음),2026-09-18
듀프렉스 에어로실버 매트 [T4M](A203-C7086),msds-055,pdf/01_ 도장/KNK/듀프렉스 에어로실버 (T4M) A203C7086.pdf,2,123-86-4,n-뷰틸 아세트산(n-Butyl acetate),n-뷰틸 아세트산(n-Butyl acetate),원본과 대조,손대지 않음 (원본이 그렇게 적음),2026-09-18
듀프렉스 에어로실버 매트 [T4M](A203-C7086),msds-055,pdf/01_ 도장/KNK/듀프렉스 에어로실버 (T4M) A203C7086.pdf,2,1330-20-7,자일렌(Xylene),자일렌(Xylene),원본과 대조,손대지 않음 (원본이 그렇게 적음),2026-09-18
듀프렉스 에어로실버 매트 [T4M](A203-C7086),msds-055,pdf/01_ 도장/KNK/듀프렉스 에어로실버 (T4M) A203C7086.pdf,2,141-78-6,Acetic acid ethyl ester;Ethyl acetate,아세트산 에틸,원본과 대조,손대지 않음 (원본과 표기만 다름),2026-09-18
듀프렉스 에어로실버 매트 [T4M](A203-C7086),msds-055,pdf/01_ 도장/KNK/듀프렉스 에어로실버 (T4M) A203C7086.pdf,2,25035-69-2,2-Methyl-2-propenoic acid polymer,2-Methyl-2-propenoic acid polymer,원본과 대조,손대지 않음 (원본이 그렇게 적음),2026-09-18
듀프렉스 에어로실버 매트 [T4M](A203-C7086),msds-055,pdf/01_ 도장/KNK/듀프렉스 에어로실버 (T4M) A203C7086.pdf,2,56292-26-3,ACRYL RESIN,ACRYL RESIN,원본과 대조,손대지 않음 (원본이 그렇게 적음),2026-09-18
듀프렉스 에어로실버 매트 [T4M](A203-C7086),msds-055,pdf/01_ 도장/KNK/듀프렉스 에어로실버 (T4M) A203C7086.pdf,2,64-17-5,Ethanol;Ethyl alcohol,Ethanol;Ethyl alcohol,원본과 대조,손대지 않음 (원본이 그렇게 적음),2026-09-18
듀프렉스 에어로실버 매트 [T4M](A203-C7086),msds-055,pdf/01_ 도장/KNK/듀프렉스 에어로실버 (T4M) A203C7086.pdf,2,64742-88-7,"Solvent naphtha (petroleum), medium aliph","Solvent naphtha (petroleum), medium aliph.",원본과 대조,손대지 않음 (원본이 그렇게 적음),2026-09-18
듀프렉스 에어로실버 매트 [T4M](A203-C7086),msds-055,pdf/01_ 도장/KNK/듀프렉스 에어로실버 (T4M) A203C7086.pdf,2,64742-94-5,솔벤트나프타 중질방향족화합물( heavy aromatic),솔벤트나프타 중질방향족화합물( heavy aromatic),원본과 대조,손대지 않음 (원본이 그렇게 적음),2026-09-18
듀프렉스 에어로실버 매트 [T4M](A203-C7086),msds-055,pdf/01_ 도장/KNK/듀프렉스 에어로실버 (T4M) A203C7086.pdf,2,71-36-3,n-뷰틸 알코올(1-Butanol;n-Butanol),n-뷰틸 알코올(1-Butanol;n-Butanol),원본과 대조,손대지 않음 (원본이 그렇게 적음),2026-09-18
듀프렉스 에어로실버 매트 [T4M](A203-C7086),msds-055,pdf/01_ 도장/KNK/듀프렉스 에어로실버 (T4M) A203C7086.pdf,2,7429-90-5,Aluminium,알루미늄,원본과 대조,손대지 않음 (원본과 표기만 다름),2026-09-18
듀프렉스 에어로실버 매트 [T4M](A203-C7086),msds-055,pdf/01_ 도장/KNK/듀프렉스 에어로실버 (T4M) A203C7086.pdf,2,78-83-1,2-Methyl-1-propanol;Isobutanol,아이소뷰탄올,원본과 대조,손대지 않음 (원본과 표기만 다름),2026-09-18
듀프렉스 인페르노레드 [AJR](A203-R7038),msds-056,pdf/01_ 도장/KNK/듀프렉스 인페르노레드 AJR (A203-R7038).pdf,2,100-41-4,Ethylbenzene,에틸벤젠,원본과 대조,손대지 않음 (원본과 표기만 다름),2026-09-18
듀프렉스 인페르노레드 [AJR](A203-R7038),msds-056,pdf/01_ 도장/KNK/듀프렉스 인페르노레드 AJR (A203-R7038).pdf,2,108-10-1,"메틸아이소뷰틸케톤(Methylisobutyl ketone, MIBK)","메틸아이소뷰틸케톤(Methylisobutyl ketone, MIBK)",원본과 대조,손대지 않음 (원본이 그렇게 적음),2026-09-18
듀프렉스 인페르노레드 [AJR](A203-R7038),msds-056,pdf/01_ 도장/KNK/듀프렉스 인페르노레드 AJR (A203-R7038).pdf,2,108-65-6,프로필렌 글리콜모노메틸에테르 이세트산(PMA),프로필렌 글리콜모노메틸에테르 이세트산(PMA),원본과 대조,손대지 않음 (원본이 그렇게 적음),2026-09-18
듀프렉스 인페르노레드 [AJR](A203-R7038),msds-056,pdf/01_ 도장/KNK/듀프렉스 인페르노레드 AJR (A203-R7038).pdf,2,108-88-3,톨루엔(Toluene),톨루엔(Toluene),원본과 대조,손대지 않음 (원본이 그렇게 적음),2026-09-18
듀프렉스 인페르노레드 [AJR](A203-R7038),msds-056,pdf/01_ 도장/KNK/듀프렉스 인페르노레드 AJR (A203-R7038).pdf,2,123-86-4,n-뷰틸 아세트산(n-Butyl acetate),n-뷰틸 아세트산(n-Butyl acetate),원본과 대조,손대지 않음 (원본이 그렇게 적음),2026-09-18
듀프렉스 인페르노레드 [AJR](A203-R7038),msds-056,pdf/01_ 도장/KNK/듀프렉스 인페르노레드 AJR (A203-R7038).pdf,2,1330-20-7,자일렌(Xylene),자일렌(Xylene),원본과 대조,손대지 않음 (원본이 그렇게 적음),2026-09-18
듀프렉스 인페르노레드 [AJR](A203-R7038),msds-056,pdf/01_ 도장/KNK/듀프렉스 인페르노레드 AJR (A203-R7038).pdf,2,141-78-6,Acetic acid ethyl ester;Ethyl acetate,아세트산 에틸,원본과 대조,손대지 않음 (원본과 표기만 다름),2026-09-18
듀프렉스 인페르노레드 [AJR](A203-R7038),msds-056,pdf/01_ 도장/KNK/듀프렉스 인페르노레드 AJR (A203-R7038).pdf,2,36487-02-2,POLYESTER RESIN,POLYESTER RESIN,원본과 대조,손대지 않음 (원본이 그렇게 적음),2026-09-18
듀프렉스 인페르노레드 [AJR](A203-R7038),msds-056,pdf/01_ 도장/KNK/듀프렉스 인페르노레드 AJR (A203-R7038).pdf,2,49625-74-3,메타 메타크릴산-N-(하이드록시메틸)아크릴아마이드,메타 메타크릴산-N-(하이드록시메틸)아크릴아마이드,원본과 대조,손대지 않음 (원본이 그렇게 적음),2026-09-18
듀프렉스 인페르노레드 [AJR](A203-R7038),msds-056,pdf/01_ 도장/KNK/듀프렉스 인페르노레드 AJR (A203-R7038).pdf,2,55447-58-0,"Hexanedioic acid polymer with hexahydro-1,3-isoben","Hexanedioic acid polymer with hexahydro-1,3-isoben",원본과 대조,손대지 않음 (원본이 그렇게 적음),2026-09-18
듀프렉스 인페르노레드 [AJR](A203-R7038),msds-056,pdf/01_ 도장/KNK/듀프렉스 인페르노레드 AJR (A203-R7038).pdf,2,64742-95-6,솔벤트나프타 경질방향족화합물( light aromatic),솔벤트나프타 경질방향족화합물( light aromatic),원본과 대조,손대지 않음 (원본이 그렇게 적음),2026-09-18
듀프렉스 인페르노레드 [AJR](A203-R7038),msds-056,pdf/01_ 도장/KNK/듀프렉스 인페르노레드 AJR (A203-R7038).pdf,2,71-36-3,n-뷰틸 알코올(1-Butanol;n-Butanol),n-뷰틸 알코올(1-Butanol;n-Butanol),원본과 대조,손대지 않음 (원본이 그렇게 적음),2026-09-18
듀프렉스 인페르노레드 [AJR](A203-R7038),msds-056,pdf/01_ 도장/KNK/듀프렉스 인페르노레드 AJR (A203-R7038).pdf,2,7429-90-5,Aluminium,알루미늄,원본과 대조,손대지 않음 (원본과 표기만 다름),2026-09-18
듀프렉스 인페르노레드 [AJR](A203-R7038),msds-056,pdf/01_ 도장/KNK/듀프렉스 인페르노레드 AJR (A203-R7038).pdf,2,7727-43-7,"Barium sulfate, natural",황산 바륨,원본과 대조,손대지 않음 (원본과 표기만 다름),2026-09-18
듀프렉스 인페르노레드 [AJR](A203-R7038),msds-056,pdf/01_ 도장/KNK/듀프렉스 인페르노레드 AJR (A203-R7038).pdf,2,78-83-1,2-Methyl-1-propanol;Isobutanol,아이소뷰탄올,원본과 대조,손대지 않음 (원본과 표기만 다름),2026-09-18
듀프렉스 인페르노레드 [AJR](A203-R7038),msds-056,pdf/01_ 도장/KNK/듀프렉스 인페르노레드 AJR (A203-R7038).pdf,2,84632-65-5,C.I. pigment red 254,C.I. pigment red 254,원본과 대조,손대지 않음 (원본이 그렇게 적음),2026-09-18
듀프렉스 인페르노레드 [AJR](A203-R7038),msds-056,pdf/01_ 도장/KNK/듀프렉스 인페르노레드 AJR (A203-R7038).pdf,2,9004-36-8,"Cellulose, acetate butyrate",셀룰로스 아세테이트 뷰틸레이트,원본과 대조,손대지 않음 (원본과 표기만 다름),2026-09-18
듀프렉스 플루톤 블루[PLU](A203-K7077),msds-057,pdf/01_ 도장/KNK/듀프렉스 플루톤 블루 (PLU) (A203-K7077)_MSDS.pdf,2,100-41-4,Ethylbenzene,에틸벤젠,원본과 대조,손대지 않음 (원본과 표기만 다름),2026-09-18
듀프렉스 플루톤 블루[PLU](A203-K7077),msds-057,pdf/01_ 도장/KNK/듀프렉스 플루톤 블루 (PLU) (A203-K7077)_MSDS.pdf,2,108-10-1,"메틸아이소뷰틸케톤(Methylisobutyl ketone, MIBK)","메틸아이소뷰틸케톤(Methylisobutyl ketone, MIBK)",원본과 대조,손대지 않음 (원본이 그렇게 적음),2026-09-18
듀프렉스 플루톤 블루[PLU](A203-K7077),msds-057,pdf/01_ 도장/KNK/듀프렉스 플루톤 블루 (PLU) (A203-K7077)_MSDS.pdf,2,108-65-6,프로필렌 글리콜모노메틸에테르 이세트산(PMA),프로필렌 글리콜모노메틸에테르 이세트산(PMA),원본과 대조,손대지 않음 (원본이 그렇게 적음),2026-09-18
듀프렉스 플루톤 블루[PLU](A203-K7077),msds-057,pdf/01_ 도장/KNK/듀프렉스 플루톤 블루 (PLU) (A203-K7077)_MSDS.pdf,2,108-88-3,톨루엔(Toluene),톨루엔(Toluene),원본과 대조,손대지 않음 (원본이 그렇게 적음),2026-09-18
듀프렉스 플루톤 블루[PLU](A203-K7077),msds-057,pdf/01_ 도장/KNK/듀프렉스 플루톤 블루 (PLU) (A203-K7077)_MSDS.pdf,2,12239-87-1,Copper chloro- phthalocyanine,Copper chloro- phthalocyanine,원본과 대조,손대지 않음 (원본이 그렇게 적음),2026-09-18
듀프렉스 플루톤 블루[PLU](A203-K7077),msds-057,pdf/01_ 도장/KNK/듀프렉스 플루톤 블루 (PLU) (A203-K7077)_MSDS.pdf,2,123-86-4,n-뷰틸 아세트산(n-Butyl acetate),n-뷰틸 아세트산(n-Butyl acetate),원본과 대조,손대지 않음 (원본이 그렇게 적음),2026-09-18
듀프렉스 플루톤 블루[PLU](A203-K7077),msds-057,pdf/01_ 도장/KNK/듀프렉스 플루톤 블루 (PLU) (A203-K7077)_MSDS.pdf,2,1330-20-7,자일렌(Xylene),자일렌(Xylene),원본과 대조,손대지 않음 (원본이 그렇게 적음),2026-09-18
듀프렉스 플루톤 블루[PLU](A203-K7077),msds-057,pdf/01_ 도장/KNK/듀프렉스 플루톤 블루 (PLU) (A203-K7077)_MSDS.pdf,2,1333-86-4,Carbon black,카본 블랙,원본과 대조,손대지 않음 (원본과 표기만 다름),2026-09-18
듀프렉스 플루톤 블루[PLU](A203-K7077),msds-057,pdf/01_ 도장/KNK/듀프렉스 플루톤 블루 (PLU) (A203-K7077)_MSDS.pdf,2,13463-67-7,이산화티타늄(Titanium dioxide),이산화티타늄(Titanium dioxide),원본과 대조,손대지 않음 (원본이 그렇게 적음),2026-09-18
듀프렉스 플루톤 블루[PLU](A203-K7077),msds-057,pdf/01_ 도장/KNK/듀프렉스 플루톤 블루 (PLU) (A203-K7077)_MSDS.pdf,2,141-78-6,Acetic acid ethyl ester;Ethyl acetate,아세트산 에틸,원본과 대조,손대지 않음 (원본과 표기만 다름),2026-09-18
듀프렉스 플루톤 블루[PLU](A203-K7077),msds-057,pdf/01_ 도장/KNK/듀프렉스 플루톤 블루 (PLU) (A203-K7077)_MSDS.pdf,2,14302-13-7,C.I. pigment green 036,C.I. pigment green 036,원본과 대조,손대지 않음 (원본이 그렇게 적음),2026-09-18
듀프렉스 플루톤 블루[PLU](A203-K7077),msds-057,pdf/01_ 도장/KNK/듀프렉스 플루톤 블루 (PLU) (A203-K7077)_MSDS.pdf,2,160798-84-5,Melamine-formaldehyde-alkylmonoalcohol(C=1-12) con,Melamine-formaldehyde-alkylmonoalcohol(C=1-12) con,원본과 대조,손대지 않음 (원본이 그렇게 적음),2026-09-18
듀프렉스 플루톤 블루[PLU](A203-K7077),msds-057,pdf/01_ 도장/KNK/듀프렉스 플루톤 블루 (PLU) (A203-K7077)_MSDS.pdf,2,21645-51-2,수산화알류미늄(Aluminium hydroxide),수산화알류미늄(Aluminium hydroxide),원본과 대조,손대지 않음 (원본이 그렇게 적음),2026-09-18
듀프렉스 플루톤 블루[PLU](A203-K7077),msds-057,pdf/01_ 도장/KNK/듀프렉스 플루톤 블루 (PLU) (A203-K7077)_MSDS.pdf,2,25951-39-7,Acrylic copolymer,Acrylic copolymer,원본과 대조,손대지 않음 (원본이 그렇게 적음),2026-09-18
듀프렉스 플루톤 블루[PLU](A203-K7077),msds-057,pdf/01_ 도장/KNK/듀프렉스 플루톤 블루 (PLU) (A203-K7077)_MSDS.pdf,2,36487-02-2,POLYESTER RESIN,POLYESTER RESIN,원본과 대조,손대지 않음 (원본이 그렇게 적음),2026-09-18
듀프렉스 플루톤 블루[PLU](A203-K7077),msds-057,pdf/01_ 도장/KNK/듀프렉스 플루톤 블루 (PLU) (A203-K7077)_MSDS.pdf,2,49625-74-3,메타 메타크릴산-N-(하이드록시메틸)아크릴아마이드,메타 메타크릴산-N-(하이드록시메틸)아크릴아마이드,원본과 대조,손대지 않음 (원본이 그렇게 적음),2026-09-18
듀프렉스 플루톤 블루[PLU](A203-K7077),msds-057,pdf/01_ 도장/KNK/듀프렉스 플루톤 블루 (PLU) (A203-K7077)_MSDS.pdf,2,55447-58-0,"Hexanedioic acid polymer with hexahydro-1,3-isoben","Hexanedioic acid polymer with hexahydro-1,3-isoben",원본과 대조,손대지 않음 (원본이 그렇게 적음),2026-09-18
듀프렉스 플루톤 블루[PLU](A203-K7077),msds-057,pdf/01_ 도장/KNK/듀프렉스 플루톤 블루 (PLU) (A203-K7077)_MSDS.pdf,2,64742-95-6,솔벤트나프타 경질방향족화합물( light aromatic),솔벤트나프타 경질방향족화합물( light aromatic),원본과 대조,손대지 않음 (원본이 그렇게 적음),2026-09-18
듀프렉스 플루톤 블루[PLU](A203-K7077),msds-057,pdf/01_ 도장/KNK/듀프렉스 플루톤 블루 (PLU) (A203-K7077)_MSDS.pdf,2,71-36-3,n-뷰틸 알코올(1-Butanol;n-Butanol),n-뷰틸 알코올(1-Butanol;n-Butanol),원본과 대조,손대지 않음 (원본이 그렇게 적음),2026-09-18
듀프렉스 플루톤 블루[PLU](A203-K7077),msds-057,pdf/01_ 도장/KNK/듀프렉스 플루톤 블루 (PLU) (A203-K7077)_MSDS.pdf,2,7429-90-5,Aluminium,알루미늄,원본과 대조,손대지 않음 (원본과 표기만 다름),2026-09-18
듀프렉스 플루톤 블루[PLU](A203-K7077),msds-057,pdf/01_ 도장/KNK/듀프렉스 플루톤 블루 (PLU) (A203-K7077)_MSDS.pdf,2,7631-86-9,산화규소(Silicon dioxide),산화규소(Silicon dioxide),원본과 대조,손대지 않음 (원본이 그렇게 적음),2026-09-18
듀프렉스 플루톤 블루[PLU](A203-K7077),msds-057,pdf/01_ 도장/KNK/듀프렉스 플루톤 블루 (PLU) (A203-K7077)_MSDS.pdf,2,7727-43-7,"Barium sulfate, natural",황산 바륨,원본과 대조,손대지 않음 (원본과 표기만 다름),2026-09-18
듀프렉스 플루톤 블루[PLU](A203-K7077),msds-057,pdf/01_ 도장/KNK/듀프렉스 플루톤 블루 (PLU) (A203-K7077)_MSDS.pdf,2,78-83-1,2-Methyl-1-propanol;Isobutanol,아이소뷰탄올,원본과 대조,손대지 않음 (원본과 표기만 다름),2026-09-18
듀프렉스 플루톤 블루[PLU](A203-K7077),msds-057,pdf/01_ 도장/KNK/듀프렉스 플루톤 블루 (PLU) (A203-K7077)_MSDS.pdf,2,9004-36-8,"Cellulose, acetate butyrate",셀룰로스 아세테이트 뷰틸레이트,원본과 대조,손대지 않음 (원본과 표기만 다름),2026-09-18
소프렉스#500 무광투명 [G-30](K806-A4005),msds-058,pdf/01_ 도장/KNK/소프렉스#500 무광투명 G-30 (K806-A4005).pdf,2,100-41-4,Ethylbenzene,에틸벤젠,원본과 대조,손대지 않음 (원본과 표기만 다름),2026-09-18
소프렉스#500 무광투명 [G-30](K806-A4005),msds-058,pdf/01_ 도장/KNK/소프렉스#500 무광투명 G-30 (K806-A4005).pdf,2,108-65-6,프로필렌 글리콜모노메틸에테르 이세트산(PMA),프로필렌 글리콜모노메틸에테르 이세트산(PMA),원본과 대조,손대지 않음 (원본이 그렇게 적음),2026-09-18
소프렉스#500 무광투명 [G-30](K806-A4005),msds-058,pdf/01_ 도장/KNK/소프렉스#500 무광투명 G-30 (K806-A4005).pdf,2,108-88-3,톨루엔(Toluene),톨루엔(Toluene),원본과 대조,손대지 않음 (원본이 그렇게 적음),2026-09-18
소프렉스#500 무광투명 [G-30](K806-A4005),msds-058,pdf/01_ 도장/KNK/소프렉스#500 무광투명 G-30 (K806-A4005).pdf,2,112926-00-8,"Synthetic amorphous silica, pptd",이산화 규소,원본과 대조,손대지 않음 (원본과 표기만 다름),2026-09-18
소프렉스#500 무광투명 [G-30](K806-A4005),msds-058,pdf/01_ 도장/KNK/소프렉스#500 무광투명 G-30 (K806-A4005).pdf,2,123-86-4,n-뷰틸 아세트산(n-Butyl acetate),n-뷰틸 아세트산(n-Butyl acetate),원본과 대조,손대지 않음 (원본이 그렇게 적음),2026-09-18
소프렉스#500 무광투명 [G-30](K806-A4005),msds-058,pdf/01_ 도장/KNK/소프렉스#500 무광투명 G-30 (K806-A4005).pdf,2,1330-20-7,자일렌(Xylene),자일렌(Xylene),원본과 대조,손대지 않음 (원본이 그렇게 적음),2026-09-18
소프렉스#500 무광투명 [G-30](K806-A4005),msds-058,pdf/01_ 도장/KNK/소프렉스#500 무광투명 G-30 (K806-A4005).pdf,2,141-78-6,아세트산 에틸(Ethyl acetate),아세트산 에틸(Ethyl acetate),원본과 대조,손대지 않음 (원본이 그렇게 적음),2026-09-18
소프렉스#500 무광투명 [G-30](K806-A4005),msds-058,pdf/01_ 도장/KNK/소프렉스#500 무광투명 G-30 (K806-A4005).pdf,2,52635-21-9,"2-Propenoic acid,2-methyl-,polymer with butyl 2-me","2-Propenoic acid,2-methyl-,polymer with butyl 2-me",원본과 대조,손대지 않음 (원본이 그렇게 적음),2026-09-18
소프렉스#500 무광투명 [G-30](K806-A4005),msds-058,pdf/01_ 도장/KNK/소프렉스#500 무광투명 G-30 (K806-A4005).pdf,2,64742-94-5,솔벤트나프타 중질방향족화합물( heavy aromatic),솔벤트나프타 중질방향족화합물( heavy aromatic),원본과 대조,손대지 않음 (원본이 그렇게 적음),2026-09-18
소프렉스#500 무광투명 [G-30](K806-A4005),msds-058,pdf/01_ 도장/KNK/소프렉스#500 무광투명 G-30 (K806-A4005).pdf,2,64742-95-6,"Solvent naphtha (petroleum), light arom",방향족 경질 나프타 용매(석유),원본과 대조,손대지 않음 (원본과 표기만 다름),2026-09-18
소프렉스#500 크리어 [DL](K806-A0070),msds-059,pdf/01_ 도장/KNK/소프렉스#500 크리어 DL (K806-A0070).pdf,2,100-41-4,Ethylbenzene,에틸벤젠,원본과 대조,손대지 않음 (원본과 표기만 다름),2026-09-18
소프렉스#500 크리어 [DL](K806-A0070),msds-059,pdf/01_ 도장/KNK/소프렉스#500 크리어 DL (K806-A0070).pdf,2,108-65-6,프로필렌 글리콜모노메틸에테르 이세트산(PMA),프로필렌 글리콜모노메틸에테르 이세트산(PMA),원본과 대조,손대지 않음 (원본이 그렇게 적음),2026-09-18
소프렉스#500 크리어 [DL](K806-A0070),msds-059,pdf/01_ 도장/KNK/소프렉스#500 크리어 DL (K806-A0070).pdf,2,108-88-3,Toluene,톨루엔,원본과 대조,손대지 않음 (원본과 표기만 다름),2026-09-18
소프렉스#500 크리어 [DL](K806-A0070),msds-059,pdf/01_ 도장/KNK/소프렉스#500 크리어 DL (K806-A0070).pdf,2,110-19-0,Acetic acid 2-methylpropyl ester;Isobutyl acetate,아이소뷰틸 아세테이트,원본과 대조,손대지 않음 (원본과 표기만 다름),2026-09-18
소프렉스#500 크리어 [DL](K806-A0070),msds-059,pdf/01_ 도장/KNK/소프렉스#500 크리어 DL (K806-A0070).pdf,2,123-86-4,n-뷰틸 아세트산(n-Butyl acetate),n-뷰틸 아세트산(n-Butyl acetate),원본과 대조,손대지 않음 (원본이 그렇게 적음),2026-09-18
소프렉스#500 크리어 [DL](K806-A0070),msds-059,pdf/01_ 도장/KNK/소프렉스#500 크리어 DL (K806-A0070).pdf,2,1330-20-7,자일렌(Xylene),자일렌(Xylene),원본과 대조,손대지 않음 (원본이 그렇게 적음),2026-09-18
소프렉스#500 크리어 [DL](K806-A0070),msds-059,pdf/01_ 도장/KNK/소프렉스#500 크리어 DL (K806-A0070).pdf,2,55447-58-0,"Hexanedioic acid polymer with hexahydro-1,3-isoben","Hexanedioic acid polymer with hexahydro-1,3-isoben",원본과 대조,손대지 않음 (원본이 그렇게 적음),2026-09-18
소프렉스#500 크리어 [DL](K806-A0070),msds-059,pdf/01_ 도장/KNK/소프렉스#500 크리어 DL (K806-A0070).pdf,2,64-17-5,Ethanol;Ethyl alcohol,Ethanol;Ethyl alcohol,원본과 대조,손대지 않음 (원본이 그렇게 적음),2026-09-18
소프렉스#500 크리어 [DL](K806-A0070),msds-059,pdf/01_ 도장/KNK/소프렉스#500 크리어 DL (K806-A0070).pdf,2,64742-95-6,"Solvent naphtha (petroleum), light arom",방향족 경질 나프타 용매(석유),원본과 대조,손대지 않음 (원본과 표기만 다름),2026-09-18
아크렉스 마그마 레드 [OVR](A203-R7054),msds-060,pdf/01_ 도장/KNK/아크렉스 마그마 레드 (OVR) A203R7054.pdf,2,100-41-4,Ethylbenzene,에틸벤젠,원본과 대조,손대지 않음 (원본과 표기만 다름),2026-09-18
아크렉스 마그마 레드 [OVR](A203-R7054),msds-060,pdf/01_ 도장/KNK/아크렉스 마그마 레드 (OVR) A203R7054.pdf,2,108-10-1,"Methylisobutyl ketone, MIBK",4-메틸-2-펜탄온,원본과 대조,손대지 않음 (원본과 표기만 다름),2026-09-18
아크렉스 마그마 레드 [OVR](A203-R7054),msds-060,pdf/01_ 도장/KNK/아크렉스 마그마 레드 (OVR) A203R7054.pdf,2,108-65-6,프로필렌 글리콜모노메틸에테르 이세트산(PMA),프로필렌 글리콜모노메틸에테르 이세트산(PMA),원본과 대조,손대지 않음 (원본이 그렇게 적음),2026-09-18
아크렉스 마그마 레드 [OVR](A203-R7054),msds-060,pdf/01_ 도장/KNK/아크렉스 마그마 레드 (OVR) A203R7054.pdf,2,108-88-3,톨루엔(Toluene),톨루엔(Toluene),원본과 대조,손대지 않음 (원본이 그렇게 적음),2026-09-18
아크렉스 마그마 레드 [OVR](A203-R7054),msds-060,pdf/01_ 도장/KNK/아크렉스 마그마 레드 (OVR) A203R7054.pdf,2,110-19-0,아세트산 아이소뷰틸(Isobutyl acetate),아세트산 아이소뷰틸(Isobutyl acetate),원본과 대조,손대지 않음 (원본이 그렇게 적음),2026-09-18
아크렉스 마그마 레드 [OVR](A203-R7054),msds-060,pdf/01_ 도장/KNK/아크렉스 마그마 레드 (OVR) A203R7054.pdf,2,123-86-4,n-뷰틸 아세트산(n-Butyl acetate),n-뷰틸 아세트산(n-Butyl acetate),원본과 대조,손대지 않음 (원본이 그렇게 적음),2026-09-18
아크렉스 마그마 레드 [OVR](A203-R7054),msds-060,pdf/01_ 도장/KNK/아크렉스 마그마 레드 (OVR) A203R7054.pdf,2,1309-37-1,Diiron trioxide,삼산화 이철,원본과 대조,손대지 않음 (원본과 표기만 다름),2026-09-18
아크렉스 마그마 레드 [OVR](A203-R7054),msds-060,pdf/01_ 도장/KNK/아크렉스 마그마 레드 (OVR) A203R7054.pdf,2,1330-20-7,자일렌(Xylene),자일렌(Xylene),원본과 대조,손대지 않음 (원본이 그렇게 적음),2026-09-18
아크렉스 마그마 레드 [OVR](A203-R7054),msds-060,pdf/01_ 도장/KNK/아크렉스 마그마 레드 (OVR) A203R7054.pdf,2,1333-86-4,Carbon black,카본 블랙,원본과 대조,손대지 않음 (원본과 표기만 다름),2026-09-18
아크렉스 마그마 레드 [OVR](A203-R7054),msds-060,pdf/01_ 도장/KNK/아크렉스 마그마 레드 (OVR) A203R7054.pdf,2,141-78-6,Acetic acid ethyl ester;Ethyl acetate,아세트산 에틸,원본과 대조,손대지 않음 (원본과 표기만 다름),2026-09-18
아크렉스 마그마 레드 [OVR](A203-R7054),msds-060,pdf/01_ 도장/KNK/아크렉스 마그마 레드 (OVR) A203R7054.pdf,2,25035-69-2,2-Methyl-2-propenoic acid polymer,2-Methyl-2-propenoic acid polymer,원본과 대조,손대지 않음 (원본이 그렇게 적음),2026-09-18
아크렉스 마그마 레드 [OVR](A203-R7054),msds-060,pdf/01_ 도장/KNK/아크렉스 마그마 레드 (OVR) A203R7054.pdf,2,36487-02-2,POLYESTER RESIN,POLYESTER RESIN,원본과 대조,손대지 않음 (원본이 그렇게 적음),2026-09-18
아크렉스 마그마 레드 [OVR](A203-R7054),msds-060,pdf/01_ 도장/KNK/아크렉스 마그마 레드 (OVR) A203R7054.pdf,2,5521-31-3,C.I. pigment red 179,C.I. pigment red 179,원본과 대조,손대지 않음 (원본이 그렇게 적음),2026-09-18
아크렉스 마그마 레드 [OVR](A203-R7054),msds-060,pdf/01_ 도장/KNK/아크렉스 마그마 레드 (OVR) A203R7054.pdf,2,56292-26-3,ACRYL RESIN,ACRYL RESIN,원본과 대조,손대지 않음 (원본이 그렇게 적음),2026-09-18
아크렉스 마그마 레드 [OVR](A203-R7054),msds-060,pdf/01_ 도장/KNK/아크렉스 마그마 레드 (OVR) A203R7054.pdf,2,64-17-5,Ethanol;Ethyl alcohol,Ethanol;Ethyl alcohol,원본과 대조,손대지 않음 (원본이 그렇게 적음),2026-09-18
아크렉스 마그마 레드 [OVR](A203-R7054),msds-060,pdf/01_ 도장/KNK/아크렉스 마그마 레드 (OVR) A203R7054.pdf,2,64742-95-6,솔벤트나프타 경질방향족화합물( light aromatic),솔벤트나프타 경질방향족화합물( light aromatic),원본과 대조,손대지 않음 (원본이 그렇게 적음),2026-09-18
아크렉스 마그마 레드 [OVR](A203-R7054),msds-060,pdf/01_ 도장/KNK/아크렉스 마그마 레드 (OVR) A203R7054.pdf,2,65997-17-3,"Glass, oxide","Glass, oxide",원본과 대조,손대지 않음 (원본이 그렇게 적음),2026-09-18
아크렉스 마그마 레드 [OVR](A203-R7054),msds-060,pdf/01_ 도장/KNK/아크렉스 마그마 레드 (OVR) A203R7054.pdf,2,71-36-3,n-뷰틸 알코올(1-Butanol;n-Butanol),n-뷰틸 알코올(1-Butanol;n-Butanol),원본과 대조,손대지 않음 (원본이 그렇게 적음),2026-09-18
아크렉스 마그마 레드 [OVR](A203-R7054),msds-060,pdf/01_ 도장/KNK/아크렉스 마그마 레드 (OVR) A203R7054.pdf,2,7727-43-7,"Barium sulfate, natural",황산 바륨,원본과 대조,손대지 않음 (원본과 표기만 다름),2026-09-18
아크렉스 아이보리 실버 [ISG](A203-S7058),msds-061,pdf/01_ 도장/KNK/아크렉스 아이보리 실버 (ISG)A203S7058.pdf,2,100-41-4,Ethylbenzene,에틸벤젠,원본과 대조,손대지 않음 (원본과 표기만 다름),2026-09-18
아크렉스 아이보리 실버 [ISG](A203-S7058),msds-061,pdf/01_ 도장/KNK/아크렉스 아이보리 실버 (ISG)A203S7058.pdf,2,107-98-2,Propylene glycol monomethyl ether,Propylene glycol monomethyl ether,원본과 대조,손대지 않음 (원본이 그렇게 적음),2026-09-18
아크렉스 아이보리 실버 [ISG](A203-S7058),msds-061,pdf/01_ 도장/KNK/아크렉스 아이보리 실버 (ISG)A203S7058.pdf,2,108-10-1,"Methylisobutyl ketone, MIBK",4-메틸-2-펜탄온,원본과 대조,손대지 않음 (원본과 표기만 다름),2026-09-18
아크렉스 아이보리 실버 [ISG](A203-S7058),msds-061,pdf/01_ 도장/KNK/아크렉스 아이보리 실버 (ISG)A203S7058.pdf,2,108-65-6,프로필렌 글리콜모노메틸에테르 이세트산(PMA),프로필렌 글리콜모노메틸에테르 이세트산(PMA),원본과 대조,손대지 않음 (원본이 그렇게 적음),2026-09-18
아크렉스 아이보리 실버 [ISG](A203-S7058),msds-061,pdf/01_ 도장/KNK/아크렉스 아이보리 실버 (ISG)A203S7058.pdf,2,108-88-3,톨루엔(Toluene),톨루엔(Toluene),원본과 대조,손대지 않음 (원본이 그렇게 적음),2026-09-18
아크렉스 아이보리 실버 [ISG](A203-S7058),msds-061,pdf/01_ 도장/KNK/아크렉스 아이보리 실버 (ISG)A203S7058.pdf,2,110-19-0,아세트산 아이소뷰틸(Isobutyl acetate),아세트산 아이소뷰틸(Isobutyl acetate),원본과 대조,손대지 않음 (원본이 그렇게 적음),2026-09-18
아크렉스 아이보리 실버 [ISG](A203-S7058),msds-061,pdf/01_ 도장/KNK/아크렉스 아이보리 실버 (ISG)A203S7058.pdf,2,123-86-4,n-뷰틸 아세트산(n-Butyl acetate),n-뷰틸 아세트산(n-Butyl acetate),원본과 대조,손대지 않음 (원본이 그렇게 적음),2026-09-18
아크렉스 아이보리 실버 [ISG](A203-S7058),msds-061,pdf/01_ 도장/KNK/아크렉스 아이보리 실버 (ISG)A203S7058.pdf,2,1330-20-7,자일렌(Xylene),자일렌(Xylene),원본과 대조,손대지 않음 (원본이 그렇게 적음),2026-09-18
아크렉스 아이보리 실버 [ISG](A203-S7058),msds-061,pdf/01_ 도장/KNK/아크렉스 아이보리 실버 (ISG)A203S7058.pdf,2,13463-67-7,이산화티타늄(Titanium dioxide),이산화티타늄(Titanium dioxide),원본과 대조,손대지 않음 (원본이 그렇게 적음),2026-09-18
아크렉스 아이보리 실버 [ISG](A203-S7058),msds-061,pdf/01_ 도장/KNK/아크렉스 아이보리 실버 (ISG)A203S7058.pdf,2,141-78-6,Acetic acid ethyl ester;Ethyl acetate,아세트산 에틸,원본과 대조,손대지 않음 (원본과 표기만 다름),2026-09-18
아크렉스 아이보리 실버 [ISG](A203-S7058),msds-061,pdf/01_ 도장/KNK/아크렉스 아이보리 실버 (ISG)A203S7058.pdf,2,25035-69-2,2-Methyl-2-propenoic acid polymer,2-Methyl-2-propenoic acid polymer,원본과 대조,손대지 않음 (원본이 그렇게 적음),2026-09-18
아크렉스 아이보리 실버 [ISG](A203-S7058),msds-061,pdf/01_ 도장/KNK/아크렉스 아이보리 실버 (ISG)A203S7058.pdf,2,25951-39-7,Acrylic copolymer,Acrylic copolymer,원본과 대조,손대지 않음 (원본이 그렇게 적음),2026-09-18
아크렉스 아이보리 실버 [ISG](A203-S7058),msds-061,pdf/01_ 도장/KNK/아크렉스 아이보리 실버 (ISG)A203S7058.pdf,2,36487-02-2,POLYESTER RESIN,POLYESTER RESIN,원본과 대조,손대지 않음 (원본이 그렇게 적음),2026-09-18
아크렉스 아이보리 실버 [ISG](A203-S7058),msds-061,pdf/01_ 도장/KNK/아크렉스 아이보리 실버 (ISG)A203S7058.pdf,2,56292-26-3,ACRYL RESIN,ACRYL RESIN,원본과 대조,손대지 않음 (원본이 그렇게 적음),2026-09-18
아크렉스 아이보리 실버 [ISG](A203-S7058),msds-061,pdf/01_ 도장/KNK/아크렉스 아이보리 실버 (ISG)A203S7058.pdf,2,64742-48-9,"Naphtha (petroleum), hydrotreated heavy",수소처리된 중질 나프타 (석유),원본과 대조,손대지 않음 (원본과 표기만 다름),2026-09-18
아크렉스 아이보리 실버 [ISG](A203-S7058),msds-061,pdf/01_ 도장/KNK/아크렉스 아이보리 실버 (ISG)A203S7058.pdf,2,64742-88-7,"Solvent naphtha (petroleum), medium aliph","Solvent naphtha (petroleum), medium aliph.",원본과 대조,손대지 않음 (원본이 그렇게 적음),2026-09-18
아크렉스 아이보리 실버 [ISG](A203-S7058),msds-061,pdf/01_ 도장/KNK/아크렉스 아이보리 실버 (ISG)A203S7058.pdf,2,64742-95-6,솔벤트나프타 경질방향족화합물( light aromatic),솔벤트나프타 경질방향족화합물( light aromatic),원본과 대조,손대지 않음 (원본이 그렇게 적음),2026-09-18
아크렉스 아이보리 실버 [ISG](A203-S7058),msds-061,pdf/01_ 도장/KNK/아크렉스 아이보리 실버 (ISG)A203S7058.pdf,2,71-36-3,n-뷰틸 알코올(1-Butanol;n-Butanol),n-뷰틸 알코올(1-Butanol;n-Butanol),원본과 대조,손대지 않음 (원본이 그렇게 적음),2026-09-18
아크렉스 아이보리 실버 [ISG](A203-S7058),msds-061,pdf/01_ 도장/KNK/아크렉스 아이보리 실버 (ISG)A203S7058.pdf,2,7429-90-5,Aluminium,알루미늄,원본과 대조,손대지 않음 (원본과 표기만 다름),2026-09-18
아크렉스 아이스버그 그린 [IEG](A203-G7033),msds-062,pdf/01_ 도장/KNK/아크렉스 아이스버그 그린 (IEG)A203G7033.pdf,2,107-98-2,Propylene glycol monomethyl ether,Propylene glycol monomethyl ether,원본과 대조,손대지 않음 (원본이 그렇게 적음),2026-09-18
아크렉스 아이스버그 그린 [IEG](A203-G7033),msds-062,pdf/01_ 도장/KNK/아크렉스 아이스버그 그린 (IEG)A203G7033.pdf,2,108-10-1,"Methylisobutyl ketone, MIBK",4-메틸-2-펜탄온,원본과 대조,손대지 않음 (원본과 표기만 다름),2026-09-18
아크렉스 아이스버그 그린 [IEG](A203-G7033),msds-062,pdf/01_ 도장/KNK/아크렉스 아이스버그 그린 (IEG)A203G7033.pdf,2,108-65-6,프로필렌 글리콜모노메틸에테르 이세트산(PMA),프로필렌 글리콜모노메틸에테르 이세트산(PMA),원본과 대조,손대지 않음 (원본이 그렇게 적음),2026-09-18
아크렉스 아이스버그 그린 [IEG](A203-G7033),msds-062,pdf/01_ 도장/KNK/아크렉스 아이스버그 그린 (IEG)A203G7033.pdf,2,108-88-3,톨루엔(Toluene),톨루엔(Toluene),원본과 대조,손대지 않음 (원본이 그렇게 적음),2026-09-18
아크렉스 아이스버그 그린 [IEG](A203-G7033),msds-062,pdf/01_ 도장/KNK/아크렉스 아이스버그 그린 (IEG)A203G7033.pdf,2,110-19-0,아세트산 아이소뷰틸(Isobutyl acetate),아세트산 아이소뷰틸(Isobutyl acetate),원본과 대조,손대지 않음 (원본이 그렇게 적음),2026-09-18
아크렉스 아이스버그 그린 [IEG](A203-G7033),msds-062,pdf/01_ 도장/KNK/아크렉스 아이스버그 그린 (IEG)A203G7033.pdf,2,12001-26-2,Mica-group minerals,Mica-group minerals,원본과 대조,손대지 않음 (원본이 그렇게 적음),2026-09-18
아크렉스 아이스버그 그린 [IEG](A203-G7033),msds-062,pdf/01_ 도장/KNK/아크렉스 아이스버그 그린 (IEG)A203G7033.pdf,2,12239-87-1,Copper chloro- phthalocyanine,Copper chloro- phthalocyanine,원본과 대조,손대지 않음 (원본이 그렇게 적음),2026-09-18
아크렉스 아이스버그 그린 [IEG](A203-G7033),msds-062,pdf/01_ 도장/KNK/아크렉스 아이스버그 그린 (IEG)A203G7033.pdf,2,123-86-4,n-뷰틸 아세트산(n-Butyl acetate),n-뷰틸 아세트산(n-Butyl acetate),원본과 대조,손대지 않음 (원본이 그렇게 적음),2026-09-18
아크렉스 아이스버그 그린 [IEG](A203-G7033),msds-062,pdf/01_ 도장/KNK/아크렉스 아이스버그 그린 (IEG)A203G7033.pdf,2,1309-37-1,Diiron trioxide,삼산화 이철,원본과 대조,손대지 않음 (원본과 표기만 다름),2026-09-18
아크렉스 아이스버그 그린 [IEG](A203-G7033),msds-062,pdf/01_ 도장/KNK/아크렉스 아이스버그 그린 (IEG)A203G7033.pdf,2,1330-20-7,자일렌(Xylene),자일렌(Xylene),원본과 대조,손대지 않음 (원본이 그렇게 적음),2026-09-18
아크렉스 아이스버그 그린 [IEG](A203-G7033),msds-062,pdf/01_ 도장/KNK/아크렉스 아이스버그 그린 (IEG)A203G7033.pdf,2,1333-86-4,Carbon black,카본 블랙,원본과 대조,손대지 않음 (원본과 표기만 다름),2026-09-18
아크렉스 아이스버그 그린 [IEG](A203-G7033),msds-062,pdf/01_ 도장/KNK/아크렉스 아이스버그 그린 (IEG)A203G7033.pdf,2,13463-67-7,이산화티타늄(Titanium dioxide),이산화티타늄(Titanium dioxide),원본과 대조,손대지 않음 (원본이 그렇게 적음),2026-09-18
아크렉스 아이스버그 그린 [IEG](A203-G7033),msds-062,pdf/01_ 도장/KNK/아크렉스 아이스버그 그린 (IEG)A203G7033.pdf,2,141-78-6,Acetic acid ethyl ester;Ethyl acetate,아세트산 에틸,원본과 대조,손대지 않음 (원본과 표기만 다름),2026-09-18
아크렉스 아이스버그 그린 [IEG](A203-G7033),msds-062,pdf/01_ 도장/KNK/아크렉스 아이스버그 그린 (IEG)A203G7033.pdf,2,25035-69-2,2-Methyl-2-propenoic acid polymer,2-Methyl-2-propenoic acid polymer,원본과 대조,손대지 않음 (원본이 그렇게 적음),2026-09-18
아크렉스 아이스버그 그린 [IEG](A203-G7033),msds-062,pdf/01_ 도장/KNK/아크렉스 아이스버그 그린 (IEG)A203G7033.pdf,2,36487-02-2,POLYESTER RESIN,POLYESTER RESIN,원본과 대조,손대지 않음 (원본이 그렇게 적음),2026-09-18
아크렉스 아이스버그 그린 [IEG](A203-G7033),msds-062,pdf/01_ 도장/KNK/아크렉스 아이스버그 그린 (IEG)A203G7033.pdf,2,56292-26-3,ACRYL RESIN,ACRYL RESIN,원본과 대조,손대지 않음 (원본이 그렇게 적음),2026-09-18
아크렉스 아이스버그 그린 [IEG](A203-G7033),msds-062,pdf/01_ 도장/KNK/아크렉스 아이스버그 그린 (IEG)A203G7033.pdf,2,63148-62-9,"Siloxanes and silicones, di-Me","Siloxanes and silicones, di-Me",원본과 대조,손대지 않음 (원본이 그렇게 적음),2026-09-18
아크렉스 아이스버그 그린 [IEG](A203-G7033),msds-062,pdf/01_ 도장/KNK/아크렉스 아이스버그 그린 (IEG)A203G7033.pdf,2,64-17-5,Ethanol;Ethyl alcohol,Ethanol;Ethyl alcohol,원본과 대조,손대지 않음 (원본이 그렇게 적음),2026-09-18
아크렉스 아이스버그 그린 [IEG](A203-G7033),msds-062,pdf/01_ 도장/KNK/아크렉스 아이스버그 그린 (IEG)A203G7033.pdf,2,64742-48-9,"Naphtha (petroleum), hydrotreated heavy",수소처리된 중질 나프타 (석유),원본과 대조,손대지 않음 (원본과 표기만 다름),2026-09-18
아크렉스 아이스버그 그린 [IEG](A203-G7033),msds-062,pdf/01_ 도장/KNK/아크렉스 아이스버그 그린 (IEG)A203G7033.pdf,2,64742-95-6,솔벤트나프타 경질방향족화합물( light aromatic),솔벤트나프타 경질방향족화합물( light aromatic),원본과 대조,손대지 않음 (원본이 그렇게 적음),2026-09-18
아크렉스 아이스버그 그린 [IEG](A203-G7033),msds-062,pdf/01_ 도장/KNK/아크렉스 아이스버그 그린 (IEG)A203G7033.pdf,2,67-63-0,이소프로필알콜(2-Propanol;Isopropyl alcohol),이소프로필알콜(2-Propanol;Isopropyl alcohol),원본과 대조,손대지 않음 (원본이 그렇게 적음),2026-09-18
아크렉스 아이스버그 그린 [IEG](A203-G7033),msds-062,pdf/01_ 도장/KNK/아크렉스 아이스버그 그린 (IEG)A203G7033.pdf,2,71-36-3,n-뷰틸 알코올(1-Butanol;n-Butanol),n-뷰틸 알코올(1-Butanol;n-Butanol),원본과 대조,손대지 않음 (원본이 그렇게 적음),2026-09-18
아크렉스 아이스버그 그린 [IEG](A203-G7033),msds-062,pdf/01_ 도장/KNK/아크렉스 아이스버그 그린 (IEG)A203G7033.pdf,2,7429-90-5,Aluminium,알루미늄,원본과 대조,손대지 않음 (원본과 표기만 다름),2026-09-18
아크렉스 아이스버그 그린 [IEG](A203-G7033),msds-062,pdf/01_ 도장/KNK/아크렉스 아이스버그 그린 (IEG)A203G7033.pdf,2,78-83-1,2-Methyl-1-propanol;Isobutanol,아이소뷰탄올,원본과 대조,손대지 않음 (원본과 표기만 다름),2026-09-18
아크렉스 프로스트 블루 [EBB](A203-K7079),msds-063,pdf/01_ 도장/KNK/아크렉스 프로스트 블루 (EBB)A203K7079.pdf,2,108-10-1,"Methylisobutyl ketone, MIBK",4-메틸-2-펜탄온,원본과 대조,손대지 않음 (원본과 표기만 다름),2026-09-18
아크렉스 프로스트 블루 [EBB](A203-K7079),msds-063,pdf/01_ 도장/KNK/아크렉스 프로스트 블루 (EBB)A203K7079.pdf,2,108-65-6,프로필렌 글리콜모노메틸에테르 이세트산(PMA),프로필렌 글리콜모노메틸에테르 이세트산(PMA),원본과 대조,손대지 않음 (원본이 그렇게 적음),2026-09-18
아크렉스 프로스트 블루 [EBB](A203-K7079),msds-063,pdf/01_ 도장/KNK/아크렉스 프로스트 블루 (EBB)A203K7079.pdf,2,108-88-3,톨루엔(Toluene),톨루엔(Toluene),원본과 대조,손대지 않음 (원본이 그렇게 적음),2026-09-18
아크렉스 프로스트 블루 [EBB](A203-K7079),msds-063,pdf/01_ 도장/KNK/아크렉스 프로스트 블루 (EBB)A203K7079.pdf,2,110-19-0,아세트산 아이소뷰틸(Isobutyl acetate),아세트산 아이소뷰틸(Isobutyl acetate),원본과 대조,손대지 않음 (원본이 그렇게 적음),2026-09-18
아크렉스 프로스트 블루 [EBB](A203-K7079),msds-063,pdf/01_ 도장/KNK/아크렉스 프로스트 블루 (EBB)A203K7079.pdf,2,111-76-2,Ethylene glycol monobutyl ether,2-뷰톡시에탄올,원본과 대조,손대지 않음 (원본과 표기만 다름),2026-09-18
아크렉스 프로스트 블루 [EBB](A203-K7079),msds-063,pdf/01_ 도장/KNK/아크렉스 프로스트 블루 (EBB)A203K7079.pdf,2,112-07-2,Butyl cellosolve acetate,"2-뷰톡시에탄올, 아세테이트",원본과 대조,손대지 않음 (원본과 표기만 다름),2026-09-18
아크렉스 프로스트 블루 [EBB](A203-K7079),msds-063,pdf/01_ 도장/KNK/아크렉스 프로스트 블루 (EBB)A203K7079.pdf,2,123-86-4,n-뷰틸 아세트산(n-Butyl acetate),n-뷰틸 아세트산(n-Butyl acetate),원본과 대조,손대지 않음 (원본이 그렇게 적음),2026-09-18
아크렉스 프로스트 블루 [EBB](A203-K7079),msds-063,pdf/01_ 도장/KNK/아크렉스 프로스트 블루 (EBB)A203K7079.pdf,2,1330-20-7,자일렌(Xylene),자일렌(Xylene),원본과 대조,손대지 않음 (원본이 그렇게 적음),2026-09-18
아크렉스 프로스트 블루 [EBB](A203-K7079),msds-063,pdf/01_ 도장/KNK/아크렉스 프로스트 블루 (EBB)A203K7079.pdf,2,1333-86-4,Carbon black,카본 블랙,원본과 대조,손대지 않음 (원본과 표기만 다름),2026-09-18
아크렉스 프로스트 블루 [EBB](A203-K7079),msds-063,pdf/01_ 도장/KNK/아크렉스 프로스트 블루 (EBB)A203K7079.pdf,2,13463-67-7,이산화티타늄(Titanium dioxide),이산화티타늄(Titanium dioxide),원본과 대조,손대지 않음 (원본이 그렇게 적음),2026-09-18
아크렉스 프로스트 블루 [EBB](A203-K7079),msds-063,pdf/01_ 도장/KNK/아크렉스 프로스트 블루 (EBB)A203K7079.pdf,2,141-78-6,Acetic acid ethyl ester;Ethyl acetate,아세트산 에틸,원본과 대조,손대지 않음 (원본과 표기만 다름),2026-09-18
아크렉스 프로스트 블루 [EBB](A203-K7079),msds-063,pdf/01_ 도장/KNK/아크렉스 프로스트 블루 (EBB)A203K7079.pdf,2,21645-51-2,수산화알류미늄(Aluminium hydroxide),수산화알류미늄(Aluminium hydroxide),원본과 대조,손대지 않음 (원본이 그렇게 적음),2026-09-18
아크렉스 프로스트 블루 [EBB](A203-K7079),msds-063,pdf/01_ 도장/KNK/아크렉스 프로스트 블루 (EBB)A203K7079.pdf,2,25035-69-2,2-Methyl-2-propenoic acid polymer,2-Methyl-2-propenoic acid polymer,원본과 대조,손대지 않음 (원본이 그렇게 적음),2026-09-18
아크렉스 프로스트 블루 [EBB](A203-K7079),msds-063,pdf/01_ 도장/KNK/아크렉스 프로스트 블루 (EBB)A203K7079.pdf,2,36487-02-2,POLYESTER RESIN,POLYESTER RESIN,원본과 대조,손대지 않음 (원본이 그렇게 적음),2026-09-18
아크렉스 프로스트 블루 [EBB](A203-K7079),msds-063,pdf/01_ 도장/KNK/아크렉스 프로스트 블루 (EBB)A203K7079.pdf,2,56292-26-3,ACRYL RESIN,ACRYL RESIN,원본과 대조,손대지 않음 (원본이 그렇게 적음),2026-09-18
아크렉스 프로스트 블루 [EBB](A203-K7079),msds-063,pdf/01_ 도장/KNK/아크렉스 프로스트 블루 (EBB)A203K7079.pdf,2,64-17-5,Ethanol;Ethyl alcohol,Ethanol;Ethyl alcohol,원본과 대조,손대지 않음 (원본이 그렇게 적음),2026-09-18
아크렉스 프로스트 블루 [EBB](A203-K7079),msds-063,pdf/01_ 도장/KNK/아크렉스 프로스트 블루 (EBB)A203K7079.pdf,2,64742-95-6,솔벤트나프타 경질방향족화합물( light aromatic),솔벤트나프타 경질방향족화합물( light aromatic),원본과 대조,손대지 않음 (원본이 그렇게 적음),2026-09-18
아크렉스 프로스트 블루 [EBB](A203-K7079),msds-063,pdf/01_ 도장/KNK/아크렉스 프로스트 블루 (EBB)A203K7079.pdf,2,71-36-3,n-뷰틸 알코올(1-Butanol;n-Butanol),n-뷰틸 알코올(1-Butanol;n-Butanol),원본과 대조,손대지 않음 (원본이 그렇게 적음),2026-09-18
아크렉스 프로스트 블루 [EBB](A203-K7079),msds-063,pdf/01_ 도장/KNK/아크렉스 프로스트 블루 (EBB)A203K7079.pdf,2,7631-86-9,"산화규소(Silicon dioxide), 실리카(amorphous)","산화규소(Silicon dioxide), 실리카(amorphous)",원본과 대조,손대지 않음 (원본이 그렇게 적음),2026-09-18
R1252,msds-064,pdf/00_ 사출/대하/R1252.pdf,1,14807-96-6,"활석, 비-석면 형","활석, 비-석면 형",원본과 대조,손대지 않음 (원본이 그렇게 적음),2026-09-18
R1252,msds-064,pdf/00_ 사출/대하/R1252.pdf,1,9010-79-1,에틸렌-프로필렌 공중합체(ETHYLENE-PROPYLENE COPOLYMER),에틸렌-프로필렌 공중합체(ETHYLENE-PROPYLENE COPOLYMER),원본과 대조,손대지 않음 (원본이 그렇게 적음),2026-09-18
SW920S-COLOR,msds-065,pdf/00_ 사출/대하/SW920S-COLOR.pdf,1,65997-17-3,유리섬유 울(FIBERGLASS WOOL),유리섬유 울(FIBERGLASS WOOL),원본과 대조,손대지 않음 (원본이 그렇게 적음),2026-09-18
SW920S-COLOR,msds-065,pdf/00_ 사출/대하/SW920S-COLOR.pdf,1,14807-96-6,"활석, 비-석면 형","활석, 비-석면 형",원본과 대조,손대지 않음 (원본이 그렇게 적음),2026-09-18
SW920S-COLOR,msds-065,pdf/00_ 사출/대하/SW920S-COLOR.pdf,1,26221-73-8,에텐-1-옥텐 공중합체(ETHENE-1-OCTENE COPOLYMER),에텐-1-옥텐 공중합체(ETHENE-1-OCTENE COPOLYMER),원본과 대조,손대지 않음 (원본이 그렇게 적음),2026-09-18
SW920S-COLOR,msds-065,pdf/00_ 사출/대하/SW920S-COLOR.pdf,1,9010-79-1,에틸렌-프로필렌 공중합체(ETHYLENE-PROPYLENE COPOLYMER),에틸렌-프로필렌 공중합체(ETHYLENE-PROPYLENE COPOLYMER),원본과 대조,손대지 않음 (원본이 그렇게 적음),2026-09-18
HW160-COLOR,msds-066,pdf/00_ 사출/대하/HW160-COLOR.pdf,1,65997-17-3,유리섬유 울(FIBERGLASS WOOL),유리섬유 울(FIBERGLASS WOOL),원본과 대조,손대지 않음 (원본이 그렇게 적음),2026-09-18
HW160-COLOR,msds-066,pdf/00_ 사출/대하/HW160-COLOR.pdf,1,14807-96-6,"활석, 비-석면 형","활석, 비-석면 형",원본과 대조,손대지 않음 (원본이 그렇게 적음),2026-09-18
HW160-COLOR,msds-066,pdf/00_ 사출/대하/HW160-COLOR.pdf,1,26221-73-8,에텐-1-옥텐 공중합체(ETHENE-1-OCTENE COPOLYMER),에텐-1-옥텐 공중합체(ETHENE-1-OCTENE COPOLYMER),원본과 대조,손대지 않음 (원본이 그렇게 적음),2026-09-18
HW160-COLOR,msds-066,pdf/00_ 사출/대하/HW160-COLOR.pdf,1,9010-79-1,에틸렌-프로필렌 공중합체(ETHYLENE-PROPYLENE COPOLYMER),에틸렌-프로필렌 공중합체(ETHYLENE-PROPYLENE COPOLYMER),원본과 대조,손대지 않음 (원본이 그렇게 적음),2026-09-18
"M1352(A,C,G,JY,X,IJ,H,D,DH,T)-COLOR",msds-067,"pdf/00_ 사출/대하/M1352(A, C, G, JY, X, IJ, H, D, DH, T)-COLOR   .pdf",1,14807-96-6,"활석, 비-석면 형","활석, 비-석면 형",원본과 대조,손대지 않음 (원본이 그렇게 적음),2026-09-18
"M1352(A,C,G,JY,X,IJ,H,D,DH,T)-COLOR",msds-067,"pdf/00_ 사출/대하/M1352(A, C, G, JY, X, IJ, H, D, DH, T)-COLOR   .pdf",1,9010-79-1,에틸렌-프로필렌 공중합체(ETHYLENE-PROPYLENE COPOLYMER),에틸렌-프로필렌 공중합체(ETHYLENE-PROPYLENE COPOLYMER),원본과 대조,손대지 않음 (원본이 그렇게 적음),2026-09-18
"M7153(MF,CM,J,JL,M,JL-2,YFS,FS,TQ,VF,YI,VI,YV,V,V-2,Y,YL,L,BS,YG,YS,YM,YSK,YFS-W,K,FSJ,MD)",msds-068,"pdf/00_ 사출/대하/M7153(MF, CM, J, JL, M, JL-2, YFS, FS, TQ, VF, YI, VI, YV, V, V-2, Y, YL, L, BS, YG, YS, YM, YSK, YFS-W, K, FSJ, MD).pdf",1,14807-96-6,"활석, 비-석면 형","활석, 비-석면 형",원본과 대조,손대지 않음 (원본이 그렇게 적음),2026-09-18
"M7153(MF,CM,J,JL,M,JL-2,YFS,FS,TQ,VF,YI,VI,YV,V,V-2,Y,YL,L,BS,YG,YS,YM,YSK,YFS-W,K,FSJ,MD)",msds-068,"pdf/00_ 사출/대하/M7153(MF, CM, J, JL, M, JL-2, YFS, FS, TQ, VF, YI, VI, YV, V, V-2, Y, YL, L, BS, YG, YS, YM, YSK, YFS-W, K, FSJ, MD).pdf",1,26221-73-8,에텐-1-옥텐 공중합체(ETHENE-1-OCTENE COPOLYMER),에텐-1-옥텐 공중합체(ETHENE-1-OCTENE COPOLYMER),원본과 대조,손대지 않음 (원본이 그렇게 적음),2026-09-18
"M7153(MF,CM,J,JL,M,JL-2,YFS,FS,TQ,VF,YI,VI,YV,V,V-2,Y,YL,L,BS,YG,YS,YM,YSK,YFS-W,K,FSJ,MD)",msds-068,"pdf/00_ 사출/대하/M7153(MF, CM, J, JL, M, JL-2, YFS, FS, TQ, VF, YI, VI, YV, V, V-2, Y, YL, L, BS, YG, YS, YM, YSK, YFS-W, K, FSJ, MD).pdf",1,9010-79-1,에틸렌-프로필렌 공중합체(ETHYLENE-PROPYLENE COPOLYMER),에틸렌-프로필렌 공중합체(ETHYLENE-PROPYLENE COPOLYMER),원본과 대조,손대지 않음 (원본이 그렇게 적음),2026-09-18
"M7392(T,TA,TH,TS,TKV,D,JA,F,MF,J,ET,ED,E,EDC,Q,QR,QF,CN,CNR,CNF,HCN,THC)",msds-069,"pdf/00_ 사출/대하/M7392(T, TA, TH, TS, TKV, D, JA, F, MF,  J, ET, ED, E, EDC,Q,QR,QF,CN,CNR,CNF, HCN, THC).pdf",1,14807-96-6,"활석, 비-석면 형","활석, 비-석면 형",원본과 대조,손대지 않음 (원본이 그렇게 적음),2026-09-18
"M7392(T,TA,TH,TS,TKV,D,JA,F,MF,J,ET,ED,E,EDC,Q,QR,QF,CN,CNR,CNF,HCN,THC)",msds-069,"pdf/00_ 사출/대하/M7392(T, TA, TH, TS, TKV, D, JA, F, MF,  J, ET, ED, E, EDC,Q,QR,QF,CN,CNR,CNF, HCN, THC).pdf",1,26221-73-8,에텐-1-옥텐 공중합체(ETHENE-1-OCTENE COPOLYMER),에텐-1-옥텐 공중합체(ETHENE-1-OCTENE COPOLYMER),원본과 대조,손대지 않음 (원본이 그렇게 적음),2026-09-18
"M7392(T,TA,TH,TS,TKV,D,JA,F,MF,J,ET,ED,E,EDC,Q,QR,QF,CN,CNR,CNF,HCN,THC)",msds-069,"pdf/00_ 사출/대하/M7392(T, TA, TH, TS, TKV, D, JA, F, MF,  J, ET, ED, E, EDC,Q,QR,QF,CN,CNR,CNF, HCN, THC).pdf",1,9010-79-1,에틸렌-프로필렌 공중합체(ETHYLENE-PROPYLENE COPOLYMER),에틸렌-프로필렌 공중합체(ETHYLENE-PROPYLENE COPOLYMER),원본과 대조,손대지 않음 (원본이 그렇게 적음),2026-09-18
"M7392(U,UE,UQ,UE-AD,UM,UT,UTL,UTR,UTRF,UTRR,UX,UXC,USX,USX-2,UC,TU,AU,UP,USK,UY,ULP,ULX,ULPG,UQR,ULC)",msds-070,"pdf/00_ 사출/대하/M7392(U,UE,UQ,UE-AD, UM, UT, UTL, UTR, UTRF, UTRR, UX, UXC ,USX, USX-2, UC, TU, AU, UP,USK, ,UY,ULP, ULX,ULPG,UQR, ULC..pdf",1,14807-96-6,"활석, 비-석면 형","활석, 비-석면 형",원본과 대조,손대지 않음 (원본이 그렇게 적음),2026-09-18
"M7392(U,UE,UQ,UE-AD,UM,UT,UTL,UTR,UTRF,UTRR,UX,UXC,USX,USX-2,UC,TU,AU,UP,USK,UY,ULP,ULX,ULPG,UQR,ULC)",msds-070,"pdf/00_ 사출/대하/M7392(U,UE,UQ,UE-AD, UM, UT, UTL, UTR, UTRF, UTRR, UX, UXC ,USX, USX-2, UC, TU, AU, UP,USK, ,UY,ULP, ULX,ULPG,UQR, ULC..pdf",1,26221-73-8,에텐-1-옥텐 공중합체(ETHENE-1-OCTENE COPOLYMER),에텐-1-옥텐 공중합체(ETHENE-1-OCTENE COPOLYMER),원본과 대조,손대지 않음 (원본이 그렇게 적음),2026-09-18
"M7392(U,UE,UQ,UE-AD,UM,UT,UTL,UTR,UTRF,UTRR,UX,UXC,USX,USX-2,UC,TU,AU,UP,USK,UY,ULP,ULX,ULPG,UQR,ULC)",msds-070,"pdf/00_ 사출/대하/M7392(U,UE,UQ,UE-AD, UM, UT, UTL, UTR, UTRF, UTRR, UX, UXC ,USX, USX-2, UC, TU, AU, UP,USK, ,UY,ULP, ULX,ULPG,UQR, ULC..pdf",1,9010-79-1,에틸렌-프로필렌 공중합체(ETHYLENE-PROPYLENE COPOLYMER),에틸렌-프로필렌 공중합체(ETHYLENE-PROPYLENE COPOLYMER),원본과 대조,손대지 않음 (원본이 그렇게 적음),2026-09-18
"SUPOL HR580U, SUPOL HR580UIN, SUPOL HR580UX",msds-071,"pdf/00_ 사출/현대ep/(MSDS) SUPOL HR580U,SUPOL HR580UIN,SUPOL HR580UX.pdf",2,9010-79-1,"Ethene, polymer with 1-propene ethene; Ethylene",에틸렌-프로필렌 공중합체(ETHYLENE-PROPYLENE COPOLYMER),원본과 대조,손대지 않음 (원본과 표기만 다름),2026-09-18
"SUPOL HR580U, SUPOL HR580UIN, SUPOL HR580UX",msds-071,"pdf/00_ 사출/현대ep/(MSDS) SUPOL HR580U,SUPOL HR580UIN,SUPOL HR580UX.pdf",2,14807-96-6,"Talc, Non-Asbestos From",활석(석면 불포함),원본과 대조,손대지 않음 (원본과 표기만 다름),2026-09-18
"SUPOL HR580U, SUPOL HR580UIN, SUPOL HR580UX",msds-071,"pdf/00_ 사출/현대ep/(MSDS) SUPOL HR580U,SUPOL HR580UIN,SUPOL HR580UX.pdf",2,26221-73-8,"1-Octene, polymer with ethene",에텐-1-옥텐 공중합체(ETHENE-1-OCTENE COPOLYMER),원본과 대조,손대지 않음 (원본과 표기만 다름),2026-09-18
"SUPOL HR580U, SUPOL HR580UIN, SUPOL HR580UX",msds-071,"pdf/00_ 사출/현대ep/(MSDS) SUPOL HR580U,SUPOL HR580UIN,SUPOL HR580UX.pdf",2,6683-19-8,butyl-4-hydroxyhydrocinnamate) di-tert-butyl-4,"Tetrakis(methylene(3,5-di-tert-butyl-4-hydroxyhydrocinnamate)methane",원본과 대조,손대지 않음 (원본 줄이 중간에서 잘림),2026-09-18
"SUPOL HR580U, SUPOL HR580UIN, SUPOL HR580UX",msds-071,"pdf/00_ 사출/현대ep/(MSDS) SUPOL HR580U,SUPOL HR580UIN,SUPOL HR580UX.pdf",2,31570-04-4,"Tris-(2,4-di-tert-butylphenyl) Tris(2,4-di-t","Tris-(2,4-di-tert-butylphenyl) phosphite",원본과 대조,손대지 않음 (원본 줄이 중간에서 잘림),2026-09-18
"SUPOL HR580U, SUPOL HR580UIN, SUPOL HR580UX",msds-071,"pdf/00_ 사출/현대ep/(MSDS) SUPOL HR580U,SUPOL HR580UIN,SUPOL HR580UX.pdf",2,167078-06-0,"unsatd., 2,2,6,6-tetramethyl-4- C=18-unsatd., 2,2,6,6","Fatty acids, C12-21 and C18-unsatd., 2,2,6,6-tetramethyl-4-piperidinyl esters",원본과 대조,손대지 않음 (원본과 표기만 다름),2026-09-18
"SUPOL HR580U, SUPOL HR580UIN, SUPOL HR580UX",msds-071,"pdf/00_ 사출/현대ep/(MSDS) SUPOL HR580U,SUPOL HR580UIN,SUPOL HR580UX.pdf",2,68083-19-2,vinyl group-terminated,"Siloxanes and Silicones, di-Me, vinyl group-terminated",원본과 대조,손대지 않음 (지금 이름의 뒷부분만 잡힘),2026-09-18
SUPOL N20HR580U,msds-072,pdf/00_ 사출/현대ep/(MSDS) SUPOL N20HR580U.pdf,2,9010-79-1,"Ethene, polymer with 1-propene",에틸렌-프로필렌 공중합체(ETHYLENE-PROPYLENE COPOLYMER),원본과 대조,손대지 않음 (원본과 표기만 다름),2026-09-18
SUPOL N20HR580U,msds-072,pdf/00_ 사출/현대ep/(MSDS) SUPOL N20HR580U.pdf,2,9003-07-0,Polypropylene,Polypropylene,원본과 대조,손대지 않음 (원본이 그렇게 적음),2026-09-18
SUPOL N20HR580U,msds-072,pdf/00_ 사출/현대ep/(MSDS) SUPOL N20HR580U.pdf,2,26221-73-8,"1-Octene, polymer with ethene",에텐-1-옥텐 공중합체(ETHENE-1-OCTENE COPOLYMER),원본과 대조,손대지 않음 (원본과 표기만 다름),2026-09-18
SUPOL N20HR580U,msds-072,pdf/00_ 사출/현대ep/(MSDS) SUPOL N20HR580U.pdf,2,25087-34-7,"1-Butene, polymer with ethene","1-Butene, polymer with ethene",원본과 대조,손대지 않음 (원본이 그렇게 적음),2026-09-18
SUPOL N20HR580U,msds-072,pdf/00_ 사출/현대ep/(MSDS) SUPOL N20HR580U.pdf,2,14807-96-6,"Talc, Non-Asbestos Form",활석(석면 불포함),원본과 대조,손대지 않음 (원본과 표기만 다름),2026-09-18
SUPOL N20HR580U,msds-072,pdf/00_ 사출/현대ep/(MSDS) SUPOL N20HR580U.pdf,2,9002-88-4,Polyethylene,Polyethylene,원본과 대조,손대지 않음 (원본이 그렇게 적음),2026-09-18
SUPOL N20HR580U,msds-072,pdf/00_ 사출/현대ep/(MSDS) SUPOL N20HR580U.pdf,2,31570-04-4,"Tris-(2,4-di-tert-butylphenyl)","Tris-(2,4-di-tert-butylphenyl) phosphite",원본과 대조,손대지 않음 (원본이 그렇게 적음),2026-09-18
SUPOL N20HR580U,msds-072,pdf/00_ 사출/현대ep/(MSDS) SUPOL N20HR580U.pdf,2,6683-19-8,butyl-4-hydroxyhydrocinnamate),"Tetrakis(methylene(3,5-di-tert-butyl-4-hydroxyhydrocinnamate)methane",원본과 대조,손대지 않음 (원본 줄이 중간에서 잘림),2026-09-18
SUPOL N20HR580U,msds-072,pdf/00_ 사출/현대ep/(MSDS) SUPOL N20HR580U.pdf,2,167078-06-0,"unsatd., 2,2,6,6-tetramethyl-4","Fatty acids, C12-21 and C18-unsatd., 2,2,6,6-tetramethyl-4-piperidinyl esters",원본과 대조,손대지 않음 (원본과 표기만 다름),2026-09-18
SUPOL N20HR580U,msds-072,pdf/00_ 사출/현대ep/(MSDS) SUPOL N20HR580U.pdf,2,68083-19-2,vinyl group-terminated,"Siloxanes and Silicones, di-Me, vinyl group-terminated",원본과 대조,손대지 않음 (지금 이름의 뒷부분만 잡힘),2026-09-18
"SUPOL HR530, SUPOL HR530X",msds-073,"pdf/00_ 사출/현대ep/(MSDS) SUPOL HR530,SUPOL HR530X.pdf",2,9010-79-1,"Ethene, polymer with 1-propene ethene; Ethylene",에틸렌-프로필렌 공중합체(ETHYLENE-PROPYLENE COPOLYMER),원본과 대조,손대지 않음 (원본과 표기만 다름),2026-09-18
"SUPOL HR530, SUPOL HR530X",msds-073,"pdf/00_ 사출/현대ep/(MSDS) SUPOL HR530,SUPOL HR530X.pdf",2,14807-96-6,"Talc, Non-Asbestos From",활석(석면 불포함),원본과 대조,손대지 않음 (원본과 표기만 다름),2026-09-18
"SUPOL HR530, SUPOL HR530X",msds-073,"pdf/00_ 사출/현대ep/(MSDS) SUPOL HR530,SUPOL HR530X.pdf",2,26221-73-8,"1-Octene, polymer with ethene Ethylene-1-octene",에텐-1-옥텐 공중합체(ETHENE-1-OCTENE COPOLYMER),원본과 대조,손대지 않음 (원본과 표기만 다름),2026-09-18
"SUPOL HR530, SUPOL HR530X",msds-073,"pdf/00_ 사출/현대ep/(MSDS) SUPOL HR530,SUPOL HR530X.pdf",2,6683-19-8,butyl-4-hydroxyhydrocinnamate) di-tert-butyl-4,"Tetrakis(methylene(3,5-di-tert-butyl-4-hydroxyhydrocinnamate)methane",원본과 대조,손대지 않음 (원본 줄이 중간에서 잘림),2026-09-18
"SUPOL HR530, SUPOL HR530X",msds-073,"pdf/00_ 사출/현대ep/(MSDS) SUPOL HR530,SUPOL HR530X.pdf",2,31570-04-4,"Tris-(2,4-di-tert-butylphenyl) Tris(2,4-di-t","Tris-(2,4-di-tert-butylphenyl) phosphite",원본과 대조,손대지 않음 (원본 줄이 중간에서 잘림),2026-09-18
"SUPOL HR580,SUPOL HR580G,SUPOL HR580IN,SUPOL HR580TF,SUPOL",msds-074,"pdf/00_ 사출/현대ep/(MSDS) SUPOL HR580,SUPOL HR580G,SUPOL HR580IN,SUPOL HR580TF,SUPOL HR580TR,SUPOL HR580X.pdf",2,9010-79-1,"Ethene, polymer with 1-propene ethene; Ethylene",에틸렌-프로필렌 공중합체(ETHYLENE-PROPYLENE COPOLYMER),원본과 대조,손대지 않음 (원본과 표기만 다름),2026-09-18
"SUPOL HR580,SUPOL HR580G,SUPOL HR580IN,SUPOL HR580TF,SUPOL",msds-074,"pdf/00_ 사출/현대ep/(MSDS) SUPOL HR580,SUPOL HR580G,SUPOL HR580IN,SUPOL HR580TF,SUPOL HR580TR,SUPOL HR580X.pdf",2,14807-96-6,"Talc, Non-Asbestos From",활석(석면 불포함),원본과 대조,손대지 않음 (원본과 표기만 다름),2026-09-18
"SUPOL HR580,SUPOL HR580G,SUPOL HR580IN,SUPOL HR580TF,SUPOL",msds-074,"pdf/00_ 사출/현대ep/(MSDS) SUPOL HR580,SUPOL HR580G,SUPOL HR580IN,SUPOL HR580TF,SUPOL HR580TR,SUPOL HR580X.pdf",2,26221-73-8,"1-Octene, polymer with ethene Ethylene-1-octene",에텐-1-옥텐 공중합체(ETHENE-1-OCTENE COPOLYMER),원본과 대조,손대지 않음 (원본과 표기만 다름),2026-09-18
"SUPOL HR580,SUPOL HR580G,SUPOL HR580IN,SUPOL HR580TF,SUPOL",msds-074,"pdf/00_ 사출/현대ep/(MSDS) SUPOL HR580,SUPOL HR580G,SUPOL HR580IN,SUPOL HR580TF,SUPOL HR580TR,SUPOL HR580X.pdf",2,6683-19-8,butyl-4-hydroxyhydrocinnamate) di-tert-butyl-4,"Tetrakis(methylene(3,5-di-tert-butyl-4-hydroxyhydrocinnamate)methane",원본과 대조,손대지 않음 (원본 줄이 중간에서 잘림),2026-09-18
"SUPOL HR580,SUPOL HR580G,SUPOL HR580IN,SUPOL HR580TF,SUPOL",msds-074,"pdf/00_ 사출/현대ep/(MSDS) SUPOL HR580,SUPOL HR580G,SUPOL HR580IN,SUPOL HR580TF,SUPOL HR580TR,SUPOL HR580X.pdf",2,31570-04-4,"Tris-(2,4-di-tert-butylphenyl) Tris(2,4-di-t","Tris-(2,4-di-tert-butylphenyl) phosphite",원본과 대조,손대지 않음 (원본 줄이 중간에서 잘림),2026-09-18
일신 뿌리는 그리스,msds-075,pdf/00_ 사출/일신케미칼/MSDS(GHS)-뿌리는그리스(KOR).pdf,2,74-98-6,Propane,Propane,원본과 대조,손대지 않음 (원본이 그렇게 적음),2026-09-18
일신 뿌리는 그리스,msds-075,pdf/00_ 사출/일신케미칼/MSDS(GHS)-뿌리는그리스(KOR).pdf,2,106-97-8,Butane,Butane,원본과 대조,손대지 않음 (원본이 그렇게 적음),2026-09-18
일신 뿌리는 그리스,msds-075,pdf/00_ 사출/일신케미칼/MSDS(GHS)-뿌리는그리스(KOR).pdf,2,64742-47-8,"Distillates(Petroleum),Hydrotreated Light)Hydrotreated Kerosene","Distillates(Petroleum), Hydrotreated Light / Hydrotreated Kerosene",원본과 대조,손대지 않음 (원본 줄이 중간에서 잘림),2026-09-18
일신 뿌리는 그리스,msds-075,pdf/00_ 사출/일신케미칼/MSDS(GHS)-뿌리는그리스(KOR).pdf,2,64742-54-7,Hydrotreated (mild) heavy paraffinic distillateHydrotreated (severe) heavy,Hydrotreated(mild/severe) Heavy Paraffinic Distillate,원본과 대조,손대지 않음 (원본이 그렇게 적음),2026-09-18
CRS 그리스 841,msds-076,pdf/00_ 사출/니치모리(NICHIMOL)/CRS841 MSDS 2023_옥인유화.pdf,,68037-01-4,,윤활유기유(합성유),원본과 대조,손대지 않음 (원본에서 못 찾음),2026-09-18
CRS 그리스 841,msds-076,pdf/00_ 사출/니치모리(NICHIMOL)/CRS841 MSDS 2023_옥인유화.pdf,2,7620-77-1,리튬금속비누,리튬금속비누,원본과 대조,손대지 않음 (원본이 그렇게 적음),2026-09-18
2차이형제 (S6),msds-077,pdf/00_ 사출/극동산업(이형제)/2차이형제(S6) 2024.pdf,2,68476-86-8,"액화석유가스, SWEETENED","액화석유가스, SWEETENED",원본과 대조,손대지 않음 (원본이 그렇게 적음),2026-09-18
2차이형제 (S6),msds-077,pdf/00_ 사출/극동산업(이형제)/2차이형제(S6) 2024.pdf,2,107-83-5,2-메틸펜탄,2-메틸펜탄,원본과 대조,손대지 않음 (원본이 그렇게 적음),2026-09-18
2차이형제 (S6),msds-077,pdf/00_ 사출/극동산업(이형제)/2차이형제(S6) 2024.pdf,2,8002-43-5,레시틴(LECITHIN),레시틴(LECITHIN),원본과 대조,손대지 않음 (원본이 그렇게 적음),2026-09-18
그라코 TSL,msds-078,pdf/00_ 사출/그레이코(GRACO)/TSL.pdf,1,53306-54-0,"Phthalic acid, bis(2-propylheptyl) ester","Phthalic acid, bis(2-propylheptyl) ester",원본과 대조,손대지 않음 (원본이 그렇게 적음),2026-09-18
Kixx Gear EP 220,msds-079,pdf/00_ 사출/GS칼텍스/Kixx Gear EP 220 MSDS.pdf,,64742-54-7,,"Distillates (petroleum), hydrotreated heavy paraffinic",원본과 대조,손대지 않음 (원본에서 못 찾음),2026-09-18
Kixx Gear EP 220,msds-079,pdf/00_ 사출/GS칼텍스/Kixx Gear EP 220 MSDS.pdf,,9003-27-4,,Polyisobutylene,원본과 대조,손대지 않음 (원본에서 못 찾음),2026-09-18
Kixx Gear EP 220,msds-079,pdf/00_ 사출/GS칼텍스/Kixx Gear EP 220 MSDS.pdf,,68955-53-3,,tert-Alkyl(C=12-14) amines,원본과 대조,손대지 않음 (원본에서 못 찾음),2026-09-18
Kixx Grease EP 0,msds-080,pdf/00_ 사출/GS칼텍스/Kixx Grease EP 0 MSDS.pdf,,64742-54-7,,"Distillates (petroleum), hydrotreated heavy paraffinic",원본과 대조,손대지 않음 (원본에서 못 찾음),2026-09-18
Kixx Grease EP 0,msds-080,pdf/00_ 사출/GS칼텍스/Kixx Grease EP 0 MSDS.pdf,,64741-96-4,,"Distillates, petroleum, solvent-refined heavy naphthenic",원본과 대조,손대지 않음 (원본에서 못 찾음),2026-09-18
Kixx Grease EP 0,msds-080,pdf/00_ 사출/GS칼텍스/Kixx Grease EP 0 MSDS.pdf,,9003-27-4,,Polyisobutylene,원본과 대조,손대지 않음 (원본에서 못 찾음),2026-09-18
Kixx Grease EP 0,msds-080,pdf/00_ 사출/GS칼텍스/Kixx Grease EP 0 MSDS.pdf,,7620-77-1,,리튬금속비누,원본과 대조,손대지 않음 (원본에서 못 찾음),2026-09-18
Kixx Grease EP 0,msds-080,pdf/00_ 사출/GS칼텍스/Kixx Grease EP 0 MSDS.pdf,,68457-79-4,,"Phosphorodithioic acid O,O-bis(mixed iso-Bu and pentyl) esters zinc salts",원본과 대조,손대지 않음 (원본에서 못 찾음),2026-09-18
Kixx Grease EP 0,msds-080,pdf/00_ 사출/GS칼텍스/Kixx Grease EP 0 MSDS.pdf,,57-11-4,,Octadecanoic acid,원본과 대조,손대지 않음 (원본에서 못 찾음),2026-09-18
Kixx Grease EP 0,msds-080,pdf/00_ 사출/GS칼텍스/Kixx Grease EP 0 MSDS.pdf,,68411-58-5,,"3-(Dodecenyl)dihydro-2,5-furandione reaction products with propylene oxide",원본과 대조,손대지 않음 (원본에서 못 찾음),2026-09-18
Kixx Grease EP 0,msds-080,pdf/00_ 사출/GS칼텍스/Kixx Grease EP 0 MSDS.pdf,,64742-55-8,,"Distillates (petroleum), hydrotreated light paraffinic",원본과 대조,손대지 않음 (원본에서 못 찾음),2026-09-18
Kixx Grease EP 0,msds-080,pdf/00_ 사출/GS칼텍스/Kixx Grease EP 0 MSDS.pdf,,64742-65-0,,"Distillates (petroleum), solvent-dewaxed heavy paraffinic",원본과 대조,손대지 않음 (원본에서 못 찾음),2026-09-18
Kixx Grease EP 0,msds-080,pdf/00_ 사출/GS칼텍스/Kixx Grease EP 0 MSDS.pdf,,64742-56-9,,"Distillates (petroleum), solvent-dewaxed light paraffinic",원본과 대조,손대지 않음 (원본에서 못 찾음),2026-09-18
Kixx Grease EP 0,msds-080,pdf/00_ 사출/GS칼텍스/Kixx Grease EP 0 MSDS.pdf,,7173-62-8,,"(Z)-N-9-Octadecenyl-1,3-propanediamine",원본과 대조,손대지 않음 (원본에서 못 찾음),2026-09-18
Kixx Grease EP 1,msds-081,pdf/00_ 사출/GS칼텍스/Kixx Grease EP 1.pdf,,64742-54-7,,"Distillates (petroleum), hydrotreated heavy paraffinic",원본과 대조,손대지 않음 (원본에서 못 찾음),2026-09-18
Kixx Grease EP 1,msds-081,pdf/00_ 사출/GS칼텍스/Kixx Grease EP 1.pdf,,64741-96-4,,"Distillates, petroleum, solvent-refined heavy naphthenic",원본과 대조,손대지 않음 (원본에서 못 찾음),2026-09-18
Kixx Grease EP 1,msds-081,pdf/00_ 사출/GS칼텍스/Kixx Grease EP 1.pdf,,9003-27-4,,Polyisobutylene,원본과 대조,손대지 않음 (원본에서 못 찾음),2026-09-18
Kixx Grease EP 1,msds-081,pdf/00_ 사출/GS칼텍스/Kixx Grease EP 1.pdf,,7620-77-1,,리튬금속비누,원본과 대조,손대지 않음 (원본에서 못 찾음),2026-09-18
Kixx Grease EP 1,msds-081,pdf/00_ 사출/GS칼텍스/Kixx Grease EP 1.pdf,,68457-79-4,,"Phosphorodithioic acid O,O-bis(mixed iso-Bu and pentyl) esters zinc salts",원본과 대조,손대지 않음 (원본에서 못 찾음),2026-09-18
Kixx Grease EP 1,msds-081,pdf/00_ 사출/GS칼텍스/Kixx Grease EP 1.pdf,,68411-58-5,,"3-(Dodecenyl)dihydro-2,5-furandione reaction products with propylene oxide",원본과 대조,손대지 않음 (원본에서 못 찾음),2026-09-18
Kixx Grease EP 1,msds-081,pdf/00_ 사출/GS칼텍스/Kixx Grease EP 1.pdf,,64742-55-8,,"Distillates (petroleum), hydrotreated light paraffinic",원본과 대조,손대지 않음 (원본에서 못 찾음),2026-09-18
Kixx Grease EP 1,msds-081,pdf/00_ 사출/GS칼텍스/Kixx Grease EP 1.pdf,,64742-65-0,,"Distillates (petroleum), solvent-dewaxed heavy paraffinic",원본과 대조,손대지 않음 (원본에서 못 찾음),2026-09-18
Kixx Grease EP 1,msds-081,pdf/00_ 사출/GS칼텍스/Kixx Grease EP 1.pdf,,64742-56-9,,"Distillates (petroleum), solvent-dewaxed light paraffinic",원본과 대조,손대지 않음 (원본에서 못 찾음),2026-09-18
Kixx Grease EP 1,msds-081,pdf/00_ 사출/GS칼텍스/Kixx Grease EP 1.pdf,,7173-62-8,,"(Z)-N-9-Octadecenyl-1,3-propanediamine",원본과 대조,손대지 않음 (원본에서 못 찾음),2026-09-18
Kixx Grease EP 2,msds-082,pdf/00_ 사출/GS칼텍스/Kixx Grease EP 3.pdf,,64742-54-7,,"Distillates (petroleum), hydrotreated heavy paraffinic",원본과 대조,손대지 않음 (원본에서 못 찾음),2026-09-18
Kixx Grease EP 2,msds-082,pdf/00_ 사출/GS칼텍스/Kixx Grease EP 3.pdf,,64741-96-4,,"Distillates, petroleum, solvent-refined heavy naphthenic",원본과 대조,손대지 않음 (원본에서 못 찾음),2026-09-18
Kixx Grease EP 2,msds-082,pdf/00_ 사출/GS칼텍스/Kixx Grease EP 3.pdf,,9003-27-4,,Polyisobutylene,원본과 대조,손대지 않음 (원본에서 못 찾음),2026-09-18
Kixx Grease EP 2,msds-082,pdf/00_ 사출/GS칼텍스/Kixx Grease EP 3.pdf,,7620-77-1,,리튬금속비누,원본과 대조,손대지 않음 (원본에서 못 찾음),2026-09-18
Kixx Grease EP 2,msds-082,pdf/00_ 사출/GS칼텍스/Kixx Grease EP 3.pdf,,68457-79-4,,"Phosphorodithioic acid O,O-bis(mixed iso-Bu and pentyl) esters zinc salts",원본과 대조,손대지 않음 (원본에서 못 찾음),2026-09-18
Kixx Grease EP 2,msds-082,pdf/00_ 사출/GS칼텍스/Kixx Grease EP 3.pdf,,68411-58-5,,"3-(Dodecenyl)dihydro-2,5-furandione reaction products with propylene oxide",원본과 대조,손대지 않음 (원본에서 못 찾음),2026-09-18
Kixx Grease EP 2,msds-082,pdf/00_ 사출/GS칼텍스/Kixx Grease EP 3.pdf,,64742-55-8,,"Distillates (petroleum), hydrotreated light paraffinic",원본과 대조,손대지 않음 (원본에서 못 찾음),2026-09-18
Kixx Grease EP 2,msds-082,pdf/00_ 사출/GS칼텍스/Kixx Grease EP 3.pdf,,64742-65-0,,"Distillates (petroleum), solvent-dewaxed heavy paraffinic",원본과 대조,손대지 않음 (원본에서 못 찾음),2026-09-18
Kixx Grease EP 2,msds-082,pdf/00_ 사출/GS칼텍스/Kixx Grease EP 3.pdf,,64742-56-9,,"Distillates (petroleum), solvent-dewaxed light paraffinic",원본과 대조,손대지 않음 (원본에서 못 찾음),2026-09-18
Kixx Grease EP 2,msds-082,pdf/00_ 사출/GS칼텍스/Kixx Grease EP 3.pdf,,7173-62-8,,"(Z)-N-9-Octadecenyl-1,3-propanediamine",원본과 대조,손대지 않음 (원본에서 못 찾음),2026-09-18
Kixx Grease EP 3,msds-083,pdf/00_ 사출/GS칼텍스/Kixx Grease EP 4.pdf,,64742-54-7,,"Distillates (petroleum), hydrotreated heavy paraffinic",원본과 대조,손대지 않음 (원본에서 못 찾음),2026-09-18
Kixx Grease EP 3,msds-083,pdf/00_ 사출/GS칼텍스/Kixx Grease EP 4.pdf,,7620-77-1,,리튬금속비누,원본과 대조,손대지 않음 (원본에서 못 찾음),2026-09-18
Kixx Grease EP 3,msds-083,pdf/00_ 사출/GS칼텍스/Kixx Grease EP 4.pdf,,64741-96-4,,"Distillates, petroleum, solvent-refined heavy naphthenic",원본과 대조,손대지 않음 (원본에서 못 찾음),2026-09-18
Kixx Grease EP 3,msds-083,pdf/00_ 사출/GS칼텍스/Kixx Grease EP 4.pdf,,9003-27-4,,Polyisobutylene,원본과 대조,손대지 않음 (원본에서 못 찾음),2026-09-18
Kixx Grease EP 3,msds-083,pdf/00_ 사출/GS칼텍스/Kixx Grease EP 4.pdf,,68457-79-4,,"Phosphorodithioic acid O,O-bis(mixed iso-Bu and pentyl) esters zinc salts",원본과 대조,손대지 않음 (원본에서 못 찾음),2026-09-18
Kixx Grease EP 3,msds-083,pdf/00_ 사출/GS칼텍스/Kixx Grease EP 4.pdf,,57-11-4,,Octadecanoic acid,원본과 대조,손대지 않음 (원본에서 못 찾음),2026-09-18
Kixx Grease EP 3,msds-083,pdf/00_ 사출/GS칼텍스/Kixx Grease EP 4.pdf,,68411-58-5,,"3-(Dodecenyl)dihydro-2,5-furandione reaction products with propylene oxide",원본과 대조,손대지 않음 (원본에서 못 찾음),2026-09-18
Kixx Grease EP 3,msds-083,pdf/00_ 사출/GS칼텍스/Kixx Grease EP 4.pdf,,925-44-0,,12-OXOOCTADECANOIC ACID,원본과 대조,손대지 않음 (원본에서 못 찾음),2026-09-18
Kixx Grease EP 3,msds-083,pdf/00_ 사출/GS칼텍스/Kixx Grease EP 4.pdf,,64742-55-8,,"Distillates (petroleum), hydrotreated light paraffinic",원본과 대조,손대지 않음 (원본에서 못 찾음),2026-09-18
Kixx Grease EP 3,msds-083,pdf/00_ 사출/GS칼텍스/Kixx Grease EP 4.pdf,,64742-65-0,,"Distillates (petroleum), solvent-dewaxed heavy paraffinic",원본과 대조,손대지 않음 (원본에서 못 찾음),2026-09-18
Kixx Grease EP 3,msds-083,pdf/00_ 사출/GS칼텍스/Kixx Grease EP 4.pdf,,64742-56-9,,"Distillates (petroleum), solvent-dewaxed light paraffinic",원본과 대조,손대지 않음 (원본에서 못 찾음),2026-09-18
Kixx Grease EP 3,msds-083,pdf/00_ 사출/GS칼텍스/Kixx Grease EP 4.pdf,,57-10-3,,Hexadecanoic acid,원본과 대조,손대지 않음 (원본에서 못 찾음),2026-09-18
Kixx Grease EP 3,msds-083,pdf/00_ 사출/GS칼텍스/Kixx Grease EP 4.pdf,,7173-62-8,,"(Z)-N-9-Octadecenyl-1,3-propanediamine",원본과 대조,손대지 않음 (원본에서 못 찾음),2026-09-18
Kixx RD LZ 46(구 Rando HD LZ 46),msds-084,pdf/00_ 사출/GS칼텍스/Kixx RD LZ 46 MSDS.pdf,,64742-54-7,,"Distillates (petroleum), hydrotreated heavy paraffinic",원본과 대조,손대지 않음 (원본에서 못 찾음),2026-09-18
Kixx RD LZ 46(구 Rando HD LZ 46),msds-084,pdf/00_ 사출/GS칼텍스/Kixx RD LZ 46 MSDS.pdf,,4259-15-8,,"Phosphorodithioic acid O,O-bis(2-ethylhexyl) ester, zinc salt",원본과 대조,손대지 않음 (원본에서 못 찾음),2026-09-18
Kixx RD LZ 46(구 Rando HD LZ 46),msds-084,pdf/00_ 사출/GS칼텍스/Kixx RD LZ 46 MSDS.pdf,,68411-46-1,,"N-Phenylbenzenamine reaction products with 2,4,4-trimethylpentene",원본과 대조,손대지 않음 (원본에서 못 찾음),2026-09-18
Kixx RD LZ 46(구 Rando HD LZ 46),msds-084,pdf/00_ 사출/GS칼텍스/Kixx RD LZ 46 MSDS.pdf,,128-39-2,,"2,6-di-tert-butylphenol",원본과 대조,손대지 않음 (원본에서 못 찾음),2026-09-18
MOBIL DTE 25,msds-085,pdf/00_ 사출/MOBIL코리아/DTE25 MSDS 2021.03.18.pdf,2,68442-22-8,"PHOSPHORODITHIOIC ACID, MIXED 0,0","PHOSPHORODITHIOIC ACID, MIXED O,O-BIS(2-ETHYL HEXYL AND ISO-BU) ESTERS, ZINC SALTS",원본과 대조,손대지 않음 (원본이 그렇게 적음),2026-09-18
KC-28,msds-089,pdf/00_ 사출/고려용접봉/KC-28 2023.01.11.pdf,3,7439-89-6,철(Iron) 환원철,철(Iron),원본과 대조,손대지 않음 (원본과 표기만 다름),2026-09-18
KC-28,msds-089,pdf/00_ 사출/고려용접봉/KC-28 2023.01.11.pdf,3,7439-96-5,"망간(Manganese) Manganese, elemental / Manganese",망간(Manganese),원본과 대조,손대지 않음 (원본과 표기만 다름),2026-09-18
KC-28,msds-089,pdf/00_ 사출/고려용접봉/KC-28 2023.01.11.pdf,3,7440-21-3,"실리콘 금속(Silicon Metal) Silicon powder / Silicon powder,",실리콘 금속(Silicon Metal),원본과 대조,손대지 않음 (원본이 그렇게 적음),2026-09-18
KC-28,msds-089,pdf/00_ 사출/고려용접봉/KC-28 2023.01.11.pdf,3,7440-50-8,구리(Copper) C.I. 77400 / C.I. Pigment Metal 2 /,구리(Copper),원본과 대조,손대지 않음 (원본과 표기만 다름),2026-09-18
KFN-50,msds-090,pdf/00_ 사출/고려용접봉/KFN-50. 2021.12.29.pdf,3,7440-02-0,"니켈(Nickel) Nickel metal / Nickel, elemental /",니켈(Nickel),원본과 대조,손대지 않음 (원본과 표기만 다름),2026-09-18
KFN-50,msds-090,pdf/00_ 사출/고려용접봉/KFN-50. 2021.12.29.pdf,3,7439-89-6,철(Iron) 환원철,철(Iron),원본과 대조,손대지 않음 (원본과 표기만 다름),2026-09-18
KFN-50,msds-090,pdf/00_ 사출/고려용접봉/KFN-50. 2021.12.29.pdf,3,513-77-9,탄산바륨(Barium Barium carbonate (1:1) / C.I. Pigment,탄산바륨(Barium carbonate),원본과 대조,손대지 않음 (원본 줄이 중간에서 잘림),2026-09-18
KFN-50,msds-090,pdf/00_ 사출/고려용접봉/KFN-50. 2021.12.29.pdf,3,471-34-1,탄산칼슘(Calcium 경질칼슘카보네이트 / 탄산칼슘,탄산칼슘(Calcium carbonate),원본과 대조,손대지 않음 (원본 줄이 중간에서 잘림),2026-09-18
KFN-50,msds-090,pdf/00_ 사출/고려용접봉/KFN-50. 2021.12.29.pdf,3,7789-75-5,불화 칼슘(CaF2) Calcium fluoride / Fluorspar /,불화 칼슘(CaF2),원본과 대조,손대지 않음 (원본이 그렇게 적음),2026-09-18
KFN-50,msds-090,pdf/00_ 사출/고려용접봉/KFN-50. 2021.12.29.pdf,3,1344-09-8,규산나트륨(Sodium 소듐실리케이트,규산나트륨(Sodium silicate),원본과 대조,손대지 않음 (원본 줄이 중간에서 잘림),2026-09-18
KFN-50,msds-090,pdf/00_ 사출/고려용접봉/KFN-50. 2021.12.29.pdf,3,12001-26-2,운모(Mica minerals) 마이카,운모(Mica minerals),원본과 대조,손대지 않음 (원본과 표기만 다름),2026-09-18
KFN-50,msds-090,pdf/00_ 사출/고려용접봉/KFN-50. 2021.12.29.pdf,3,7782-42-5,흑연(Graphite ) 흑연 (천연),흑연(Graphite),원본과 대조,손대지 않음 (원본과 표기만 다름),2026-09-18
KFN-50,msds-090,pdf/00_ 사출/고려용접봉/KFN-50. 2021.12.29.pdf,3,7440-21-3,"실리콘 금속(Silicon Metal) Silicon powder / Silicon powder,",실리콘 금속(Silicon Metal),원본과 대조,손대지 않음 (원본이 그렇게 적음),2026-09-18
KH-500LF,msds-091,pdf/00_ 사출/고려용접봉/KH-500LF. 2021.12.22.pdf,3,7439-89-6,철(Iron) 환원철,철(Iron),원본과 대조,손대지 않음 (원본과 표기만 다름),2026-09-18
KH-500LF,msds-091,pdf/00_ 사출/고려용접봉/KH-500LF. 2021.12.22.pdf,3,471-34-1,탄산칼슘(Calcium 경질칼슘카보네이트 / 탄산칼슘,탄산칼슘(Calcium carbonate),원본과 대조,손대지 않음 (원본 줄이 중간에서 잘림),2026-09-18
KH-500LF,msds-091,pdf/00_ 사출/고려용접봉/KH-500LF. 2021.12.22.pdf,3,7789-75-5,불화 칼슘(CaF2) Calcium fluoride / Fluorspar /,불화 칼슘(CaF2),원본과 대조,손대지 않음 (원본이 그렇게 적음),2026-09-18
KH-500LF,msds-091,pdf/00_ 사출/고려용접봉/KH-500LF. 2021.12.22.pdf,3,7440-21-3,"실리콘 금속(Silicon Metal) Silicon powder / Silicon powder,",실리콘 금속(Silicon Metal),원본과 대조,손대지 않음 (원본이 그렇게 적음),2026-09-18
KH-500LF,msds-091,pdf/00_ 사출/고려용접봉/KH-500LF. 2021.12.22.pdf,3,1344-09-8,규산나트륨(Sodium 소듐실리케이트,규산나트륨(Sodium silicate),원본과 대조,손대지 않음 (원본 줄이 중간에서 잘림),2026-09-18
KH-500LF,msds-091,pdf/00_ 사출/고려용접봉/KH-500LF. 2021.12.22.pdf,3,13463-67-7,이산화티타늄(Titanium Dioxide) C.I. 77891 / C.I. Pigment White 6 /,이산화티타늄(Titanium Dioxide),원본과 대조,손대지 않음 (원본이 그렇게 적음),2026-09-18
KR-3000,msds-092,pdf/00_ 사출/고려용접봉/KR-3000. 2021.10.14.pdf,3,7439-89-6,철(Iron) 환원철,철(Iron),원본과 대조,손대지 않음 (원본과 표기만 다름),2026-09-18
KR-3000,msds-092,pdf/00_ 사출/고려용접봉/KR-3000. 2021.10.14.pdf,3,13463-67-7,이산화티타늄(Titanium Dioxide) C.I. 77891 / C.I. Pigment White 6 /,이산화티타늄(Titanium Dioxide),원본과 대조,손대지 않음 (원본이 그렇게 적음),2026-09-18
KR-3000,msds-092,pdf/00_ 사출/고려용접봉/KR-3000. 2021.10.14.pdf,4,14808-60-7,산화규소(Silicon dioxide) 산화규소,산화규소(Silicon dioxide),원본과 대조,손대지 않음 (원본이 그렇게 적음),2026-09-18
KR-3000,msds-092,pdf/00_ 사출/고려용접봉/KR-3000. 2021.10.14.pdf,4,1344-09-8,규산나트륨(Sodium 소듐실리케이트,규산나트륨(Sodium silicate),원본과 대조,손대지 않음 (원본 줄이 중간에서 잘림),2026-09-18
KR-3000,msds-092,pdf/00_ 사출/고려용접봉/KR-3000. 2021.10.14.pdf,4,7439-96-5,"망간(Manganese) Manganese, elemental / Manganese",망간(Manganese),원본과 대조,손대지 않음 (원본과 표기만 다름),2026-09-18
KR-3000,msds-092,pdf/00_ 사출/고려용접봉/KR-3000. 2021.10.14.pdf,4,1305-78-8,산화칼슘(Calcium oxide) 칼슘옥사이드,산화칼슘(Calcium oxide),원본과 대조,손대지 않음 (원본이 그렇게 적음),2026-09-18
KR-3000,msds-092,pdf/00_ 사출/고려용접봉/KR-3000. 2021.10.14.pdf,4,1332-37-2,산화철(Iron oxide) 산화철,산화철(Iron oxide),원본과 대조,손대지 않음 (원본이 그렇게 적음),2026-09-18
KSN-100,msds-093,pdf/00_ 사출/고려용접봉/KSN-100.2021.12.19.pdf,3,7440-02-0,"니켈(Nickel) Nickel metal / Nickel, elemental /",니켈(Nickel),원본과 대조,손대지 않음 (원본과 표기만 다름),2026-09-18
KSN-100,msds-093,pdf/00_ 사출/고려용접봉/KSN-100.2021.12.19.pdf,3,513-77-9,탄산바륨(Barium Barium carbonate (1:1) / C.I. Pigment,탄산바륨(Barium carbonate),원본과 대조,손대지 않음 (원본 줄이 중간에서 잘림),2026-09-18
KSN-100,msds-093,pdf/00_ 사출/고려용접봉/KSN-100.2021.12.19.pdf,3,1317-65-3,석회석(Limestone) 탄산칼슘 / 탄산칼슘 (석회석),석회석(Limestone),원본과 대조,손대지 않음 (원본이 그렇게 적음),2026-09-18
KSN-100,msds-093,pdf/00_ 사출/고려용접봉/KSN-100.2021.12.19.pdf,3,7789-75-5,불화 칼슘(CaF2) Calcium fluoride / Fluorspar /,불화 칼슘(CaF2),원본과 대조,손대지 않음 (원본이 그렇게 적음),2026-09-18
KSN-100,msds-093,pdf/00_ 사출/고려용접봉/KSN-100.2021.12.19.pdf,3,1344-09-8,규산나트륨(Sodium 소듐실리케이트,규산나트륨(Sodium silicate),원본과 대조,손대지 않음 (원본 줄이 중간에서 잘림),2026-09-18
KSN-100,msds-093,pdf/00_ 사출/고려용접봉/KSN-100.2021.12.19.pdf,3,12001-26-2,운모(Mica minerals) 마이카,운모(Mica minerals),원본과 대조,손대지 않음 (원본과 표기만 다름),2026-09-18
KSN-100,msds-093,pdf/00_ 사출/고려용접봉/KSN-100.2021.12.19.pdf,3,7782-42-5,흑연(Graphite ) 흑연 (천연),흑연(Graphite),원본과 대조,손대지 않음 (원본과 표기만 다름),2026-09-18
KSN-100,msds-093,pdf/00_ 사출/고려용접봉/KSN-100.2021.12.19.pdf,3,7440-21-3,"실리콘 금속(Silicon Metal) Silicon powder / Silicon powder,",실리콘 금속(Silicon Metal),원본과 대조,손대지 않음 (원본이 그렇게 적음),2026-09-18
KST-308,msds-094,pdf/00_ 사출/고려용접봉/KST-308. 2021.12.29.pdf,3,7439-89-6,철(Iron) 환원철,철(Iron),원본과 대조,손대지 않음 (원본과 표기만 다름),2026-09-18
KST-308,msds-094,pdf/00_ 사출/고려용접봉/KST-308. 2021.12.29.pdf,3,7440-47-3,"크롬 Chromium metal / Chromium,",크롬(Chromium),원본과 대조,손대지 않음 (원본과 표기만 다름),2026-09-18
KST-308,msds-094,pdf/00_ 사출/고려용접봉/KST-308. 2021.12.29.pdf,4,13463-67-7,이산화티타늄(Titanium Dioxide) C.I. 77891 / C.I. Pigment White 6 /,이산화티타늄(Titanium Dioxide),원본과 대조,손대지 않음 (원본이 그렇게 적음),2026-09-18
KST-308,msds-094,pdf/00_ 사출/고려용접봉/KST-308. 2021.12.29.pdf,4,12001-26-2,운모(Mica minerals) 마이카,운모(Mica minerals),원본과 대조,손대지 않음 (원본과 표기만 다름),2026-09-18
KST-308,msds-094,pdf/00_ 사출/고려용접봉/KST-308. 2021.12.29.pdf,4,7440-02-0,"니켈(Nickel) Nickel metal / Nickel, elemental /",니켈(Nickel),원본과 대조,손대지 않음 (원본과 표기만 다름),2026-09-18
KST-308,msds-094,pdf/00_ 사출/고려용접봉/KST-308. 2021.12.29.pdf,4,1344-09-8,규산나트륨(Sodium 소듐실리케이트,규산나트륨(Sodium silicate),원본과 대조,손대지 않음 (원본 줄이 중간에서 잘림),2026-09-18
KST-308,msds-094,pdf/00_ 사출/고려용접봉/KST-308. 2021.12.29.pdf,4,68476-25-5,"가리장석(Feldspar minerals) Feldspar, group minerals / Feldspar",가리장석(Feldspar minerals),원본과 대조,손대지 않음 (원본이 그렇게 적음),2026-09-18
KST-308,msds-094,pdf/00_ 사출/고려용접봉/KST-308. 2021.12.29.pdf,4,471-34-1,탄산칼슘(Calcium 경질칼슘카보네이트 / 탄산칼슘,탄산칼슘(Calcium carbonate),원본과 대조,손대지 않음 (원본 줄이 중간에서 잘림),2026-09-18
KST-308,msds-094,pdf/00_ 사출/고려용접봉/KST-308. 2021.12.29.pdf,4,7439-96-5,"망간(Manganese) Manganese, elemental / Manganese",망간(Manganese),원본과 대조,손대지 않음 (원본과 표기만 다름),2026-09-18
M-308,msds-095,pdf/00_ 사출/고려용접봉/M-3081. 2021.12.16.pdf,3,7439-89-6,철(Iron) 환원철,철(Iron),원본과 대조,손대지 않음 (원본과 표기만 다름),2026-09-18
M-308,msds-095,pdf/00_ 사출/고려용접봉/M-3081. 2021.12.16.pdf,3,7440-47-3,크롬분,크롬분(Chromium),원본과 대조,손대지 않음 (원본이 그렇게 적음),2026-09-18
M-308,msds-095,pdf/00_ 사출/고려용접봉/M-3081. 2021.12.16.pdf,3,7440-02-0,"니켈(Nickel) Nickel metal / Nickel, elemental /",니켈(Nickel),원본과 대조,손대지 않음 (원본과 표기만 다름),2026-09-18
M-308,msds-095,pdf/00_ 사출/고려용접봉/M-3081. 2021.12.16.pdf,3,7439-96-5,"망간(Manganese) Manganese, elemental / Manganese",망간(Manganese),원본과 대조,손대지 않음 (원본과 표기만 다름),2026-09-18
M-308,msds-095,pdf/00_ 사출/고려용접봉/M-3081. 2021.12.16.pdf,3,7440-21-3,"실리콘 금속(Silicon Metal) Silicon powder / Silicon powder,",실리콘 금속(Silicon Metal),원본과 대조,손대지 않음 (원본이 그렇게 적음),2026-09-18
M-308,msds-095,pdf/00_ 사출/고려용접봉/M-3081. 2021.12.16.pdf,3,7440-50-8,구리(Copper) C.I. 77400 / C.I. Pigment Metal 2 /,구리(Copper),원본과 대조,손대지 않음 (원본과 표기만 다름),2026-09-18
T-50,msds-096,pdf/00_ 사출/고려용접봉/T-50.pdf,2,7439-89-6,철(Iron) 환원철,철(Iron),원본과 대조,손대지 않음 (원본과 표기만 다름),2026-09-18
T-50,msds-096,pdf/00_ 사출/고려용접봉/T-50.pdf,2,7439-96-5,"망간(Manganese) Manganese, elemental / Manganese",망간(Manganese),원본과 대조,손대지 않음 (원본과 표기만 다름),2026-09-18
T-50,msds-096,pdf/00_ 사출/고려용접봉/T-50.pdf,2,7440-21-3,"실리콘 금속(Silicon Metal) Silicon powder / Silicon powder,",실리콘 금속(Silicon Metal),원본과 대조,손대지 않음 (원본이 그렇게 적음),2026-09-18
T-50,msds-096,pdf/00_ 사출/고려용접봉/T-50.pdf,3,7440-50-8,구리(Copper) C.I. 77400 / C.I. Pigment Metal 2 /,구리(Copper),원본과 대조,손대지 않음 (원본과 표기만 다름),2026-09-18
T-308,msds-097,pdf/00_ 사출/고려용접봉/T-3083.2021.12.16.pdf,3,7439-89-6,철(Iron) 환원철,철(Iron),원본과 대조,손대지 않음 (원본과 표기만 다름),2026-09-18
T-308,msds-097,pdf/00_ 사출/고려용접봉/T-3083.2021.12.16.pdf,3,7440-47-3,크롬분,크롬분(Chromium),원본과 대조,손대지 않음 (원본이 그렇게 적음),2026-09-18
T-308,msds-097,pdf/00_ 사출/고려용접봉/T-3083.2021.12.16.pdf,3,7440-02-0,"니켈(Nickel) Nickel metal / Nickel, elemental /",니켈(Nickel),원본과 대조,손대지 않음 (원본과 표기만 다름),2026-09-18
T-308,msds-097,pdf/00_ 사출/고려용접봉/T-3083.2021.12.16.pdf,3,7439-96-5,"망간(Manganese) Manganese, elemental / Manganese",망간(Manganese),원본과 대조,손대지 않음 (원본과 표기만 다름),2026-09-18
T-308,msds-097,pdf/00_ 사출/고려용접봉/T-3083.2021.12.16.pdf,3,7440-21-3,"실리콘 금속(Silicon Metal) Silicon powder / Silicon powder,",실리콘 금속(Silicon Metal),원본과 대조,손대지 않음 (원본이 그렇게 적음),2026-09-18
T-308,msds-097,pdf/00_ 사출/고려용접봉/T-3083.2021.12.16.pdf,3,7440-50-8,구리(Copper) C.I. 77400 / C.I. Pigment Metal 2 /,구리(Copper),원본과 대조,손대지 않음 (원본과 표기만 다름),2026-09-18
BD-3 (비디-3),msds-098,"pdf/00_ 사출/나바켐(NAVAKEM), 남방CNA(주)/BD-3(나바켐)(24)+(GHS).pdf",2,64742-49-0,수소처리된 경질 나프타 (석유),수소처리된 경질 나프타(석유),원본과 대조,손대지 않음 (원본이 그렇게 적음),2026-09-18
BD-3 (비디-3),msds-098,"pdf/00_ 사출/나바켐(NAVAKEM), 남방CNA(주)/BD-3(나바켐)(24)+(GHS).pdf",,CAS 미기재,,BD-3 (비디-3) ( 3 / 14 ),쪽 번호 섞임,손대지 않음 (CAS 없음),2026-09-18
BD-3 (비디-3),msds-098,"pdf/00_ 사출/나바켐(NAVAKEM), 남방CNA(주)/BD-3(나바켐)(24)+(GHS).pdf",3,9003-27-4,폴리아이소뷰틸렌(Polyisobutylene),TREATED LIGHT),원본과 대조,손대지 않음 (원본과 표기만 다름),2026-09-18
BD-3 (비디-3),msds-098,"pdf/00_ 사출/나바켐(NAVAKEM), 남방CNA(주)/BD-3(나바켐)(24)+(GHS).pdf",3,64742-54-7,수소처리된 중질 파라핀 정제유(Distillates,폴리아이소뷰틸렌(Polyisobutylene),원본과 대조,손대지 않음 (원본 줄이 중간에서 잘림),2026-09-18
BD-3 (비디-3),msds-098,"pdf/00_ 사출/나바켐(NAVAKEM), 남방CNA(주)/BD-3(나바켐)(24)+(GHS).pdf",3,74-98-6,프로판(Propane),프로판(Propane),원본과 대조,손대지 않음 (원본이 그렇게 적음),2026-09-18
BD-3 (비디-3),msds-098,"pdf/00_ 사출/나바켐(NAVAKEM), 남방CNA(주)/BD-3(나바켐)(24)+(GHS).pdf",3,106-97-8,부탄(Butane),부탄(Butane),원본과 대조,손대지 않음 (원본이 그렇게 적음),2026-09-18
다목적 세정제 DC-3000,msds-099,"pdf/00_ 사출/나바켐(NAVAKEM), 남방CNA(주)/DC-3000(32)+(GHS).pdf",2,431-89-0,"1,1,1,2,3,3,3-헵타플루오로프로판","1,1,1,2,3,3,3-헵타플루오로프로판",원본과 대조,손대지 않음 (원본이 그렇게 적음),2026-09-18
다목적 세정제 DC-3000,msds-099,"pdf/00_ 사출/나바켐(NAVAKEM), 남방CNA(주)/DC-3000(32)+(GHS).pdf",2,406-58-6,"1,1,1,3,3-Pentafluorobutane","1,1,1,3,3-Pentafluorobutane",원본과 대조,손대지 않음 (원본이 그렇게 적음),2026-09-18
다목적 세정제 DC-3000,msds-099,"pdf/00_ 사출/나바켐(NAVAKEM), 남방CNA(주)/DC-3000(32)+(GHS).pdf",2,335-57-9,헥사데카플루오로헵테인(Hexadecafluoroheptane),헥사데카플루오로헵테인(Hexadecafluoroheptane),원본과 대조,손대지 않음 (원본이 그렇게 적음),2026-09-18
다목적 세정제 DC-3000,msds-099,"pdf/00_ 사출/나바켐(NAVAKEM), 남방CNA(주)/DC-3000(32)+(GHS).pdf",2,335-36-4,"2,2,3,3,4,4,5-헙타플루오로테트라히드로-5","2,2,3,3,4,4,5-헵타플루오로테트라히드로-5-(노나플루오로부틸)퓨란",원본과 대조,손대지 않음 (원본이 그렇게 적음),2026-09-18
다목적 세정제 DC-3000,msds-099,"pdf/00_ 사출/나바켐(NAVAKEM), 남방CNA(주)/DC-3000(32)+(GHS).pdf",2,811-97-2,테트라플루오르에탄(Tetrafluoroethane),테트라플루오르에탄(Tetrafluoroethane),원본과 대조,손대지 않음 (원본이 그렇게 적음),2026-09-18
K1(케이1),msds-100,"pdf/00_ 사출/나바켐(NAVAKEM), 남방CNA(주)/K1(24)+(GHS).pdf",2,64742-54-7,수소처리된 중질 파라핀 정제유 (석유)(Distilates,PRODUCT NAME PAGE,원본과 대조,손대지 않음 (원본 줄이 중간에서 잘림),2026-09-18
K1(케이1),msds-100,"pdf/00_ 사출/나바켐(NAVAKEM), 남방CNA(주)/K1(24)+(GHS).pdf",,CAS 미기재,,K1 (케이 1) ( 3 / 14 ),쪽 번호 섞임,손대지 않음 (CAS 없음),2026-09-18
K1(케이1),msds-100,"pdf/00_ 사출/나바켐(NAVAKEM), 남방CNA(주)/K1(24)+(GHS).pdf",3,64742-47-8,수소처리된 경질 정제유(석유),수소처리된 경질 정제유(석유),원본과 대조,손대지 않음 (원본이 그렇게 적음),2026-09-18
K1(케이1),msds-100,"pdf/00_ 사출/나바켐(NAVAKEM), 남방CNA(주)/K1(24)+(GHS).pdf",3,61790-48-5,설폰산석유(Petroleum sulfonates),설폰산석유(Petroleum sulfonates),원본과 대조,손대지 않음 (원본이 그렇게 적음),2026-09-18
K1(케이1),msds-100,"pdf/00_ 사출/나바켐(NAVAKEM), 남방CNA(주)/K1(24)+(GHS).pdf",3,74-98-6,프로판(Propane),프로판(Propane),원본과 대조,손대지 않음 (원본이 그렇게 적음),2026-09-18
K1(케이1),msds-100,"pdf/00_ 사출/나바켐(NAVAKEM), 남방CNA(주)/K1(24)+(GHS).pdf",3,106-97-8,부탄(Butane),부탄(Butane),원본과 대조,손대지 않음 (원본이 그렇게 적음),2026-09-18
LONG #2 스프레이,msds-101,"pdf/00_ 사출/나바켐(NAVAKEM), 남방CNA(주)/LONG#2+Spray(38)+(GHS).pdf",,CAS 미기재,,(롱#2 스프레이) ( 3 / 16 ),쪽 번호 섞임,손대지 않음 (CAS 없음),2026-09-18
LONG #2 스프레이,msds-101,"pdf/00_ 사출/나바켐(NAVAKEM), 남방CNA(주)/LONG#2+Spray(38)+(GHS).pdf",3,68425-34-3,"페트롤레이텀(석유), 산화된 칼슘염","페트롤레이텀(석유), 산화된 칼슘염",원본과 대조,손대지 않음 (원본이 그렇게 적음),2026-09-18
LONG #2 스프레이,msds-101,"pdf/00_ 사출/나바켐(NAVAKEM), 남방CNA(주)/LONG#2+Spray(38)+(GHS).pdf",3,9003-29-6,폴리부텐(Polybutene),폴리부텐(Polybutene),원본과 대조,손대지 않음 (원본이 그렇게 적음),2026-09-18
LONG #2 스프레이,msds-101,"pdf/00_ 사출/나바켐(NAVAKEM), 남방CNA(주)/LONG#2+Spray(38)+(GHS).pdf",3,61789-86-4,칼슘 석유 설폰산,칼슘 석유 설폰산,원본과 대조,손대지 않음 (원본이 그렇게 적음),2026-09-18
LONG #2 스프레이,msds-101,"pdf/00_ 사출/나바켐(NAVAKEM), 남방CNA(주)/LONG#2+Spray(38)+(GHS).pdf",3,64742-47-8,수소처리된 경질 정제유(석유),수소처리된 경질 정제유(석유),원본과 대조,손대지 않음 (원본이 그렇게 적음),2026-09-18
LONG #2 스프레이,msds-101,"pdf/00_ 사출/나바켐(NAVAKEM), 남방CNA(주)/LONG#2+Spray(38)+(GHS).pdf",3,64742-49-0,수소처리된 경질 나프타 (석유),수소처리된 경질 나프타(석유),원본과 대조,손대지 않음 (원본이 그렇게 적음),2026-09-18
LONG #2 스프레이,msds-101,"pdf/00_ 사출/나바켐(NAVAKEM), 남방CNA(주)/LONG#2+Spray(38)+(GHS).pdf",3,74-98-6,프로판(Propane),프로판(Propane),원본과 대조,손대지 않음 (원본이 그렇게 적음),2026-09-18
LONG #2 스프레이,msds-101,"pdf/00_ 사출/나바켐(NAVAKEM), 남방CNA(주)/LONG#2+Spray(38)+(GHS).pdf",3,106-97-8,부탄(Butane),부탄(Butane),원본과 대조,손대지 않음 (원본이 그렇게 적음),2026-09-18
LONG #2H(롱#2에이치),msds-102,"pdf/00_ 사출/나바켐(NAVAKEM), 남방CNA(주)/LONG+#2H(23)+(GHS).pdf",,CAS 미기재,,LONG #2H (롱#2 에이치) ( 3 / 16 ),쪽 번호 섞임,손대지 않음 (CAS 없음),2026-09-18
LONG #2H(롱#2에이치),msds-102,"pdf/00_ 사출/나바켐(NAVAKEM), 남방CNA(주)/LONG+#2H(23)+(GHS).pdf",3,68425-34-3,"페트롤레이텀(석유), 산화된 칼슘염","페트롤레이텀(석유), 산화된 칼슘염",원본과 대조,손대지 않음 (원본이 그렇게 적음),2026-09-18
LONG #2H(롱#2에이치),msds-102,"pdf/00_ 사출/나바켐(NAVAKEM), 남방CNA(주)/LONG+#2H(23)+(GHS).pdf",3,61789-86-4,칼슘 석유 설폰산,칼슘 석유 설폰산,원본과 대조,손대지 않음 (원본이 그렇게 적음),2026-09-18
LONG #2H(롱#2에이치),msds-102,"pdf/00_ 사출/나바켐(NAVAKEM), 남방CNA(주)/LONG+#2H(23)+(GHS).pdf",3,64742-54-7,수소처리된 중질 파라핀 정제유 (Distillates,수소처리된 경질 정제유(석유),원본과 대조,손대지 않음 (원본 줄이 중간에서 잘림),2026-09-18
LONG #2H(롱#2에이치),msds-102,"pdf/00_ 사출/나바켐(NAVAKEM), 남방CNA(주)/LONG+#2H(23)+(GHS).pdf",3,64742-47-8,수소처리된 경질 정제유 (석유),수소처리된 경질 정제유 (석유),원본과 대조,손대지 않음 (원본이 그렇게 적음),2026-09-18
LONG #2H(롱#2에이치),msds-102,"pdf/00_ 사출/나바켐(NAVAKEM), 남방CNA(주)/LONG+#2H(23)+(GHS).pdf",3,64742-49-0,수소처리된 경질 나프타 (석유),수소처리된 경질 나프타 (석유),원본과 대조,손대지 않음 (원본이 그렇게 적음),2026-09-18
LONG #2H(롱#2에이치),msds-102,"pdf/00_ 사출/나바켐(NAVAKEM), 남방CNA(주)/LONG+#2H(23)+(GHS).pdf",3,74-98-6,프로판 (Propane),프로판 (Propane),원본과 대조,손대지 않음 (원본이 그렇게 적음),2026-09-18
LONG #2H(롱#2에이치),msds-102,"pdf/00_ 사출/나바켐(NAVAKEM), 남방CNA(주)/LONG+#2H(23)+(GHS).pdf",3,106-97-8,부탄(Butane),TREATED LIGHT),원본과 대조,손대지 않음 (원본과 표기만 다름),2026-09-18
MEGA CHECK 처리제(TREATMENT),msds-103,"pdf/00_ 사출/나바켐(NAVAKEM), 남방CNA(주)/Mega+check+처리제+(6)+(GHS).pdf",3,64742-49-0,수소처리된 경질 나프타 (석유),수소처리된 경질 나프타 (석유),원본과 대조,손대지 않음 (원본이 그렇게 적음),2026-09-18
MEGA CHECK 처리제(TREATMENT),msds-103,"pdf/00_ 사출/나바켐(NAVAKEM), 남방CNA(주)/Mega+check+처리제+(6)+(GHS).pdf",3,74-98-6,프로판(Propane),프로판(Propane),원본과 대조,손대지 않음 (원본이 그렇게 적음),2026-09-18
MEGA CHECK 처리제(TREATMENT),msds-103,"pdf/00_ 사출/나바켐(NAVAKEM), 남방CNA(주)/Mega+check+처리제+(6)+(GHS).pdf",3,106-97-8,부탄(Butane),부탄(Butane),원본과 대조,손대지 않음 (원본이 그렇게 적음),2026-09-18
MEGA CHECK 침투제(PENETRANT),msds-104,"pdf/00_ 사출/나바켐(NAVAKEM), 남방CNA(주)/Mega+check+침투제(5)+(GHS).pdf",2,64742-94-5,"솔벤트 나프타 (석유), 중질 방향족화합물","솔벤트 나프타(석유), 중질 방향족화합물",원본과 대조,손대지 않음 (원본이 그렇게 적음),2026-09-18
MEGA CHECK 침투제(PENETRANT),msds-104,"pdf/00_ 사출/나바켐(NAVAKEM), 남방CNA(주)/Mega+check+침투제(5)+(GHS).pdf",2,108-88-3,톨루엔(Toluene),톨루엔(Toluene),원본과 대조,손대지 않음 (원본이 그렇게 적음),2026-09-18
MEGA CHECK 침투제(PENETRANT),msds-104,"pdf/00_ 사출/나바켐(NAVAKEM), 남방CNA(주)/Mega+check+침투제(5)+(GHS).pdf",2,6422-86-2,디옥틸테레프탈산(Dioctyl terephthalate),디옥틸테레프탈산(Dioctyl terephthalate),원본과 대조,손대지 않음 (원본이 그렇게 적음),2026-09-18
MEGA CHECK 침투제(PENETRANT),msds-104,"pdf/00_ 사출/나바켐(NAVAKEM), 남방CNA(주)/Mega+check+침투제(5)+(GHS).pdf",2,1320-06-5,레드오일(Red oil),레드오일(Red oil),원본과 대조,손대지 않음 (원본이 그렇게 적음),2026-09-18
MEGA CHECK 침투제(PENETRANT),msds-104,"pdf/00_ 사출/나바켐(NAVAKEM), 남방CNA(주)/Mega+check+침투제(5)+(GHS).pdf",3,74-98-6,프로판(Propane),프로판(Propane),원본과 대조,손대지 않음 (원본이 그렇게 적음),2026-09-18
MEGA CHECK 침투제(PENETRANT),msds-104,"pdf/00_ 사출/나바켐(NAVAKEM), 남방CNA(주)/Mega+check+침투제(5)+(GHS).pdf",3,106-97-8,부탄(Butane),부탄(Butane),원본과 대조,손대지 않음 (원본이 그렇게 적음),2026-09-18
MEGA CHECK 침투제 W,msds-105,"pdf/00_ 사출/나바켐(NAVAKEM), 남방CNA(주)/Mega+check+침투제W+(5)+(GHS).pdf",2,112-34-5,다이에틸렌 글리콜 모노뷰틸 에테르,다이에틸렌 글리콜 모노뷰틸 에테르,원본과 대조,손대지 않음 (원본이 그렇게 적음),2026-09-18
MEGA CHECK 침투제 W,msds-105,"pdf/00_ 사출/나바켐(NAVAKEM), 남방CNA(주)/Mega+check+침투제W+(5)+(GHS).pdf",2,9002-92-0,알파-도데실-오메가-하이드록시-폴리옥시에틸렌,알파-도데실-오메가-하이드록시-폴리옥시에틸렌,원본과 대조,손대지 않음 (원본이 그렇게 적음),2026-09-18
MEGA CHECK 침투제 W,msds-105,"pdf/00_ 사출/나바켐(NAVAKEM), 남방CNA(주)/Mega+check+침투제W+(5)+(GHS).pdf",2,1863-63-4,암모늄 벤조산(Ammonium benzoate),암모늄 벤조산(Ammonium benzoate),원본과 대조,손대지 않음 (원본이 그렇게 적음),2026-09-18
MEGA CHECK 침투제 W,msds-105,"pdf/00_ 사출/나바켐(NAVAKEM), 남방CNA(주)/Mega+check+침투제W+(5)+(GHS).pdf",2,7732-18-5,물(Water),물(Water),원본과 대조,손대지 않음 (원본이 그렇게 적음),2026-09-18
MEGA CHECK 현상제(DEVELOPER),msds-106,"pdf/00_ 사출/나바켐(NAVAKEM), 남방CNA(주)/Mega+check+현상제+(5)+(GHS).pdf",3,67-63-0,이소프로필알콜(Isopropyl alcohol),이소프로필알콜(Isopropyl alcohol),원본과 대조,손대지 않음 (원본이 그렇게 적음),2026-09-18
MEGA CHECK 현상제(DEVELOPER),msds-106,"pdf/00_ 사출/나바켐(NAVAKEM), 남방CNA(주)/Mega+check+현상제+(5)+(GHS).pdf",3,110-54-3,노말헥산(n-hexane),노말헥산(n-hexane),원본과 대조,손대지 않음 (원본이 그렇게 적음),2026-09-18
MEGA CHECK 현상제(DEVELOPER),msds-106,"pdf/00_ 사출/나바켐(NAVAKEM), 남방CNA(주)/Mega+check+현상제+(5)+(GHS).pdf",3,107-83-5,2-메틸펜탄(2-Methylpentane),2-메틸펜탄(2-Methylpentane),원본과 대조,손대지 않음 (원본이 그렇게 적음),2026-09-18
MEGA CHECK 현상제(DEVELOPER),msds-106,"pdf/00_ 사출/나바켐(NAVAKEM), 남방CNA(주)/Mega+check+현상제+(5)+(GHS).pdf",3,96-37-7,메틸사이클로펜탄(Methylcyclopentane),메틸사이클로펜탄(Methylcyclopentane),원본과 대조,손대지 않음 (원본이 그렇게 적음),2026-09-18
MEGA CHECK 현상제(DEVELOPER),msds-106,"pdf/00_ 사출/나바켐(NAVAKEM), 남방CNA(주)/Mega+check+현상제+(5)+(GHS).pdf",3,14807-96-6,탈크파우더(Talc powder)(비석면형),활석(석면 불포함),원본과 대조,손대지 않음 (원본과 표기만 다름),2026-09-18
MEGA CHECK 현상제(DEVELOPER),msds-106,"pdf/00_ 사출/나바켐(NAVAKEM), 남방CNA(주)/Mega+check+현상제+(5)+(GHS).pdf",3,64742-49-0,수소처리된 경질 나프타 (석유),수소처리된 경질 나프타 (석유),원본과 대조,손대지 않음 (원본이 그렇게 적음),2026-09-18
MEGA CHECK 현상제(DEVELOPER),msds-106,"pdf/00_ 사출/나바켐(NAVAKEM), 남방CNA(주)/Mega+check+현상제+(5)+(GHS).pdf",3,74-98-6,프로판(Propane),프로판(Propane),원본과 대조,손대지 않음 (원본이 그렇게 적음),2026-09-18
MEGA CHECK 현상제(DEVELOPER),msds-106,"pdf/00_ 사출/나바켐(NAVAKEM), 남방CNA(주)/Mega+check+현상제+(5)+(GHS).pdf",3,106-97-8,부탄(Butane),부탄(Butane),원본과 대조,손대지 않음 (원본이 그렇게 적음),2026-09-18
다용도세제 NB-1(분무기),msds-107,"pdf/00_ 사출/나바켐(NAVAKEM), 남방CNA(주)/NB-1(분무기)(2)+(나바켐)+(GHS).pdf",2,7320-34-5,"피로인산칼륨(Potassium pyrophosphate) 유리인산칼륨,",피로인산칼륨(Potassium pyrophosphate),원본과 대조,손대지 않음 (원본이 그렇게 적음),2026-09-18
다용도세제 NB-1(분무기),msds-107,"pdf/00_ 사출/나바켐(NAVAKEM), 남방CNA(주)/NB-1(분무기)(2)+(나바켐)+(GHS).pdf",2,56539-66-3,3-메틸-3-메톡시 부탄올,3-메틸-3-메톡시 부탄올,원본과 대조,손대지 않음 (원본이 그렇게 적음),2026-09-18
다용도세제 NB-1(분무기),msds-107,"pdf/00_ 사출/나바켐(NAVAKEM), 남방CNA(주)/NB-1(분무기)(2)+(나바켐)+(GHS).pdf",2,112-34-5,다이에틸렌 글리콜 모노뷰틸 에테르,다이에틸렌 글리콜 모노뷰틸 에테르,원본과 대조,손대지 않음 (원본이 그렇게 적음),2026-09-18
다용도세제 NB-1(분무기),msds-107,"pdf/00_ 사출/나바켐(NAVAKEM), 남방CNA(주)/NB-1(분무기)(2)+(나바켐)+(GHS).pdf",2,102-71-6,트리에탄올아민(Triethanol Amine),트리에탄올아민(Triethanol Amine),원본과 대조,손대지 않음 (원본이 그렇게 적음),2026-09-18
다용도세제 NB-1(분무기),msds-107,"pdf/00_ 사출/나바켐(NAVAKEM), 남방CNA(주)/NB-1(분무기)(2)+(나바켐)+(GHS).pdf",2,9002-92-0,폴리옥시 에틸렌 알킬에테르,폴리옥시 에틸렌 알킬에테르,원본과 대조,손대지 않음 (원본이 그렇게 적음),2026-09-18
다용도세제 NB-1(분무기),msds-107,"pdf/00_ 사출/나바켐(NAVAKEM), 남방CNA(주)/NB-1(분무기)(2)+(나바켐)+(GHS).pdf",2,7732-18-5,물(Water),물(Water),원본과 대조,손대지 않음 (원본이 그렇게 적음),2026-09-18
PMC-3(피엠씨-3),msds-108,"pdf/00_ 사출/나바켐(NAVAKEM), 남방CNA(주)/PMC-3(32)+(GHS).pdf",3,67-64-1,아세톤(Acetone),아세톤[VOCs 면제물질],원본과 대조,손대지 않음 (원본이 그렇게 적음),2026-09-18
PMC-3(피엠씨-3),msds-108,"pdf/00_ 사출/나바켐(NAVAKEM), 남방CNA(주)/PMC-3(32)+(GHS).pdf",3,107-98-2,프로필렌글리콜모노메틸에테르,TREATED LIGHT),원본과 대조,손대지 않음 (원본과 표기만 다름),2026-09-18
PMC-3(피엠씨-3),msds-108,"pdf/00_ 사출/나바켐(NAVAKEM), 남방CNA(주)/PMC-3(32)+(GHS).pdf",3,64742-49-0,수소처리된 경질 나프타 (석유),수소처리된 경질 나프타 (석유),원본과 대조,손대지 않음 (원본이 그렇게 적음),2026-09-18
PMC-3(피엠씨-3),msds-108,"pdf/00_ 사출/나바켐(NAVAKEM), 남방CNA(주)/PMC-3(32)+(GHS).pdf",3,156-60-5,"1,2-디클로로에틸렌(트랜스)","1,2-디클로로에틸렌(트랜스)",원본과 대조,손대지 않음 (원본이 그렇게 적음),2026-09-18
PMC-3(피엠씨-3),msds-108,"pdf/00_ 사출/나바켐(NAVAKEM), 남방CNA(주)/PMC-3(32)+(GHS).pdf",3,74-98-6,프로판(Propane),프로판(Propane),원본과 대조,손대지 않음 (원본이 그렇게 적음),2026-09-18
PMC-3(피엠씨-3),msds-108,"pdf/00_ 사출/나바켐(NAVAKEM), 남방CNA(주)/PMC-3(32)+(GHS).pdf",3,106-97-8,부탄(Butane),부탄(Butane),원본과 대조,손대지 않음 (원본이 그렇게 적음),2026-09-18
스티커 자국 제거제 SSR-220,msds-109,"pdf/00_ 사출/나바켐(NAVAKEM), 남방CNA(주)/SSR-220(나바켐)(24)+(GHS).pdf",2,64742-47-8,수소처리된 경질 정제유(석유),수소처리된 경질 정제유(석유),원본과 대조,손대지 않음 (원본이 그렇게 적음),2026-09-18
스티커 자국 제거제 SSR-220,msds-109,"pdf/00_ 사출/나바켐(NAVAKEM), 남방CNA(주)/SSR-220(나바켐)(24)+(GHS).pdf",2,8028-48-6,"Orange, sweet, ext","Orange, sweet, ext",원본과 대조,손대지 않음 (원본이 그렇게 적음),2026-09-18
스티커 자국 제거제 SSR-220,msds-109,"pdf/00_ 사출/나바켐(NAVAKEM), 남방CNA(주)/SSR-220(나바켐)(24)+(GHS).pdf",2,107-98-2,프로필렌 글리콜 모노메틸 에테르,프로필렌 글리콜 모노메틸 에테르,원본과 대조,손대지 않음 (원본이 그렇게 적음),2026-09-18
스티커 자국 제거제 SSR-220,msds-109,"pdf/00_ 사출/나바켐(NAVAKEM), 남방CNA(주)/SSR-220(나바켐)(24)+(GHS).pdf",2,74-98-6,프로판(Propane),프로판(Propane),원본과 대조,손대지 않음 (원본이 그렇게 적음),2026-09-18
스티커 자국 제거제 SSR-220,msds-109,"pdf/00_ 사출/나바켐(NAVAKEM), 남방CNA(주)/SSR-220(나바켐)(24)+(GHS).pdf",2,106-97-8,부탄(Butane),부탄(Butane),원본과 대조,손대지 않음 (원본이 그렇게 적음),2026-09-18
스티커 자국 제거제 SSR-450,msds-110,"pdf/00_ 사출/나바켐(NAVAKEM), 남방CNA(주)/SSR-450(나바켐)(26)+(GHS).pdf",2,64742-47-8,수소처리된 경질 정제유(석유),수소처리된 경질 정제유(석유),원본과 대조,손대지 않음 (원본이 그렇게 적음),2026-09-18
스티커 자국 제거제 SSR-450,msds-110,"pdf/00_ 사출/나바켐(NAVAKEM), 남방CNA(주)/SSR-450(나바켐)(26)+(GHS).pdf",2,8028-48-6,"Orange, sweet, ext","Orange, sweet, ext",원본과 대조,손대지 않음 (원본이 그렇게 적음),2026-09-18
스티커 자국 제거제 SSR-450,msds-110,"pdf/00_ 사출/나바켐(NAVAKEM), 남방CNA(주)/SSR-450(나바켐)(26)+(GHS).pdf",2,107-98-2,프로필렌 글리콜 모노메틸 에테르,프로필렌 글리콜 모노메틸 에테르,원본과 대조,손대지 않음 (원본이 그렇게 적음),2026-09-18
스티커 자국 제거제 SSR-450,msds-110,"pdf/00_ 사출/나바켐(NAVAKEM), 남방CNA(주)/SSR-450(나바켐)(26)+(GHS).pdf",2,74-98-6,프로판(Propane),프로판(Propane),원본과 대조,손대지 않음 (원본이 그렇게 적음),2026-09-18
스티커 자국 제거제 SSR-450,msds-110,"pdf/00_ 사출/나바켐(NAVAKEM), 남방CNA(주)/SSR-450(나바켐)(26)+(GHS).pdf",2,106-97-8,부탄(Butane),부탄(Butane),원본과 대조,손대지 않음 (원본이 그렇게 적음),2026-09-18
탭핑 콤파운드 TC#1,msds-111,"pdf/00_ 사출/나바켐(NAVAKEM), 남방CNA(주)/TC#1(36)+(GHS).pdf",2,8001-79-4,피마자유(Castor oil),피마자유(Castor oil),원본과 대조,손대지 않음 (원본이 그렇게 적음),2026-09-18
탭핑 콤파운드 TC#1,msds-111,"pdf/00_ 사출/나바켐(NAVAKEM), 남방CNA(주)/TC#1(36)+(GHS).pdf",2,156-60-5,"1,2-디클로로에틸렌(트랜스)","1,2-디클로로에틸렌(트랜스)",원본과 대조,손대지 않음 (원본이 그렇게 적음),2026-09-18
LCP-77 분홍색 N101,msds-112,"pdf/00_ 사출/나바켐(NAVAKEM), 남방CNA(주)/락카스프레이/나바켐_LCP-77(분홍색).pdf",3,108-88-3,톨루엔(Toluene),톨루엔(Toluene),원본과 대조,손대지 않음 (원본이 그렇게 적음),2026-09-18
LCP-77 분홍색 N101,msds-112,"pdf/00_ 사출/나바켐(NAVAKEM), 남방CNA(주)/락카스프레이/나바켐_LCP-77(분홍색).pdf",3,67-64-1,아세톤(Acetone),아세톤(Acetone),원본과 대조,손대지 않음 (원본이 그렇게 적음),2026-09-18
LCP-77 분홍색 N101,msds-112,"pdf/00_ 사출/나바켐(NAVAKEM), 남방CNA(주)/락카스프레이/나바켐_LCP-77(분홍색).pdf",3,1330-20-7,크실렌(Xylene),크실렌(Xylene),원본과 대조,손대지 않음 (원본이 그렇게 적음),2026-09-18
LCP-77 분홍색 N101,msds-112,"pdf/00_ 사출/나바켐(NAVAKEM), 남방CNA(주)/락카스프레이/나바켐_LCP-77(분홍색).pdf",3,123-86-4,아세트산 뷰틸(Butyl acetates),아세트산 뷰틸(Butyl acetates),원본과 대조,손대지 않음 (원본이 그렇게 적음),2026-09-18
LCP-77 분홍색 N101,msds-112,"pdf/00_ 사출/나바켐(NAVAKEM), 남방CNA(주)/락카스프레이/나바켐_LCP-77(분홍색).pdf",3,111-76-2,뷰틸 셀로솔브(Butyl cellosolve),뷰틸 셀로솔브(Butyl cellosolve),원본과 대조,손대지 않음 (원본이 그렇게 적음),2026-09-18
LCP-77 분홍색 N101,msds-112,"pdf/00_ 사출/나바켐(NAVAKEM), 남방CNA(주)/락카스프레이/나바켐_LCP-77(분홍색).pdf",3,13463-67-7,이산화 티타늄(Titanium dioxide),이산화 티타늄(Titanium dioxide),원본과 대조,손대지 않음 (원본이 그렇게 적음),2026-09-18
LCP-77 분홍색 N101,msds-112,"pdf/00_ 사출/나바켐(NAVAKEM), 남방CNA(주)/락카스프레이/나바켐_LCP-77(분홍색).pdf",3,108-10-1,메틸아이소뷰틸케톤(Methyl isobutyl ketone),메틸아이소뷰틸케톤(Methyl isobutyl ketone),원본과 대조,손대지 않음 (원본이 그렇게 적음),2026-09-18
LCP-77 분홍색 N101,msds-112,"pdf/00_ 사출/나바켐(NAVAKEM), 남방CNA(주)/락카스프레이/나바켐_LCP-77(분홍색).pdf",3,108-65-6,프로필렌 글리콜 모노메틸 에테르 아세트산,프로필렌 글리콜 모노메틸 에테르 아세테이트,원본과 대조,손대지 않음 (원본과 표기만 다름),2026-09-18
LCP-77 분홍색 N101,msds-112,"pdf/00_ 사출/나바켐(NAVAKEM), 남방CNA(주)/락카스프레이/나바켐_LCP-77(분홍색).pdf",3,109961-32-2,"Fatty acids, dehydrated castor oil polymers 자료없음","Fatty acids, dehydrated castor oil polymers",원본과 대조,손대지 않음 (원본이 그렇게 적음),2026-09-18
LCP-77 분홍색 N101,msds-112,"pdf/00_ 사출/나바켐(NAVAKEM), 남방CNA(주)/락카스프레이/나바켐_LCP-77(분홍색).pdf",3,9004-70-0,니트로셀룰로오스(Nitrocellulose),니트로셀룰로오스,원본과 대조,손대지 않음 (원본이 그렇게 적음),2026-09-18
LCP-77 분홍색 N101,msds-112,"pdf/00_ 사출/나바켐(NAVAKEM), 남방CNA(주)/락카스프레이/나바켐_LCP-77(분홍색).pdf",3,74-98-6,프로판(Propane),프로판(Propane),원본과 대조,손대지 않음 (원본이 그렇게 적음),2026-09-18
LCP-77 분홍색 N101,msds-112,"pdf/00_ 사출/나바켐(NAVAKEM), 남방CNA(주)/락카스프레이/나바켐_LCP-77(분홍색).pdf",3,115-10-6,디메틸에테르(Dimethyl ether),디메틸에테르(Dimethyl ether),원본과 대조,손대지 않음 (원본이 그렇게 적음),2026-09-18
나바켐 락카스프레이 - 아이보리색 [LCP-77](N502),msds-113,"pdf/00_ 사출/나바켐(NAVAKEM), 남방CNA(주)/락카스프레이/나바켐 - 아이보리색 MSDS.pdf",2,64-17-5,에탄올,에탄올,원본과 대조,손대지 않음 (원본이 그렇게 적음),2026-09-18
나바켐 락카스프레이 - 아이보리색 [LCP-77](N502),msds-113,"pdf/00_ 사출/나바켐(NAVAKEM), 남방CNA(주)/락카스프레이/나바켐 - 아이보리색 MSDS.pdf",2,9004-70-0,나이트로셀룰로스,나이트로셀룰로스,원본과 대조,손대지 않음 (원본이 그렇게 적음),2026-09-18
나바켐 락카스프레이 - 아이보리색 [LCP-77](N502),msds-113,"pdf/00_ 사출/나바켐(NAVAKEM), 남방CNA(주)/락카스프레이/나바켐 - 아이보리색 MSDS.pdf",2,64742-82-1,"수소탈황화된 중질 나프타 (석유)(Naphtha (petroleum),","수소탈황화된 중질 나프타 (석유)(Naphtha (petroleum), hydrodesulfurized heavy)",원본과 대조,손대지 않음 (원본 줄이 중간에서 잘림),2026-09-18
나바켐 락카스프레이 - 아이보리색 [LCP-77](N502),msds-113,"pdf/00_ 사출/나바켐(NAVAKEM), 남방CNA(주)/락카스프레이/나바켐 - 아이보리색 MSDS.pdf",2,13463-67-7,이산화티타늄,이산화티타늄,원본과 대조,손대지 않음 (원본이 그렇게 적음),2026-09-18
나바켐 락카스프레이 - 아이보리색 [LCP-77](N502),msds-113,"pdf/00_ 사출/나바켐(NAVAKEM), 남방CNA(주)/락카스프레이/나바켐 - 아이보리색 MSDS.pdf",2,108-10-1,메틸 이소부틸 케톤,메틸 이소부틸 케톤,원본과 대조,손대지 않음 (원본이 그렇게 적음),2026-09-18
나바켐 락카스프레이 - 아이보리색 [LCP-77](N502),msds-113,"pdf/00_ 사출/나바켐(NAVAKEM), 남방CNA(주)/락카스프레이/나바켐 - 아이보리색 MSDS.pdf",3,108-88-3,톨루엔,톨루엔,원본과 대조,손대지 않음 (원본이 그렇게 적음),2026-09-18
나바켐 락카스프레이 - 아이보리색 [LCP-77](N502),msds-113,"pdf/00_ 사출/나바켐(NAVAKEM), 남방CNA(주)/락카스프레이/나바켐 - 아이보리색 MSDS.pdf",3,111-76-2,2-부톡시에탄올,2-부톡시에탄올,원본과 대조,손대지 않음 (원본이 그렇게 적음),2026-09-18
나바켐 락카스프레이 - 아이보리색 [LCP-77](N502),msds-113,"pdf/00_ 사출/나바켐(NAVAKEM), 남방CNA(주)/락카스프레이/나바켐 - 아이보리색 MSDS.pdf",3,123-86-4,초산 부틸,초산 부틸,원본과 대조,손대지 않음 (원본이 그렇게 적음),2026-09-18
나바켐 락카스프레이 - 아이보리색 [LCP-77](N502),msds-113,"pdf/00_ 사출/나바켐(NAVAKEM), 남방CNA(주)/락카스프레이/나바켐 - 아이보리색 MSDS.pdf",3,67-63-0,이소프로필 알코올,이소프로필 알코올,원본과 대조,손대지 않음 (원본이 그렇게 적음),2026-09-18
나바켐 락카스프레이 - 아이보리색 [LCP-77](N502),msds-113,"pdf/00_ 사출/나바켐(NAVAKEM), 남방CNA(주)/락카스프레이/나바켐 - 아이보리색 MSDS.pdf",3,67-64-1,아세톤,아세톤,원본과 대조,손대지 않음 (원본이 그렇게 적음),2026-09-18
나바켐 락카스프레이 - 아이보리색 [LCP-77](N502),msds-113,"pdf/00_ 사출/나바켐(NAVAKEM), 남방CNA(주)/락카스프레이/나바켐 - 아이보리색 MSDS.pdf",3,1330-20-7,크실렌,크실렌,원본과 대조,손대지 않음 (원본이 그렇게 적음),2026-09-18
나바켐 락카스프레이 - 아이보리색 [LCP-77](N502),msds-113,"pdf/00_ 사출/나바켐(NAVAKEM), 남방CNA(주)/락카스프레이/나바켐 - 아이보리색 MSDS.pdf",3,79-20-9,초산 메틸,초산 메틸,원본과 대조,손대지 않음 (원본이 그렇게 적음),2026-09-18
나바켐 락카스프레이 - 아이보리색 [LCP-77](N502),msds-113,"pdf/00_ 사출/나바켐(NAVAKEM), 남방CNA(주)/락카스프레이/나바켐 - 아이보리색 MSDS.pdf",3,100-41-4,에틸벤젠,에틸벤젠,원본과 대조,손대지 않음 (원본이 그렇게 적음),2026-09-18
나바켐 락카스프레이 - 아이보리색 [LCP-77](N502),msds-113,"pdf/00_ 사출/나바켐(NAVAKEM), 남방CNA(주)/락카스프레이/나바켐 - 아이보리색 MSDS.pdf",3,108-94-1,시클로헥사논,시클로헥사논,원본과 대조,손대지 않음 (원본이 그렇게 적음),2026-09-18
나바켐 락카스프레이 - 아이보리색 [LCP-77](N502),msds-113,"pdf/00_ 사출/나바켐(NAVAKEM), 남방CNA(주)/락카스프레이/나바켐 - 아이보리색 MSDS.pdf",3,115-10-6,다이메틸 에테르,다이메틸 에테르,원본과 대조,손대지 않음 (원본이 그렇게 적음),2026-09-18
나바켐 락카스프레이 - 아이보리색 [LCP-77](N502),msds-113,"pdf/00_ 사출/나바켐(NAVAKEM), 남방CNA(주)/락카스프레이/나바켐 - 아이보리색 MSDS.pdf",3,122-99-6,에틸렌 글리콜 페닐 에테르,에틸렌 글리콜 페닐 에테르,원본과 대조,손대지 않음 (원본이 그렇게 적음),2026-09-18
나바켐 락카스프레이 - 아이보리색 [LCP-77](N502),msds-113,"pdf/00_ 사출/나바켐(NAVAKEM), 남방CNA(주)/락카스프레이/나바켐 - 아이보리색 MSDS.pdf",3,74-98-6,프로페인,프로페인,원본과 대조,손대지 않음 (원본이 그렇게 적음),2026-09-18
나바켐 락카스프레이 - 아이보리색 [LCP-77](N502),msds-113,"pdf/00_ 사출/나바켐(NAVAKEM), 남방CNA(주)/락카스프레이/나바켐 - 아이보리색 MSDS.pdf",3,8050-26-8,"로신에스테르 WITH 2,2-비스(하이드록시메틸)-1,3-프로판디올","로신에스테르 WITH 2,2-비스(하이드록시메틸)-1,3-프로판디올",원본과 대조,손대지 않음 (원본이 그렇게 적음),2026-09-18
나바켐 락카스프레이 - 아이보리색 [LCP-77](N502),msds-113,"pdf/00_ 사출/나바켐(NAVAKEM), 남방CNA(주)/락카스프레이/나바켐 - 아이보리색 MSDS.pdf",3,9003-11-6,폴리에틸렌-폴리프로필렌 글리콜,폴리에틸렌-폴리프로필렌 글리콜,원본과 대조,손대지 않음 (원본이 그렇게 적음),2026-09-18
나바켐 락카스프레이 - 아이보리색 [LCP-77](N502),msds-113,"pdf/00_ 사출/나바켐(NAVAKEM), 남방CNA(주)/락카스프레이/나바켐 - 아이보리색 MSDS.pdf",3,125542-65-6,알키드 수지,알키드 수지,원본과 대조,손대지 않음 (원본이 그렇게 적음),2026-09-18
나바켐 락카스프레이 - 진청색 [LCP-77](N400),msds-114,"pdf/00_ 사출/나바켐(NAVAKEM), 남방CNA(주)/락카스프레이/나바켐 - 진청색 MSDS.pdf",2,64-17-5,에탄올,에탄올,원본과 대조,손대지 않음 (원본이 그렇게 적음),2026-09-18
나바켐 락카스프레이 - 진청색 [LCP-77](N400),msds-114,"pdf/00_ 사출/나바켐(NAVAKEM), 남방CNA(주)/락카스프레이/나바켐 - 진청색 MSDS.pdf",2,9004-70-0,나이트로셀룰로스,나이트로셀룰로스,원본과 대조,손대지 않음 (원본이 그렇게 적음),2026-09-18
나바켐 락카스프레이 - 진청색 [LCP-77](N400),msds-114,"pdf/00_ 사출/나바켐(NAVAKEM), 남방CNA(주)/락카스프레이/나바켐 - 진청색 MSDS.pdf",2,64742-82-1,"수소탈황화된 중질 나프타 (석유)(Naphtha (petroleum),","수소탈황화된 중질 나프타 (석유)(Naphtha (petroleum), hydrodesulfurized heavy)",원본과 대조,손대지 않음 (원본 줄이 중간에서 잘림),2026-09-18
나바켐 락카스프레이 - 진청색 [LCP-77](N400),msds-114,"pdf/00_ 사출/나바켐(NAVAKEM), 남방CNA(주)/락카스프레이/나바켐 - 진청색 MSDS.pdf",2,13463-67-7,이산화티타늄,이산화티타늄,원본과 대조,손대지 않음 (원본이 그렇게 적음),2026-09-18
나바켐 락카스프레이 - 진청색 [LCP-77](N400),msds-114,"pdf/00_ 사출/나바켐(NAVAKEM), 남방CNA(주)/락카스프레이/나바켐 - 진청색 MSDS.pdf",2,108-10-1,메틸 이소부틸 케톤,메틸 이소부틸 케톤,원본과 대조,손대지 않음 (원본이 그렇게 적음),2026-09-18
나바켐 락카스프레이 - 진청색 [LCP-77](N400),msds-114,"pdf/00_ 사출/나바켐(NAVAKEM), 남방CNA(주)/락카스프레이/나바켐 - 진청색 MSDS.pdf",2,108-88-3,톨루엔,톨루엔,원본과 대조,손대지 않음 (원본이 그렇게 적음),2026-09-18
나바켐 락카스프레이 - 진청색 [LCP-77](N400),msds-114,"pdf/00_ 사출/나바켐(NAVAKEM), 남방CNA(주)/락카스프레이/나바켐 - 진청색 MSDS.pdf",2,111-76-2,2-부톡시에탄올,2-부톡시에탄올,원본과 대조,손대지 않음 (원본이 그렇게 적음),2026-09-18
나바켐 락카스프레이 - 진청색 [LCP-77](N400),msds-114,"pdf/00_ 사출/나바켐(NAVAKEM), 남방CNA(주)/락카스프레이/나바켐 - 진청색 MSDS.pdf",3,123-86-4,초산 부틸,초산 부틸,원본과 대조,손대지 않음 (원본이 그렇게 적음),2026-09-18
나바켐 락카스프레이 - 진청색 [LCP-77](N400),msds-114,"pdf/00_ 사출/나바켐(NAVAKEM), 남방CNA(주)/락카스프레이/나바켐 - 진청색 MSDS.pdf",3,67-63-0,이소프로필 알코올,이소프로필 알코올,원본과 대조,손대지 않음 (원본이 그렇게 적음),2026-09-18
나바켐 락카스프레이 - 진청색 [LCP-77](N400),msds-114,"pdf/00_ 사출/나바켐(NAVAKEM), 남방CNA(주)/락카스프레이/나바켐 - 진청색 MSDS.pdf",3,67-64-1,아세톤,아세톤,원본과 대조,손대지 않음 (원본이 그렇게 적음),2026-09-18
나바켐 락카스프레이 - 진청색 [LCP-77](N400),msds-114,"pdf/00_ 사출/나바켐(NAVAKEM), 남방CNA(주)/락카스프레이/나바켐 - 진청색 MSDS.pdf",3,1330-20-7,크실렌,크실렌,원본과 대조,손대지 않음 (원본이 그렇게 적음),2026-09-18
나바켐 락카스프레이 - 진청색 [LCP-77](N400),msds-114,"pdf/00_ 사출/나바켐(NAVAKEM), 남방CNA(주)/락카스프레이/나바켐 - 진청색 MSDS.pdf",3,79-20-9,초산 메틸,초산 메틸,원본과 대조,손대지 않음 (원본이 그렇게 적음),2026-09-18
나바켐 락카스프레이 - 진청색 [LCP-77](N400),msds-114,"pdf/00_ 사출/나바켐(NAVAKEM), 남방CNA(주)/락카스프레이/나바켐 - 진청색 MSDS.pdf",3,100-41-4,에틸벤젠,에틸벤젠,원본과 대조,손대지 않음 (원본이 그렇게 적음),2026-09-18
나바켐 락카스프레이 - 진청색 [LCP-77](N400),msds-114,"pdf/00_ 사출/나바켐(NAVAKEM), 남방CNA(주)/락카스프레이/나바켐 - 진청색 MSDS.pdf",3,108-94-1,시클로헥사논,시클로헥사논,원본과 대조,손대지 않음 (원본이 그렇게 적음),2026-09-18
나바켐 락카스프레이 - 진청색 [LCP-77](N400),msds-114,"pdf/00_ 사출/나바켐(NAVAKEM), 남방CNA(주)/락카스프레이/나바켐 - 진청색 MSDS.pdf",3,115-10-6,다이메틸 에테르,다이메틸 에테르,원본과 대조,손대지 않음 (원본이 그렇게 적음),2026-09-18
나바켐 락카스프레이 - 진청색 [LCP-77](N400),msds-114,"pdf/00_ 사출/나바켐(NAVAKEM), 남방CNA(주)/락카스프레이/나바켐 - 진청색 MSDS.pdf",3,122-99-6,에틸렌 글리콜 페닐 에테르,에틸렌 글리콜 페닐 에테르,원본과 대조,손대지 않음 (원본이 그렇게 적음),2026-09-18
나바켐 락카스프레이 - 진청색 [LCP-77](N400),msds-114,"pdf/00_ 사출/나바켐(NAVAKEM), 남방CNA(주)/락카스프레이/나바켐 - 진청색 MSDS.pdf",3,147-14-8,구리 프탈로시아닌,구리 프탈로시아닌,원본과 대조,손대지 않음 (원본이 그렇게 적음),2026-09-18
나바켐 락카스프레이 - 진청색 [LCP-77](N400),msds-114,"pdf/00_ 사출/나바켐(NAVAKEM), 남방CNA(주)/락카스프레이/나바켐 - 진청색 MSDS.pdf",3,74-98-6,프로페인,프로페인,원본과 대조,손대지 않음 (원본이 그렇게 적음),2026-09-18
나바켐 락카스프레이 - 진청색 [LCP-77](N400),msds-114,"pdf/00_ 사출/나바켐(NAVAKEM), 남방CNA(주)/락카스프레이/나바켐 - 진청색 MSDS.pdf",3,8050-26-8,"로신; 에스테르 WITH 2,2-비스(하이드록시메틸)-1,3-프로판디올","로신; 에스테르 WITH 2,2-비스(하이드록시메틸)-1,3-프로판디올",원본과 대조,손대지 않음 (원본이 그렇게 적음),2026-09-18
나바켐 락카스프레이 - 진청색 [LCP-77](N400),msds-114,"pdf/00_ 사출/나바켐(NAVAKEM), 남방CNA(주)/락카스프레이/나바켐 - 진청색 MSDS.pdf",3,9003-11-6,폴리에틸렌-폴리프로필렌 글리콜,폴리에틸렌-폴리프로필렌 글리콜,원본과 대조,손대지 않음 (원본이 그렇게 적음),2026-09-18
나바켐 락카스프레이 - 진청색 [LCP-77](N400),msds-114,"pdf/00_ 사출/나바켐(NAVAKEM), 남방CNA(주)/락카스프레이/나바켐 - 진청색 MSDS.pdf",3,125542-65-6,알키드 수지,알키드 수지,원본과 대조,손대지 않음 (원본이 그렇게 적음),2026-09-18
LCP-77 기계색 N313,msds-115,"pdf/00_ 사출/나바켐(NAVAKEM), 남방CNA(주)/락카스프레이/나바켐_LCP-77(기계색).pdf",3,108-88-3,톨루엔(Toluene),톨루엔(Toluene),원본과 대조,손대지 않음 (원본이 그렇게 적음),2026-09-18
LCP-77 기계색 N313,msds-115,"pdf/00_ 사출/나바켐(NAVAKEM), 남방CNA(주)/락카스프레이/나바켐_LCP-77(기계색).pdf",3,67-64-1,아세톤(Acetone),아세톤(Acetone),원본과 대조,손대지 않음 (원본이 그렇게 적음),2026-09-18
LCP-77 기계색 N313,msds-115,"pdf/00_ 사출/나바켐(NAVAKEM), 남방CNA(주)/락카스프레이/나바켐_LCP-77(기계색).pdf",3,1330-20-7,크실렌(Xylene),크실렌(Xylene),원본과 대조,손대지 않음 (원본이 그렇게 적음),2026-09-18
LCP-77 기계색 N313,msds-115,"pdf/00_ 사출/나바켐(NAVAKEM), 남방CNA(주)/락카스프레이/나바켐_LCP-77(기계색).pdf",3,123-86-4,아세트산 뷰틸(Butyl acetates),아세트산 뷰틸(Butyl acetates),원본과 대조,손대지 않음 (원본이 그렇게 적음),2026-09-18
LCP-77 기계색 N313,msds-115,"pdf/00_ 사출/나바켐(NAVAKEM), 남방CNA(주)/락카스프레이/나바켐_LCP-77(기계색).pdf",3,111-76-2,뷰틸 셀로솔브(Butyl cellosolve),뷰틸 셀로솔브(Butyl cellosolve),원본과 대조,손대지 않음 (원본이 그렇게 적음),2026-09-18
LCP-77 기계색 N313,msds-115,"pdf/00_ 사출/나바켐(NAVAKEM), 남방CNA(주)/락카스프레이/나바켐_LCP-77(기계색).pdf",3,13463-67-7,이산화 티타늄(Titanium dioxide),이산화 티타늄(Titanium dioxide),원본과 대조,손대지 않음 (원본이 그렇게 적음),2026-09-18
LCP-77 기계색 N313,msds-115,"pdf/00_ 사출/나바켐(NAVAKEM), 남방CNA(주)/락카스프레이/나바켐_LCP-77(기계색).pdf",3,108-10-1,메틸아이소뷰틸케톤(Methyl isobutyl ketone),메틸아이소뷰틸케톤(Methyl isobutyl ketone),원본과 대조,손대지 않음 (원본이 그렇게 적음),2026-09-18
LCP-77 기계색 N313,msds-115,"pdf/00_ 사출/나바켐(NAVAKEM), 남방CNA(주)/락카스프레이/나바켐_LCP-77(기계색).pdf",3,108-65-6,프로필렌 글리콜 모노메틸 에테르 아세트산,프로필렌 글리콜 모노메틸 에테르 아세테이트,원본과 대조,손대지 않음 (원본과 표기만 다름),2026-09-18
LCP-77 기계색 N313,msds-115,"pdf/00_ 사출/나바켐(NAVAKEM), 남방CNA(주)/락카스프레이/나바켐_LCP-77(기계색).pdf",3,109961-32-2,"Fatty acids, dehydrated castor oil polymers 자료없음","Fatty acids, dehydrated castor oil polymers",원본과 대조,손대지 않음 (원본이 그렇게 적음),2026-09-18
LCP-77 기계색 N313,msds-115,"pdf/00_ 사출/나바켐(NAVAKEM), 남방CNA(주)/락카스프레이/나바켐_LCP-77(기계색).pdf",3,9004-70-0,니트로셀룰로오스(Nitrocellulose),니트로셀룰로오스,원본과 대조,손대지 않음 (원본이 그렇게 적음),2026-09-18
LCP-77 기계색 N313,msds-115,"pdf/00_ 사출/나바켐(NAVAKEM), 남방CNA(주)/락카스프레이/나바켐_LCP-77(기계색).pdf",3,74-98-6,프로판(Propane),프로판(Propane),원본과 대조,손대지 않음 (원본이 그렇게 적음),2026-09-18
LCP-77 기계색 N313,msds-115,"pdf/00_ 사출/나바켐(NAVAKEM), 남방CNA(주)/락카스프레이/나바켐_LCP-77(기계색).pdf",3,115-10-6,디메틸에테르(Dimethyl ether),디메틸에테르(Dimethyl ether),원본과 대조,손대지 않음 (원본이 그렇게 적음),2026-09-18
LCP-77 은색 N900,msds-116,"pdf/00_ 사출/나바켐(NAVAKEM), 남방CNA(주)/락카스프레이/나바켐_LCP-77(은색).pdf",3,7429-90-5,알루미늄(Aluminum),알루미늄,원본과 대조,손대지 않음 (원본이 그렇게 적음),2026-09-18
LCP-77 은색 N900,msds-116,"pdf/00_ 사출/나바켐(NAVAKEM), 남방CNA(주)/락카스프레이/나바켐_LCP-77(은색).pdf",3,64742-95-6,"Solvent naphtha (petroleum), lig 방향족 경질 나프타",방향족 경질 나프타 용매(석유),원본과 대조,손대지 않음 (원본과 표기만 다름),2026-09-18
LCP-77 은색 N900,msds-116,"pdf/00_ 사출/나바켐(NAVAKEM), 남방CNA(주)/락카스프레이/나바켐_LCP-77(은색).pdf",3,64742-16-1,Petroleum resins,Petroleum resins,원본과 대조,손대지 않음 (원본이 그렇게 적음),2026-09-18
LCP-77 은색 N900,msds-116,"pdf/00_ 사출/나바켐(NAVAKEM), 남방CNA(주)/락카스프레이/나바켐_LCP-77(은색).pdf",3,1330-20-7,크실렌(Xylene),크실렌(Xylene),원본과 대조,손대지 않음 (원본이 그렇게 적음),2026-09-18
LCP-77 은색 N900,msds-116,"pdf/00_ 사출/나바켐(NAVAKEM), 남방CNA(주)/락카스프레이/나바켐_LCP-77(은색).pdf",3,100-41-4,Ethylbenzene,에틸벤젠,원본과 대조,손대지 않음 (원본과 표기만 다름),2026-09-18
LCP-77 은색 N900,msds-116,"pdf/00_ 사출/나바켐(NAVAKEM), 남방CNA(주)/락카스프레이/나바켐_LCP-77(은색).pdf",3,64742-88-7,"솔벤트 나프타 (석유), 중간 지방족화합물 스토다드","솔벤트 나프타 (석유), 중간 지방족화합물",원본과 대조,손대지 않음 (원본이 그렇게 적음),2026-09-18
LCP-77 은색 N900,msds-116,"pdf/00_ 사출/나바켐(NAVAKEM), 남방CNA(주)/락카스프레이/나바켐_LCP-77(은색).pdf",3,74-98-6,프로판(Propane),프로판(Propane),원본과 대조,손대지 않음 (원본이 그렇게 적음),2026-09-18
LCP-77 은색 N900,msds-116,"pdf/00_ 사출/나바켐(NAVAKEM), 남방CNA(주)/락카스프레이/나바켐_LCP-77(은색).pdf",3,115-10-6,디메틸에테르(Dimethyl ether),디메틸에테르(Dimethyl ether),원본과 대조,손대지 않음 (원본이 그렇게 적음),2026-09-18
LCP-77 적색 N100,msds-117,"pdf/00_ 사출/나바켐(NAVAKEM), 남방CNA(주)/락카스프레이/나바켐_LCP-77(적색).pdf",3,108-88-3,톨루엔(Toluene),톨루엔(Toluene),원본과 대조,손대지 않음 (원본이 그렇게 적음),2026-09-18
LCP-77 적색 N100,msds-117,"pdf/00_ 사출/나바켐(NAVAKEM), 남방CNA(주)/락카스프레이/나바켐_LCP-77(적색).pdf",3,67-64-1,아세톤(Acetone),아세톤(Acetone),원본과 대조,손대지 않음 (원본이 그렇게 적음),2026-09-18
LCP-77 적색 N100,msds-117,"pdf/00_ 사출/나바켐(NAVAKEM), 남방CNA(주)/락카스프레이/나바켐_LCP-77(적색).pdf",3,1330-20-7,크실렌(Xylene),크실렌(Xylene),원본과 대조,손대지 않음 (원본이 그렇게 적음),2026-09-18
LCP-77 적색 N100,msds-117,"pdf/00_ 사출/나바켐(NAVAKEM), 남방CNA(주)/락카스프레이/나바켐_LCP-77(적색).pdf",3,123-86-4,아세트산 뷰틸(Butyl acetates),아세트산 뷰틸(Butyl acetates),원본과 대조,손대지 않음 (원본이 그렇게 적음),2026-09-18
LCP-77 적색 N100,msds-117,"pdf/00_ 사출/나바켐(NAVAKEM), 남방CNA(주)/락카스프레이/나바켐_LCP-77(적색).pdf",3,111-76-2,뷰틸 셀로솔브(Butyl cellosolve),뷰틸 셀로솔브(Butyl cellosolve),원본과 대조,손대지 않음 (원본이 그렇게 적음),2026-09-18
LCP-77 적색 N100,msds-117,"pdf/00_ 사출/나바켐(NAVAKEM), 남방CNA(주)/락카스프레이/나바켐_LCP-77(적색).pdf",3,5280-66-0,적색 색소(C.I. pigment red 48:4),적색 색소(C.I. pigment red 48:4),원본과 대조,손대지 않음 (원본이 그렇게 적음),2026-09-18
LCP-77 적색 N100,msds-117,"pdf/00_ 사출/나바켐(NAVAKEM), 남방CNA(주)/락카스프레이/나바켐_LCP-77(적색).pdf",3,108-10-1,메틸아이소뷰틸케톤(Methyl isobutyl ketone),메틸아이소뷰틸케톤(Methyl isobutyl ketone),원본과 대조,손대지 않음 (원본이 그렇게 적음),2026-09-18
LCP-77 적색 N100,msds-117,"pdf/00_ 사출/나바켐(NAVAKEM), 남방CNA(주)/락카스프레이/나바켐_LCP-77(적색).pdf",3,108-65-6,프로필렌 글리콜 모노메틸 에테르 아세트산,프로필렌 글리콜 모노메틸 에테르 아세테이트,원본과 대조,손대지 않음 (원본과 표기만 다름),2026-09-18
LCP-77 적색 N100,msds-117,"pdf/00_ 사출/나바켐(NAVAKEM), 남방CNA(주)/락카스프레이/나바켐_LCP-77(적색).pdf",3,109961-32-2,"Fatty acids, dehydrated castor oil polymers 자료없음","Fatty acids, dehydrated castor oil polymers",원본과 대조,손대지 않음 (원본이 그렇게 적음),2026-09-18
LCP-77 적색 N100,msds-117,"pdf/00_ 사출/나바켐(NAVAKEM), 남방CNA(주)/락카스프레이/나바켐_LCP-77(적색).pdf",3,9004-70-0,니트로셀룰로오스(Nitrocellulose),니트로셀룰로오스,원본과 대조,손대지 않음 (원본이 그렇게 적음),2026-09-18
LCP-77 적색 N100,msds-117,"pdf/00_ 사출/나바켐(NAVAKEM), 남방CNA(주)/락카스프레이/나바켐_LCP-77(적색).pdf",3,74-98-6,프로판(Propane),프로판(Propane),원본과 대조,손대지 않음 (원본이 그렇게 적음),2026-09-18
LCP-77 적색 N100,msds-117,"pdf/00_ 사출/나바켐(NAVAKEM), 남방CNA(주)/락카스프레이/나바켐_LCP-77(적색).pdf",3,115-10-6,디메틸에테르(Dimethyl ether),디메틸에테르(Dimethyl ether),원본과 대조,손대지 않음 (원본이 그렇게 적음),2026-09-18
LCP-77 중회색 N004,msds-118,"pdf/00_ 사출/나바켐(NAVAKEM), 남방CNA(주)/락카스프레이/나바켐_LCP-77(중회색).pdf",3,108-88-3,톨루엔(Toluene),톨루엔(Toluene),원본과 대조,손대지 않음 (원본이 그렇게 적음),2026-09-18
LCP-77 중회색 N004,msds-118,"pdf/00_ 사출/나바켐(NAVAKEM), 남방CNA(주)/락카스프레이/나바켐_LCP-77(중회색).pdf",3,67-64-1,아세톤(Acetone),아세톤(Acetone),원본과 대조,손대지 않음 (원본이 그렇게 적음),2026-09-18
LCP-77 중회색 N004,msds-118,"pdf/00_ 사출/나바켐(NAVAKEM), 남방CNA(주)/락카스프레이/나바켐_LCP-77(중회색).pdf",3,1330-20-7,크실렌(Xylene),크실렌(Xylene),원본과 대조,손대지 않음 (원본이 그렇게 적음),2026-09-18
LCP-77 중회색 N004,msds-118,"pdf/00_ 사출/나바켐(NAVAKEM), 남방CNA(주)/락카스프레이/나바켐_LCP-77(중회색).pdf",3,123-86-4,아세트산 뷰틸(Butyl acetates),아세트산 뷰틸(Butyl acetates),원본과 대조,손대지 않음 (원본이 그렇게 적음),2026-09-18
LCP-77 중회색 N004,msds-118,"pdf/00_ 사출/나바켐(NAVAKEM), 남방CNA(주)/락카스프레이/나바켐_LCP-77(중회색).pdf",3,111-76-2,뷰틸 셀로솔브(Butyl cellosolve),뷰틸 셀로솔브(Butyl cellosolve),원본과 대조,손대지 않음 (원본이 그렇게 적음),2026-09-18
LCP-77 중회색 N004,msds-118,"pdf/00_ 사출/나바켐(NAVAKEM), 남방CNA(주)/락카스프레이/나바켐_LCP-77(중회색).pdf",3,13463-67-7,이산화 티타늄(Titanium dioxide),이산화 티타늄(Titanium dioxide),원본과 대조,손대지 않음 (원본이 그렇게 적음),2026-09-18
LCP-77 중회색 N004,msds-118,"pdf/00_ 사출/나바켐(NAVAKEM), 남방CNA(주)/락카스프레이/나바켐_LCP-77(중회색).pdf",3,108-10-1,메틸아이소뷰틸케톤(Methyl isobutyl ketone),메틸아이소뷰틸케톤(Methyl isobutyl ketone),원본과 대조,손대지 않음 (원본이 그렇게 적음),2026-09-18
LCP-77 중회색 N004,msds-118,"pdf/00_ 사출/나바켐(NAVAKEM), 남방CNA(주)/락카스프레이/나바켐_LCP-77(중회색).pdf",3,108-65-6,프로필렌 글리콜 모노메틸 에테르 아세트산,프로필렌 글리콜 모노메틸 에테르 아세테이트,원본과 대조,손대지 않음 (원본과 표기만 다름),2026-09-18
LCP-77 중회색 N004,msds-118,"pdf/00_ 사출/나바켐(NAVAKEM), 남방CNA(주)/락카스프레이/나바켐_LCP-77(중회색).pdf",3,109961-32-2,"Fatty acids, dehydrated castor oil polymers 자료없음","Fatty acids, dehydrated castor oil polymers",원본과 대조,손대지 않음 (원본이 그렇게 적음),2026-09-18
LCP-77 중회색 N004,msds-118,"pdf/00_ 사출/나바켐(NAVAKEM), 남방CNA(주)/락카스프레이/나바켐_LCP-77(중회색).pdf",3,9004-70-0,니트로셀룰로오스(Nitrocellulose),니트로셀룰로오스,원본과 대조,손대지 않음 (원본이 그렇게 적음),2026-09-18
LCP-77 중회색 N004,msds-118,"pdf/00_ 사출/나바켐(NAVAKEM), 남방CNA(주)/락카스프레이/나바켐_LCP-77(중회색).pdf",3,74-98-6,프로판(Propane),프로판(Propane),원본과 대조,손대지 않음 (원본이 그렇게 적음),2026-09-18
LCP-77 중회색 N004,msds-118,"pdf/00_ 사출/나바켐(NAVAKEM), 남방CNA(주)/락카스프레이/나바켐_LCP-77(중회색).pdf",3,115-10-6,디메틸에테르(Dimethyl ether),디메틸에테르(Dimethyl ether),원본과 대조,손대지 않음 (원본이 그렇게 적음),2026-09-18
LCP-77 황색 N200,msds-119,"pdf/00_ 사출/나바켐(NAVAKEM), 남방CNA(주)/락카스프레이/나바켐_LCP-77(황색).pdf",3,108-88-3,톨루엔(Toluene),톨루엔(Toluene),원본과 대조,손대지 않음 (원본이 그렇게 적음),2026-09-18
LCP-77 황색 N200,msds-119,"pdf/00_ 사출/나바켐(NAVAKEM), 남방CNA(주)/락카스프레이/나바켐_LCP-77(황색).pdf",3,67-64-1,아세톤(Acetone),아세톤(Acetone),원본과 대조,손대지 않음 (원본이 그렇게 적음),2026-09-18
LCP-77 황색 N200,msds-119,"pdf/00_ 사출/나바켐(NAVAKEM), 남방CNA(주)/락카스프레이/나바켐_LCP-77(황색).pdf",3,1330-20-7,크실렌(Xylene),크실렌(Xylene),원본과 대조,손대지 않음 (원본이 그렇게 적음),2026-09-18
LCP-77 황색 N200,msds-119,"pdf/00_ 사출/나바켐(NAVAKEM), 남방CNA(주)/락카스프레이/나바켐_LCP-77(황색).pdf",3,123-86-4,아세트산 뷰틸(Butyl acetates),아세트산 뷰틸(Butyl acetates),원본과 대조,손대지 않음 (원본이 그렇게 적음),2026-09-18
LCP-77 황색 N200,msds-119,"pdf/00_ 사출/나바켐(NAVAKEM), 남방CNA(주)/락카스프레이/나바켐_LCP-77(황색).pdf",3,111-76-2,뷰틸 셀로솔브(Butyl cellosolve),뷰틸 셀로솔브(Butyl cellosolve),원본과 대조,손대지 않음 (원본이 그렇게 적음),2026-09-18
LCP-77 황색 N200,msds-119,"pdf/00_ 사출/나바켐(NAVAKEM), 남방CNA(주)/락카스프레이/나바켐_LCP-77(황색).pdf",3,78-93-3,메틸에틸케톤(Methylethylketone),피리미딘일리덴)아이소인돌,원본과 대조,손대지 않음 (원본과 표기만 다름),2026-09-18
LCP-77 황색 N200,msds-119,"pdf/00_ 사출/나바켐(NAVAKEM), 남방CNA(주)/락카스프레이/나바켐_LCP-77(황색).pdf",3,31837-42-0,색소 호스타페름 황색 H4G,색소 호스타페름 황색 H4G,원본과 대조,손대지 않음 (원본이 그렇게 적음),2026-09-18
LCP-77 황색 N200,msds-119,"pdf/00_ 사출/나바켐(NAVAKEM), 남방CNA(주)/락카스프레이/나바켐_LCP-77(황색).pdf",3,36888-99-0,"1,3-디(2,4,6-트리옥소헥사히드로-5",프로필렌 글리콜 모노메틸 에테르 아세트산,원본과 대조,손대지 않음 (원본 줄이 중간에서 잘림),2026-09-18
LCP-77 황색 N200,msds-119,"pdf/00_ 사출/나바켐(NAVAKEM), 남방CNA(주)/락카스프레이/나바켐_LCP-77(황색).pdf",3,108-10-1,메틸아이소뷰틸케톤(Methyl isobutyl ketone),4-메틸-2-펜탄온,원본과 대조,손대지 않음 (원본과 표기만 다름),2026-09-18
LCP-77 황색 N200,msds-119,"pdf/00_ 사출/나바켐(NAVAKEM), 남방CNA(주)/락카스프레이/나바켐_LCP-77(황색).pdf",3,108-65-6,프로필렌 글리콜 모노메틸 에테르 아세트산,프로필렌 글리콜 모노메틸 에테르 아세테이트,원본과 대조,손대지 않음 (원본과 표기만 다름),2026-09-18
LCP-77 황색 N200,msds-119,"pdf/00_ 사출/나바켐(NAVAKEM), 남방CNA(주)/락카스프레이/나바켐_LCP-77(황색).pdf",3,109961-32-2,"Fatty acids, dehydrated castor oil polymers 자료없음","with benzoic acid, glycerol, pentaerythritol,",원본과 대조,손대지 않음 (원본과 표기만 다름),2026-09-18
LCP-77 황색 N200,msds-119,"pdf/00_ 사출/나바켐(NAVAKEM), 남방CNA(주)/락카스프레이/나바켐_LCP-77(황색).pdf",3,9004-70-0,니트로셀룰로오스(Nitrocellulose),니트로셀룰로오스,원본과 대조,손대지 않음 (원본이 그렇게 적음),2026-09-18
LCP-77 황색 N200,msds-119,"pdf/00_ 사출/나바켐(NAVAKEM), 남방CNA(주)/락카스프레이/나바켐_LCP-77(황색).pdf",3,74-98-6,프로판(Propane),프로판(Propane),원본과 대조,손대지 않음 (원본이 그렇게 적음),2026-09-18
LCP-77 황색 N200,msds-119,"pdf/00_ 사출/나바켐(NAVAKEM), 남방CNA(주)/락카스프레이/나바켐_LCP-77(황색).pdf",3,115-10-6,디메틸에테르(Dimethyl ether),디메틸에테르(Dimethyl ether),원본과 대조,손대지 않음 (원본이 그렇게 적음),2026-09-18
아이소발레르산(Isovaleric Acid),msds-120,pdf/03_ 시험실(시약)/TCI-GR(Isovaleric Acid)_TGI_세진씨아이.pdf,2,503-74-2,Isovaleric Acid,Isovaleric Acid,원본과 대조,손대지 않음 (원본이 그렇게 적음),2026-09-18
ZIC X7 5W-30,msds-121,pdf/SK ZIC/MSDSkor_ZIC_X7_5W_30_KOR.pdf,2,122-39-4,N-페닐벤젠아민,N-페닐벤젠아민,원본과 대조,손대지 않음 (원본이 그렇게 적음),2026-09-18
ZIC X7 5W-30,msds-121,pdf/SK ZIC/MSDSkor_ZIC_X7_5W_30_KOR.pdf,2,2215-35-2,"아연 비스(1,3-다이메틸뷰틸) 디티","아연 비스(1,3-다이메틸뷰틸) 디티오인산염",원본과 대조,손대지 않음 (원본이 그렇게 적음),2026-09-18
ZIC X7 5W-30,msds-121,pdf/SK ZIC/MSDSkor_ZIC_X7_5W_30_KOR.pdf,2,36878-20-3,디노닐 디페닐아민(DINONYL,디노닐 디페닐아민(DINONYL DIPHENYLAMINE),원본과 대조,손대지 않음 (원본 줄이 중간에서 잘림),2026-09-18
ZIC X7 5W-30,msds-121,pdf/SK ZIC/MSDSkor_ZIC_X7_5W_30_KOR.pdf,2,64742-54-7,수소처리된 중질 파라핀 증류액,수소처리된 중질 파라핀 증류액(석유),원본과 대조,손대지 않음 (원본이 그렇게 적음),2026-09-18
무연 휘발유(UG),msds-122,pdf/현대오일뱅크(주)/가솔린.pdf,3,86290-81-5,가솔린(GASOLINE),가솔린(GASOLINE),원본과 대조,손대지 않음 (원본이 그렇게 적음),2026-09-18
무연 휘발유(UG),msds-122,pdf/현대오일뱅크(주)/가솔린.pdf,3,1634-04-4,t-Butyl methyl ether,t-Butyl methyl ether(MTBE),원본과 대조,손대지 않음 (원본이 그렇게 적음),2026-09-18
무연 휘발유(UG),msds-122,pdf/현대오일뱅크(주)/가솔린.pdf,3,110-54-3,N-hexane,노말헥산(n-hexane),원본과 대조,손대지 않음 (원본과 표기만 다름),2026-09-18
무연 휘발유(UG),msds-122,pdf/현대오일뱅크(주)/가솔린.pdf,3,1330-20-7,Xylene,자일렌,원본과 대조,손대지 않음 (원본과 표기만 다름),2026-09-18
무연 휘발유(UG),msds-122,pdf/현대오일뱅크(주)/가솔린.pdf,3,108-88-3,Toluene,톨루엔,원본과 대조,손대지 않음 (원본과 표기만 다름),2026-09-18
무연 휘발유(UG),msds-122,pdf/현대오일뱅크(주)/가솔린.pdf,3,71-43-2,Benzene,벤젠(Benzene),원본과 대조,손대지 않음 (원본과 표기만 다름),2026-09-18
경유 (Diesel),msds-123,pdf/현대오일뱅크(주)/디젤.pdf,2,68334-30-5,디젤 연료,디젤 연료,원본과 대조,손대지 않음 (원본이 그렇게 적음),2026-09-18
불스원 물 없이 바로 쓰는 부동액,msds-124,pdf/03_ 시험실(시약)/불스원 물 없이 바로 쓰는 부동액.pdf,2,107-21-1,"Ethane-1,2-diol",에틸렌글리콜(Ethylene glycol),원본과 대조,손대지 않음 (원본과 표기만 다름),2026-09-18
불스원 물 없이 바로 쓰는 부동액,msds-124,pdf/03_ 시험실(시약)/불스원 물 없이 바로 쓰는 부동액.pdf,2,7732-18-5,Water,물(Water),원본과 대조,손대지 않음 (원본과 표기만 다름),2026-09-18
불스원 물 없이 바로 쓰는 부동액,msds-124,pdf/03_ 시험실(시약)/불스원 물 없이 바로 쓰는 부동액.pdf,2,102-71-6,"2,2`,2````-nitrilotriethanol",트리에탄올아민(Triethanol Amine),원본과 대조,손대지 않음 (원본과 표기만 다름),2026-09-18
불스원 물 없이 바로 쓰는 부동액,msds-124,pdf/03_ 시험실(시약)/불스원 물 없이 바로 쓰는 부동액.pdf,2,7778-53-2,Tripotassium,Tripotassium orthophosphate,원본과 대조,손대지 않음 (원본이 그렇게 적음),2026-09-18
불스원 물 없이 바로 쓰는 부동액,msds-124,pdf/03_ 시험실(시약)/불스원 물 없이 바로 쓰는 부동액.pdf,2,7664-38-2,Orthophosphoric acid,인산/오르토인산(Phosphoric acid),원본과 대조,손대지 않음 (원본과 표기만 다름),2026-09-18
불스원 물 없이 바로 쓰는 부동액,msds-124,pdf/03_ 시험실(시약)/불스원 물 없이 바로 쓰는 부동액.pdf,2,582-25-2,Potassium benzoate,Potassium benzoate,원본과 대조,손대지 않음 (원본이 그렇게 적음),2026-09-18
불스원 물 없이 바로 쓰는 부동액,msds-124,pdf/03_ 시험실(시약)/불스원 물 없이 바로 쓰는 부동액.pdf,,17242-52-3,,Potassium amide,원본과 대조,손대지 않음 (원본에서 못 찾음),2026-09-18
카나우바 고광택왁스,msds-125,pdf/03_ 시험실(시약)/불스원 카나우바 고광택왁스.pdf,2,7732-18-5,Water,물(Water),원본과 대조,손대지 않음 (원본과 표기만 다름),2026-09-18
카나우바 고광택왁스,msds-125,pdf/03_ 시험실(시약)/불스원 카나우바 고광택왁스.pdf,2,64-17-5,Ethanol,Ethanol,원본과 대조,손대지 않음 (원본이 그렇게 적음),2026-09-18
카나우바 고광택왁스,msds-125,pdf/03_ 시험실(시약)/불스원 카나우바 고광택왁스.pdf,2,34590-94-8,methoxymethylethoxy)pro,(2-methoxymethylethoxy)propanol,원본과 대조,손대지 않음 (원본 줄이 중간에서 잘림),2026-09-18
카나우바 고광택왁스,msds-125,pdf/03_ 시험실(시약)/불스원 카나우바 고광택왁스.pdf,2,8015-86-9,Carnauba wax,Carnauba wax,원본과 대조,손대지 않음 (원본이 그렇게 적음),2026-09-18
카나우바 고광택왁스,msds-125,pdf/03_ 시험실(시약)/불스원 카나우바 고광택왁스.pdf,2,9005-65-6,"Sorbitan monooleate,","Sorbitan monooleate, ethoxylated",원본과 대조,손대지 않음 (원본이 그렇게 적음),2026-09-18
카나우바 고광택왁스,msds-125,pdf/03_ 시험실(시약)/불스원 카나우바 고광택왁스.pdf,2,71750-79-3,(Aminoethylaminopropyl),"Dimethyl,(Aminoethylaminopropyl)methyl Siloxane, Trimethylsiloxy-terminated",원본과 대조,손대지 않음 (원본 줄에서 이름 칸을 놓침),2026-09-18
3in1 장벽 유리 크리너,msds-126,pdf/03_ 시험실(시약)/블스원 3in1 장벽 유리 크리너.pdf,,7732-18-5,,물(Water),원본과 대조,손대지 않음 (원본에서 못 찾음),2026-09-18
3in1 장벽 유리 크리너,msds-126,pdf/03_ 시험실(시약)/블스원 3in1 장벽 유리 크리너.pdf,2,64-17-5,Ethanol,Ethanol,원본과 대조,손대지 않음 (원본이 그렇게 적음),2026-09-18
3in1 장벽 유리 크리너,msds-126,pdf/03_ 시험실(시약)/블스원 3in1 장벽 유리 크리너.pdf,2,122-99-6,2-phenoxyethanol,에틸렌 글리콜 페닐 에테르,원본과 대조,손대지 않음 (원본과 표기만 다름),2026-09-18
3in1 장벽 유리 크리너,msds-126,pdf/03_ 시험실(시약)/블스원 3in1 장벽 유리 크리너.pdf,,34590-94-8,,(2-methoxymethylethoxy)propanol,원본과 대조,손대지 않음 (원본에서 못 찾음),2026-09-18
3in1 장벽 유리 크리너,msds-126,pdf/03_ 시험실(시약)/블스원 3in1 장벽 유리 크리너.pdf,,71750-79-3,,"Dimethyl,(Aminoethylaminopropyl)methyl Siloxane, Trimethylsiloxy-terminated",원본과 대조,손대지 않음 (원본에서 못 찾음),2026-09-18
RainOK 에탄올 3in1 코팅워셔,msds-127,pdf/03_ 시험실(시약)/블스원 RainOK 에탄올 3in1 코팅워셔.pdf,2,7732-18-5,Water,물(Water),원본과 대조,손대지 않음 (원본과 표기만 다름),2026-09-18
RainOK 에탄올 3in1 코팅워셔,msds-127,pdf/03_ 시험실(시약)/블스원 RainOK 에탄올 3in1 코팅워셔.pdf,2,64-17-5,Ethanol,Ethanol,원본과 대조,손대지 않음 (원본이 그렇게 적음),2026-09-18
슈퍼 샤인 레자왁스,msds-128,pdf/03_ 시험실(시약)/블스원 슈퍼샤인 레자왁스.pdf,2,7732-18-5,Water,물(Water),원본과 대조,손대지 않음 (원본과 표기만 다름),2026-09-18
슈퍼 샤인 레자왁스,msds-128,pdf/03_ 시험실(시약)/블스원 슈퍼샤인 레자왁스.pdf,2,63148-62-9,Dimethyl siloxane,Dimethyl siloxane,원본과 대조,손대지 않음 (원본이 그렇게 적음),2026-09-18
슈퍼 샤인 레자왁스,msds-128,pdf/03_ 시험실(시약)/블스원 슈퍼샤인 레자왁스.pdf,2,122-99-6,2-phenoxyethanol,에틸렌 글리콜 페닐 에테르,원본과 대조,손대지 않음 (원본과 표기만 다름),2026-09-18
슈퍼 샤인 레자왁스,msds-128,pdf/03_ 시험실(시약)/블스원 슈퍼샤인 레자왁스.pdf,2,9002-92-0,"Dodecan-1-ol, ethoxylated Poly(oxy-1,2-ethanediyl), α",알파-도데실-오메가-하이드록시-폴리옥시에틸렌,원본과 대조,손대지 않음 (원본과 표기만 다름),2026-09-18
슈퍼 샤인 레자왁스,msds-128,pdf/03_ 시험실(시약)/블스원 슈퍼샤인 레자왁스.pdf,2,57-55-6,"Propane-1,2-diol",프로필렌글리콜(Propylene glycol),원본과 대조,손대지 않음 (원본과 표기만 다름),2026-09-18
불스원 시그니처 엔진오일 5W30,msds-129,pdf/03_ 시험실(시약)/블스원 시그니처 엔진오일 5w30.pdf,2,64742-54-7,"Distillates (petroleum), hydrotreated heavy paraffinic Process Oil","Distillates (petroleum), hydrotreated heavy paraffinic",원본과 대조,손대지 않음 (원본이 그렇게 적음),2026-09-18
불스원 시그니처 엔진오일 5W30,msds-129,pdf/03_ 시험실(시약)/블스원 시그니처 엔진오일 5w30.pdf,2,9010-79-1,Polyolefins(Polymer),에틸렌-프로필렌 공중합체(ETHYLENE-PROPYLENE COPOLYMER),원본과 대조,손대지 않음 (원본과 표기만 다름),2026-09-18
불스원 시그니처 엔진오일 5W30,msds-129,pdf/03_ 시험실(시약)/블스원 시그니처 엔진오일 5w30.pdf,2,36878-20-3,Alkaryl amine,디노닐 디페닐아민 / Alkaryl amine,원본과 대조,손대지 않음 (지금 이름의 뒷부분만 잡힘),2026-09-18
불스원 시그니처 엔진오일 5W30,msds-129,pdf/03_ 시험실(시약)/블스원 시그니처 엔진오일 5w30.pdf,2,134759-18-5,"Phosphorodithioic acid O,O dialkyl(C=3-14) esters zinc salts","Phosphorodithioic acid O,O dialkyl(C=3-14) esters zinc salts",원본과 대조,손대지 않음 (원본이 그렇게 적음),2026-09-18
불스원 시그니처 엔진오일 5W30,msds-129,pdf/03_ 시험실(시약)/블스원 시그니처 엔진오일 5w30.pdf,2,28629-66-5,Zinc alkyl dithiophosphate,Zinc alkyl dithiophosphate,원본과 대조,손대지 않음 (원본이 그렇게 적음),2026-09-18
1N-수산화나트륨 (1M)[Sodium hydroxide],msds-130,"pdf/03_ 시험실(시약)/수산화나트륨(Sodium hydroxide, 1310-73-2)_DUSAN.pdf",2,1310-73-2,Number :,수산화나트륨(Sodium hydroxide),원본과 대조,손대지 않음 (원본과 표기만 다름),2026-09-18
"아세톤(Acetone, 100080)",msds-131,pdf/03_ 시험실(시약)/아세톤(Acetone)_DC Chemicals.pdf,1,67-64-1,Acetone ; CAS No. :,아세톤[VOCs 면제물질],원본과 대조,손대지 않음 (원본과 표기만 다름),2026-09-18
"에틸 알코올 (Ethyl alcohol, 94.5%)",msds-132,pdf/03_ 시험실(시약)/에탄올 94.5%(에틸 알코올Ethanol)_삼천순약공업(주).pdf,2,64-17-5,에틸 알코옧 (Ethyl Alcohol),에틸 알코올(Ethyl Alcohol),원본과 대조,손대지 않음 (원본과 표기만 다름),2026-09-18
"에틸 알코올 (Ethyl alcohol, 94.5%)",msds-132,pdf/03_ 시험실(시약)/에탄올 94.5%(에틸 알코올Ethanol)_삼천순약공업(주).pdf,2,7732-18-5,물 (Water),물(Water),원본과 대조,손대지 않음 (원본이 그렇게 적음),2026-09-18
에틸알코올 (ethanol),msds-133,pdf/03_ 시험실(시약)/에탄올(에틸 알코올Ethanol)_DC Chemicals.pdf,2,64-17-5,CAS 번호,에틸 알코올(Ethanol),원본과 대조,손대지 않음 (원본 줄도 깨끗하지 않음),2026-09-18
에틸렌(Ethylene),msds-134,pdf/03_ 시험실(시약)/에틸렌(Ethylene).pdf,2,74-85-1,Ethylene,에틸렌(Ethylene),원본과 대조,손대지 않음 (원본과 표기만 다름),2026-09-18
1N-염산[Hydrochloric acid],msds-135,"pdf/03_ 시험실(시약)/염산(Hydrochloric acid, 7647-01-0)_DUSAN.pdf",2,7647-01-0,Number :,염화수소/염산(Hydrochloric acid),원본과 대조,손대지 않음 (원본과 표기만 다름),2026-09-18
염화 나트륨 (sodium chloride),msds-136,pdf/OCI주식회사/염화 나트륨(sodium chloride_ 7647-14-5)_OCI.pdf,2,7647-14-5,CAS 번호,염화 나트륨(SODIUM CHLORIDE),원본과 대조,손대지 않음 (원본 줄도 깨끗하지 않음),2026-09-18
염화 나트륨 (sodium chloride),msds-136,pdf/OCI주식회사/염화 나트륨(sodium chloride_ 7647-14-5)_OCI.pdf,2,7732-18-5,CAS 번호,물(Water),원본과 대조,손대지 않음 (원본 줄도 깨끗하지 않음),2026-09-18
염화 제이구리 2수화물 (Copper(II) chloride dihydrate),msds-137,pdf/03_ 시험실(시약)/염화 제이구리 2수화물.pdf,3,10125-13-0,CAS 번호,염화 제이구리 2수화물(Copper(II) chloride dihydrate),원본과 대조,손대지 않음 (원본 줄도 깨끗하지 않음),2026-09-18
인산(Phosphoric acid),msds-138,pdf/03_ 시험실(시약)/인산_junsel.pdf,2,7664-38-2,CAS No.:,인산/오르토인산(Phosphoric acid),원본과 대조,손대지 않음 (원본 줄도 깨끗하지 않음),2026-09-18
인산(Phosphoric acid),msds-138,pdf/03_ 시험실(시약)/인산_junsel.pdf,2,7732-18-5,CAS No.:,물(Water),원본과 대조,손대지 않음 (원본 줄도 깨끗하지 않음),2026-09-18
1N-황산 용액(0.5M)[Sulfuric Acid],msds-139,"pdf/03_ 시험실(시약)/황산(Sulfuric Acid, 7664-93-9)_DUSAN.pdf",2,7664-93-9,Number :,황산(Sulfuric acid),원본과 대조,손대지 않음 (원본과 표기만 다름),2026-09-18
"3M™ 피네스잇™ 폴리시 - 마무리 연마재(13084, 28792, 81235, 83058)",msds-140,pdf/3M/Finesse-it_13084.pdf,2,7732-18-5,물 증류수,물,원본과 대조,손대지 않음 (원본과 표기만 다름),2026-09-18
"3M™ 피네스잇™ 폴리시 - 마무리 연마재(13084, 28792, 81235, 83058)",msds-140,pdf/3M/Finesse-it_13084.pdf,2,64742-48-9,Hydrotreated Heavy Naphta,수소처리된 중질 나프타 (석유),원본과 대조,손대지 않음 (원본과 표기만 다름),2026-09-18
"3M™ 피네스잇™ 폴리시 - 마무리 연마재(13084, 28792, 81235, 83058)",msds-140,pdf/3M/Finesse-it_13084.pdf,2,64742-14-9,"Distillates (Petroleum), Acid","Distillates (Petroleum), Acid Treated, Light",원본과 대조,손대지 않음 (원본이 그렇게 적음),2026-09-18
"3M™ 피네스잇™ 폴리시 - 마무리 연마재(13084, 28792, 81235, 83058)",msds-140,pdf/3M/Finesse-it_13084.pdf,2,56-81-5,Glycerin,글리세린(Glycerin),원본과 대조,손대지 않음 (원본과 표기만 다름),2026-09-18
"3M™ 피네스잇™ 폴리시 - 마무리 연마재(13084, 28792, 81235, 83058)",msds-140,pdf/3M/Finesse-it_13084.pdf,2,1344-28-1,Aluminum Oxide (non-fibrous),Aluminum Oxide (non-fibrous),원본과 대조,손대지 않음 (원본이 그렇게 적음),2026-09-18
"3M™ 피네스잇™ 폴리시 - 마무리 연마재(13084, 28792, 81235, 83058)",msds-140,pdf/3M/Finesse-it_13084.pdf,2,8042-47-5,Mineral Oil,Mineral Oil,원본과 대조,손대지 않음 (원본이 그렇게 적음),2026-09-18
"3M™ 피네스잇™ 폴리시 - 최종 마감재(28796, 84224, 82877, 82878, 88753)",msds-141,pdf/3M/Finesse-it_82878.pdf,2,1344-28-1,Aluminum Oxide Mineral (non,Aluminum Oxide Mineral (non-fibrous),원본과 대조,손대지 않음 (원본 줄이 중간에서 잘림),2026-09-18
"3M™ 피네스잇™ 폴리시 - 최종 마감재(28796, 84224, 82877, 82878, 88753)",msds-141,pdf/3M/Finesse-it_82878.pdf,2,64742-48-9,Hydrotreated Heavy Naphta,수소처리된 중질 나프타 (석유),원본과 대조,손대지 않음 (원본과 표기만 다름),2026-09-18
"3M™ 피네스잇™ 폴리시 - 최종 마감재(28796, 84224, 82877, 82878, 88753)",msds-141,pdf/3M/Finesse-it_82878.pdf,2,64742-14-9,"Distillates (Petroleum), Acid","Distillates (Petroleum), Acid Treated, Light",원본과 대조,손대지 않음 (원본이 그렇게 적음),2026-09-18
"3M™ 피네스잇™ 폴리시 - 최종 마감재(28796, 84224, 82877, 82878, 88753)",msds-141,pdf/3M/Finesse-it_82878.pdf,2,8042-47-5,Mineral Oil,Mineral Oil,원본과 대조,손대지 않음 (원본이 그렇게 적음),2026-09-18
3M PN3021 임페리얼 미세 마감 컴파운드,msds-142,pdf/3M/PN3021.pdf,2,64742-47-8,Hydrotreated Light Petroleum,Hydrotreated Light Petroleum Distillates,원본과 대조,손대지 않음 (원본이 그렇게 적음),2026-09-18
3M PN3021 임페리얼 미세 마감 컴파운드,msds-142,pdf/3M/PN3021.pdf,2,1318-74-7,Kaolinite,Kaolinite,원본과 대조,손대지 않음 (원본이 그렇게 적음),2026-09-18
3M PN3021 임페리얼 미세 마감 컴파운드,msds-142,pdf/3M/PN3021.pdf,2,64742-65-0,Solvent Dewaxed Heavy Paraffinic,Solvent Dewaxed Heavy Paraffinic Distillate (Petroleum),원본과 대조,손대지 않음 (원본이 그렇게 적음),2026-09-18
3M PN3021 임페리얼 미세 마감 컴파운드,msds-142,pdf/3M/PN3021.pdf,2,9005-67-8,Poly(Oxyethylene)Sorbitan,Poly(Oxyethylene)Sorbitan Monostearate,원본과 대조,손대지 않음 (원본이 그렇게 적음),2026-09-18
PN3084 피네스잇 마무리 연마재(FINESSE-IT FINISHING MATERIAL),msds-143,pdf/3M/PN3084. 2021.01.11.pdf,,7732-18-5,,물,원본과 대조,손대지 않음 (원본에서 못 찾음),2026-09-18
PN3084 피네스잇 마무리 연마재(FINESSE-IT FINISHING MATERIAL),msds-143,pdf/3M/PN3084. 2021.01.11.pdf,,64742-48-9,,수소처리된 중질 나프타 (석유),원본과 대조,손대지 않음 (원본에서 못 찾음),2026-09-18
PN3084 피네스잇 마무리 연마재(FINESSE-IT FINISHING MATERIAL),msds-143,pdf/3M/PN3084. 2021.01.11.pdf,,64742-14-9,,"Distillates (Petroleum), Acid Treated, Light",원본과 대조,손대지 않음 (원본에서 못 찾음),2026-09-18
PN3084 피네스잇 마무리 연마재(FINESSE-IT FINISHING MATERIAL),msds-143,pdf/3M/PN3084. 2021.01.11.pdf,,56-81-5,,글리세린(Glycerin),원본과 대조,손대지 않음 (원본에서 못 찾음),2026-09-18
PN3084 피네스잇 마무리 연마재(FINESSE-IT FINISHING MATERIAL),msds-143,pdf/3M/PN3084. 2021.01.11.pdf,,1344-28-1,,Aluminum Oxide Mineral (nonfibrous),원본과 대조,손대지 않음 (원본에서 못 찾음),2026-09-18
PN3084 피네스잇 마무리 연마재(FINESSE-IT FINISHING MATERIAL),msds-143,pdf/3M/PN3084. 2021.01.11.pdf,,8042-47-5,,Mineral Oil,원본과 대조,손대지 않음 (원본에서 못 찾음),2026-09-18
PN3084 피네스잇 마무리 연마재(FINESSE-IT FINISHING MATERIAL),msds-143,pdf/3M/PN3084. 2021.01.11.pdf,,111-84-2,,Nonane,원본과 대조,손대지 않음 (원본에서 못 찾음),2026-09-18
PN3084 피네스잇 마무리 연마재(FINESSE-IT FINISHING MATERIAL),msds-143,pdf/3M/PN3084. 2021.01.11.pdf,,110-91-8,,Morpholine,원본과 대조,손대지 않음 (원본에서 못 찾음),2026-09-18
PN3084 피네스잇 마무리 연마재(FINESSE-IT FINISHING MATERIAL),msds-143,pdf/3M/PN3084. 2021.01.11.pdf,,95-63-6,,"1,2,4-Trimethylbenzene",원본과 대조,손대지 않음 (원본에서 못 찾음),2026-09-18
스테인리스강 코팅제(Stainless Steel Coat),msds-144,pdf/3M/Stainless Steel Coat.pdf,,115-10-6,,디메틸에테르,원본과 대조,손대지 않음 (원본에서 못 찾음),2026-09-18
스테인리스강 코팅제(Stainless Steel Coat),msds-144,pdf/3M/Stainless Steel Coat.pdf,,1330-20-7,,자일렌,원본과 대조,손대지 않음 (원본에서 못 찾음),2026-09-18
스테인리스강 코팅제(Stainless Steel Coat),msds-144,pdf/3M/Stainless Steel Coat.pdf,,108-88-3,,톨루엔,원본과 대조,손대지 않음 (원본에서 못 찾음),2026-09-18
스테인리스강 코팅제(Stainless Steel Coat),msds-144,pdf/3M/Stainless Steel Coat.pdf,,78-93-3,,메틸 에틸 케톤,원본과 대조,손대지 않음 (원본에서 못 찾음),2026-09-18
프로슈터,msds-145,pdf/3M/프로슈터. 2020.12.11.pdf,,7732-18-5,,물,원본과 대조,손대지 않음 (원본에서 못 찾음),2026-09-18
프로슈터,msds-145,pdf/3M/프로슈터. 2020.12.11.pdf,,8028-48-6,,오렌지 껍질 팅크,원본과 대조,손대지 않음 (원본에서 못 찾음),2026-09-18
탄산나트륨 (Sodium Carbonate),msds-146,pdf/OCI주식회사/소다회 MSDS.2019.06.01.pdf,2,497-19-8,CAS 번호,탄산 나트륨,원본과 대조,손대지 않음 (원본 줄도 깨끗하지 않음),2026-09-18
대륙 부탄 CRV,msds-148,pdf/대륙제관(부탄)/대륙 부탄 CRV_2023.pdf,2,74-98-6,"프로판 n-프로판,",프로판,원본과 대조,손대지 않음 (원본이 그렇게 적음),2026-09-18
대륙 부탄 CRV,msds-148,pdf/대륙제관(부탄)/대륙 부탄 CRV_2023.pdf,2,106-97-8,"노말부탄 n-부탄,",노말부탄,원본과 대조,손대지 않음 (원본이 그렇게 적음),2026-09-18
대륙 부탄 CRV,msds-148,pdf/대륙제관(부탄)/대륙 부탄 CRV_2023.pdf,2,75-28-5,이소부탄,이소부탄,원본과 대조,손대지 않음 (원본이 그렇게 적음),2026-09-18
대륙 부탄 CRV,msds-148,pdf/대륙제관(부탄)/대륙 부탄 CRV_2023.pdf,2,106-99-0,"1,3 부타다이엔(1,3 Butadiene) 1,3 부타다이엔(1,3","1,3-부타다이엔(1,3-Butadiene)",원본과 대조,손대지 않음 (원본 줄이 중간에서 잘림),2026-09-18
맥스 CRV,msds-149,pdf/대륙제관(부탄)/맥스 부탄 CRV_2023.pdf,2,74-98-6,"프로판 n-프로판,",프로판,원본과 대조,손대지 않음 (원본이 그렇게 적음),2026-09-18
맥스 CRV,msds-149,pdf/대륙제관(부탄)/맥스 부탄 CRV_2023.pdf,2,106-97-8,"노말부탄 n-부탄,",노말부탄,원본과 대조,손대지 않음 (원본이 그렇게 적음),2026-09-18
맥스 CRV,msds-149,pdf/대륙제관(부탄)/맥스 부탄 CRV_2023.pdf,2,75-28-5,이소부탄,이소부탄,원본과 대조,손대지 않음 (원본이 그렇게 적음),2026-09-18
맥스 CRV,msds-149,pdf/대륙제관(부탄)/맥스 부탄 CRV_2023.pdf,2,106-99-0,"1,3 부타다이엔(1,3 Butadiene) 1,3 부타다이엔(1,3","1,3-부타다이엔(1,3-Butadiene)",원본과 대조,손대지 않음 (원본 줄이 중간에서 잘림),2026-09-18
세이프 부탄 CRV,msds-150,pdf/대륙제관(부탄)/세이프 부탄 CRV_2023.pdf,2,74-98-6,"프로판 n-프로판,",프로판,원본과 대조,손대지 않음 (원본이 그렇게 적음),2026-09-18
세이프 부탄 CRV,msds-150,pdf/대륙제관(부탄)/세이프 부탄 CRV_2023.pdf,2,106-97-8,"노말부탄 n-부탄,",노말부탄,원본과 대조,손대지 않음 (원본이 그렇게 적음),2026-09-18
세이프 부탄 CRV,msds-150,pdf/대륙제관(부탄)/세이프 부탄 CRV_2023.pdf,2,75-28-5,이소부탄,이소부탄,원본과 대조,손대지 않음 (원본이 그렇게 적음),2026-09-18
세이프 부탄 CRV,msds-150,pdf/대륙제관(부탄)/세이프 부탄 CRV_2023.pdf,2,106-99-0,"1,3 부타다이엔(1,3 Butadiene) 1,3 부타다이엔(1,3","1,3-부타다이엔(1,3-Butadiene)",원본과 대조,손대지 않음 (원본 줄이 중간에서 잘림),2026-09-18
썬플라워 부탄 CRV,msds-151,pdf/대륙제관(부탄)/썬플라워 CRV_2023.pdf,2,74-98-6,"프로판 n-프로판,",프로판,원본과 대조,손대지 않음 (원본이 그렇게 적음),2026-09-18
썬플라워 부탄 CRV,msds-151,pdf/대륙제관(부탄)/썬플라워 CRV_2023.pdf,2,106-97-8,"노말부탄 n-부탄,",노말부탄,원본과 대조,손대지 않음 (원본이 그렇게 적음),2026-09-18
썬플라워 부탄 CRV,msds-151,pdf/대륙제관(부탄)/썬플라워 CRV_2023.pdf,2,75-28-5,이소부탄,이소부탄,원본과 대조,손대지 않음 (원본이 그렇게 적음),2026-09-18
썬플라워 부탄 CRV,msds-151,pdf/대륙제관(부탄)/썬플라워 CRV_2023.pdf,2,106-99-0,"1,3 부타다이엔(1,3 Butadiene) 1,3 부타다이엔(1,3","1,3-부타다이엔(1,3-Butadiene)",원본과 대조,손대지 않음 (원본 줄이 중간에서 잘림),2026-09-18
썬히트 부탄 CRV,msds-152,pdf/대륙제관(부탄)/썬히트 CRV_2023.pdf,2,74-98-6,"프로판 n-프로판,",프로판,원본과 대조,손대지 않음 (원본이 그렇게 적음),2026-09-18
썬히트 부탄 CRV,msds-152,pdf/대륙제관(부탄)/썬히트 CRV_2023.pdf,2,106-97-8,"노말부탄 n-부탄,",노말부탄,원본과 대조,손대지 않음 (원본이 그렇게 적음),2026-09-18
썬히트 부탄 CRV,msds-152,pdf/대륙제관(부탄)/썬히트 CRV_2023.pdf,2,75-28-5,이소부탄,이소부탄,원본과 대조,손대지 않음 (원본이 그렇게 적음),2026-09-18
썬히트 부탄 CRV,msds-152,pdf/대륙제관(부탄)/썬히트 CRV_2023.pdf,2,106-99-0,"1,3 부타다이엔(1,3 Butadiene) 1,3 부타다이엔(1,3","1,3-부타다이엔(1,3-Butadiene)",원본과 대조,손대지 않음 (원본 줄이 중간에서 잘림),2026-09-18
퍼펙트 부탄 CRV,msds-153,pdf/대륙제관(부탄)/퍼펙트 부탄 CRV_2023.pdf,2,74-98-6,"프로판 n-프로판,",프로판,원본과 대조,손대지 않음 (원본이 그렇게 적음),2026-09-18
퍼펙트 부탄 CRV,msds-153,pdf/대륙제관(부탄)/퍼펙트 부탄 CRV_2023.pdf,2,106-97-8,"노말부탄 n-부탄,",노말부탄,원본과 대조,손대지 않음 (원본이 그렇게 적음),2026-09-18
퍼펙트 부탄 CRV,msds-153,pdf/대륙제관(부탄)/퍼펙트 부탄 CRV_2023.pdf,2,75-28-5,이소부탄,이소부탄,원본과 대조,손대지 않음 (원본이 그렇게 적음),2026-09-18
퍼펙트 부탄 CRV,msds-153,pdf/대륙제관(부탄)/퍼펙트 부탄 CRV_2023.pdf,2,106-99-0,"1,3 부타다이엔(1,3 Butadiene) 1,3 부타다이엔(1,3","1,3-부타다이엔(1,3-Butadiene)",원본과 대조,손대지 않음 (원본 줄이 중간에서 잘림),2026-09-18
백양락스,msds-154,"pdf/덕진(락스, 세제)/백양락스 MSDS(GHS).pdf",2,7681-52-9,나 번호)CAS,차아염소산나트륨(Sodium hypochlorite),원본과 대조,손대지 않음 (원본 줄이 중간에서 잘림),2026-09-18
백양락스,msds-154,"pdf/덕진(락스, 세제)/백양락스 MSDS(GHS).pdf",,1310-73-2,,수산화나트륨(Sodium hydroxide),원본과 대조,손대지 않음 (원본에서 못 찾음),2026-09-18
백양퐁,msds-155,"pdf/덕진(락스, 세제)/백양퐁 MSDS( GHS).pdf",2,7732-18-5,물(WATER),물(WATER),원본과 대조,손대지 않음 (원본이 그렇게 적음),2026-09-18
백양퐁,msds-155,"pdf/덕진(락스, 세제)/백양퐁 MSDS( GHS).pdf",2,68584-22-5,LAS(LINEAR ALYLVENZENESULFONIC,LAS(LINEAR ALYLVENZENESULFONIC ACID),원본과 대조,손대지 않음 (원본 줄이 중간에서 잘림),2026-09-18
백양퐁,msds-155,"pdf/덕진(락스, 세제)/백양퐁 MSDS( GHS).pdf",2,1310-73-2,가성소다,가성소다 후레이크,원본과 대조,손대지 않음 (원본이 그렇게 적음),2026-09-18
백양퐁,msds-155,"pdf/덕진(락스, 세제)/백양퐁 MSDS( GHS).pdf",2,102-71-6,트리에탄올 아민(TRIETHANOL,트리에탄올 아민(TRIETHANOL AMINE),원본과 대조,손대지 않음 (원본 줄이 중간에서 잘림),2026-09-18
백양퐁,msds-155,"pdf/덕진(락스, 세제)/백양퐁 MSDS( GHS).pdf",2,12125-02-9,염화암모늄(AMMONIUM,염화암모늄(AMMONIUM CHLORIDE),원본과 대조,손대지 않음 (원본 줄이 중간에서 잘림),2026-09-18
백양퐁,msds-155,"pdf/덕진(락스, 세제)/백양퐁 MSDS( GHS).pdf",2,1934-21-0,색소 황색,색소 황색 5호,원본과 대조,손대지 않음 (원본이 그렇게 적음),2026-09-18
LOCTITE SF CPG CA PRIMER GOLD 230ML,msds-156,pdf/록타이트(LOCTITE)/록타이트 순간접착제용 경화촉진제.pdf,2,67-64-1,Acetone,아세톤[VOCs 면제물질],원본과 대조,손대지 않음 (원본과 표기만 다름),2026-09-18
더블유디-40(WD-40),msds-157,pdf/백스인터코퍼레이션(WD-40)/WD-40.pdf,,64742-47-8,,"수소처리된 경질 정제유(Distillates (petroleum), hydrotreated light)",원본과 대조,손대지 않음 (원본에서 못 찾음),2026-09-18
더블유디-40(WD-40),msds-157,pdf/백스인터코퍼레이션(WD-40)/WD-40.pdf,2,64742-54-7,2) 기유,기유(Base Oils),원본과 대조,손대지 않음 (원본 줄이 중간에서 잘림),2026-09-18
더블유디-40(WD-40),msds-157,pdf/백스인터코퍼레이션(WD-40)/WD-40.pdf,2,74-98-6,3) 프로판,프로판(Propane),원본과 대조,손대지 않음 (원본 줄이 중간에서 잘림),2026-09-18
더블유디-40(WD-40),msds-157,pdf/백스인터코퍼레이션(WD-40)/WD-40.pdf,2,106-97-8,4) 노르말부탄,"노르말부탄(n-Butane, 부타디엔 함량 0%)",원본과 대조,손대지 않음 (원본 줄이 중간에서 잘림),2026-09-18
산도깨비 곰팡이제거제,msds-158,pdf/산도깨비(곰팡이제거제)/곰팡이제거제 MSDS [2024].pdf,2,1643-20-5,"N,N-다이메틸도데실아민 N-산화물","N,N-다이메틸도데실아민 N-산화물",원본과 대조,손대지 않음 (원본이 그렇게 적음),2026-09-18
산도깨비 곰팡이제거제,msds-158,pdf/산도깨비(곰팡이제거제)/곰팡이제거제 MSDS [2024].pdf,2,1310-73-2,수산화나트륨,수산화나트륨,원본과 대조,손대지 않음 (원본이 그렇게 적음),2026-09-18
산도깨비 곰팡이제거제,msds-158,pdf/산도깨비(곰팡이제거제)/곰팡이제거제 MSDS [2024].pdf,2,1300-72-7,설폰산 나트륨 크실렌(SODIUM XYLENE SULFONATE),설폰산 나트륨 크실렌(SODIUM XYLENE SULFONATE),원본과 대조,손대지 않음 (원본이 그렇게 적음),2026-09-18
산도깨비 곰팡이제거제,msds-158,pdf/산도깨비(곰팡이제거제)/곰팡이제거제 MSDS [2024].pdf,2,7681-52-9,차아염소산 나트륨,차아염소산 나트륨,원본과 대조,손대지 않음 (원본이 그렇게 적음),2026-09-18
산도깨비 곰팡이제거제,msds-158,pdf/산도깨비(곰팡이제거제)/곰팡이제거제 MSDS [2024].pdf,2,7732-18-5,물(WATER),물(WATER),원본과 대조,손대지 않음 (원본이 그렇게 적음),2026-09-18
KF-3 (응집부상제),msds-159,pdf/삼풍트라이텍/[삼풍트라이텍]KF-3_GHS_MSDS_2011.11.24 6회.pdf,2,9003-05-8,폴리아크릴아마이드,폴리아크릴아마이드(PolyAcrylamide),원본과 대조,손대지 않음 (원본이 그렇게 적음),2026-09-18
KF-3 (응집부상제),msds-159,pdf/삼풍트라이텍/[삼풍트라이텍]KF-3_GHS_MSDS_2011.11.24 6회.pdf,2,7732-18-5,물 (Water),물(Water),원본과 대조,손대지 않음 (원본이 그렇게 적음),2026-09-18
KF-3 (응집부상제),msds-159,pdf/삼풍트라이텍/[삼풍트라이텍]KF-3_GHS_MSDS_2011.11.24 6회.pdf,2,64742-47-8,히드로처리된 경 증류,히드로처리된 경 증류(HYDROTREATED LIGHT DISTILLATE),원본과 대조,손대지 않음 (원본이 그렇게 적음),2026-09-18
KF-3 (응집부상제),msds-159,pdf/삼풍트라이텍/[삼풍트라이텍]KF-3_GHS_MSDS_2011.11.24 6회.pdf,2,1338-43-8,소르비탄 모노올레산,소르비탄 모노올레산(SORBITAN MONOOLEATE),원본과 대조,손대지 않음 (원본이 그렇게 적음),2026-09-18
KF-3 (응집부상제),msds-159,pdf/삼풍트라이텍/[삼풍트라이텍]KF-3_GHS_MSDS_2011.11.24 6회.pdf,2,25322-68-3,Polyethylene,Polyethylene PEG,원본과 대조,손대지 않음 (원본이 그렇게 적음),2026-09-18
AF-1(난실리콘 소포제),msds-161,pdf/삼풍트라이텍/[삼풍트라이텍]AF-1(난실리콘소포제)_GHS_MSDS.pdf,,64742-54-7,,Hydrotreated (mild) heavy paraffinic distillate,원본과 대조,손대지 않음 (원본에서 못 찾음),2026-09-18
AF-1(난실리콘 소포제),msds-161,pdf/삼풍트라이텍/[삼풍트라이텍]AF-1(난실리콘소포제)_GHS_MSDS.pdf,,9005-07-6,,POE-alkyl ether,원본과 대조,손대지 않음 (원본에서 못 찾음),2026-09-18
AF-1(난실리콘 소포제),msds-161,pdf/삼풍트라이텍/[삼풍트라이텍]AF-1(난실리콘소포제)_GHS_MSDS.pdf,,25322-69-4,,Polypropylene glycol,원본과 대조,손대지 않음 (원본에서 못 찾음),2026-09-18
배터리전해액(Electrolyte),msds-162,pdf/세방전지/배터리전해액.pdf,2,7664-93-9,Sulfuric acid / Oil of vitriol,황산(Sulfuric acid),원본과 대조,손대지 않음 (원본과 표기만 다름),2026-09-18
배터리전해액(Electrolyte),msds-162,pdf/세방전지/배터리전해액.pdf,2,7732-18-5,Water,물(Water),원본과 대조,손대지 않음 (원본과 표기만 다름),2026-09-18
231-S250,msds-163,pdf/수도씨에이씨(SUDO CAC ltd)/231-S250 MSDS Kor Ver.pdf,1,64742-54-7,Distillates(Petroleum) ; CAS NO,"Distillates(Petroleum), hydrotreated heavy paraffinic",원본과 대조,손대지 않음 (원본이 그렇게 적음),2026-09-18
231-S250,msds-163,pdf/수도씨에이씨(SUDO CAC ltd)/231-S250 MSDS Kor Ver.pdf,1,64742-55-8,"Distillates(Petroleum) ; CAS NO 64742-54-7,","Distillates(Petroleum), hydrotreated light paraffinic",원본과 대조,손대지 않음 (원본이 그렇게 적음),2026-09-18
퍼크린 오븐제로엠,msds-164,pdf/식당/7_퍼크린 오븐제로엠 GHS MSDS.pdf,,527-07-1,,글루콘산 나트륨,원본과 대조,손대지 않음 (원본에서 못 찾음),2026-09-18
퍼크린 오븐제로엠,msds-164,pdf/식당/7_퍼크린 오븐제로엠 GHS MSDS.pdf,1,7758-29-4,삼폴리인산 나트륨,삼폴리인산 나트륨,원본과 대조,손대지 않음 (원본이 그렇게 적음),2026-09-18
퍼크린 오븐제로엠,msds-164,pdf/식당/7_퍼크린 오븐제로엠 GHS MSDS.pdf,1,1300-72-7,설폰산 나트륨 크실렌,설폰산 나트륨 크실렌,원본과 대조,손대지 않음 (원본이 그렇게 적음),2026-09-18
퍼크린 오븐제로엠,msds-164,pdf/식당/7_퍼크린 오븐제로엠 GHS MSDS.pdf,1,1310-58-3,수산화 칼륨,수산화 칼륨,원본과 대조,손대지 않음 (원본이 그렇게 적음),2026-09-18
퍼크린 오븐제로엠,msds-164,pdf/식당/7_퍼크린 오븐제로엠 GHS MSDS.pdf,1,584-08-7,탄산칼륨,탄산칼륨,원본과 대조,손대지 않음 (원본이 그렇게 적음),2026-09-18
퍼크린 오븐제로엠,msds-164,pdf/식당/7_퍼크린 오븐제로엠 GHS MSDS.pdf,1,7732-18-5,물 디수소 산화물,물,원본과 대조,손대지 않음 (원본과 표기만 다름),2026-09-18
퍼크린 오븐제로엠,msds-164,pdf/식당/7_퍼크린 오븐제로엠 GHS MSDS.pdf,1,1310-73-2,수산화나트륨,수산화나트륨,원본과 대조,손대지 않음 (원본이 그렇게 적음),2026-09-18
퍼크린 오븐제로엠,msds-164,pdf/식당/7_퍼크린 오븐제로엠 GHS MSDS.pdf,2,61789-40-0,코코넛 기름 아미도프로필,코코넛 기름 아미도프로필 베타인,원본과 대조,손대지 않음 (원본이 그렇게 적음),2026-09-18
퍼크린 오븐제로엠,msds-164,pdf/식당/7_퍼크린 오븐제로엠 GHS MSDS.pdf,2,69011-36-5,omega,".alpha.-Tridecyl-.omega.-hydroxypoly(oxy-1,2-ethanediyl), branched",원본과 대조,손대지 않음 (원본이 그렇게 적음),2026-09-18
퍼크린 오븐제로엠,msds-164,pdf/식당/7_퍼크린 오븐제로엠 GHS MSDS.pdf,2,112-34-5,틸 에테르,다이에틸렌 글리콜 모노뷰틸 에테르,원본과 대조,손대지 않음 (지금 이름의 뒷부분만 잡힘),2026-09-18
퍼크린 오븐제로엠,msds-164,pdf/식당/7_퍼크린 오븐제로엠 GHS MSDS.pdf,2,9004-82-4,로레트 황산 나트륨,로레트 황산 나트륨,원본과 대조,손대지 않음 (원본이 그렇게 적음),2026-09-18
하이락스,msds-165,pdf/식당/600074 하이락스 (1).pdf,1,7681-52-9,차아염소산 나트륨,차아염소산 나트륨,원본과 대조,손대지 않음 (원본이 그렇게 적음),2026-09-18
하이락스,msds-165,pdf/식당/600074 하이락스 (1).pdf,1,7732-18-5,물(WATER),물(WATER),원본과 대조,손대지 않음 (원본이 그렇게 적음),2026-09-18
그린플러스,msds-166,pdf/식당/0_그린플러스 GHS MSDS.pdf,2,527-07-1,글루콘산 나트륨,글루콘산 나트륨,원본과 대조,손대지 않음 (원본이 그렇게 적음),2026-09-18
그린플러스,msds-166,pdf/식당/0_그린플러스 GHS MSDS.pdf,2,64-02-8,"에틸렌디아민테트라아세트산,","에틸렌디아민테트라아세트산, 테트라나트륨 염",원본과 대조,손대지 않음 (원본이 그렇게 적음),2026-09-18
그린플러스,msds-166,pdf/식당/0_그린플러스 GHS MSDS.pdf,2,15630-89-4,과탄산 나트륨,과탄산 나트륨,원본과 대조,손대지 않음 (원본이 그렇게 적음),2026-09-18
그린플러스,msds-166,pdf/식당/0_그린플러스 GHS MSDS.pdf,2,68439-50-9,"알코올, C12-14, 에톡실산화","알코올, C12-14, 에톡실산화",원본과 대조,손대지 않음 (원본이 그렇게 적음),2026-09-18
그린플러스,msds-166,pdf/식당/0_그린플러스 GHS MSDS.pdf,2,10101-89-0,"인산 트리나트륨, 도데카히드","인산 트리나트륨, 도데카히드레이트",원본과 대조,손대지 않음 (원본이 그렇게 적음),2026-09-18
그린플러스,msds-166,pdf/식당/0_그린플러스 GHS MSDS.pdf,2,7758-29-4,삼폴리인산 나트륨,삼폴리인산 나트륨,원본과 대조,손대지 않음 (원본이 그렇게 적음),2026-09-18
그린플러스,msds-166,pdf/식당/0_그린플러스 GHS MSDS.pdf,2,7757-82-6,황산 나트륨,황산 나트륨,원본과 대조,손대지 않음 (원본이 그렇게 적음),2026-09-18
그린플러스,msds-166,pdf/식당/0_그린플러스 GHS MSDS.pdf,2,497-19-8,탄산 나트륨,탄산 나트륨,원본과 대조,손대지 않음 (원본이 그렇게 적음),2026-09-18
멀티크로 / 차아염소산나트륨,msds-167,pdf/식당/0_멀티크로MSDS.pdf,3,7732-18-5,정제수(WATER),정제수(WATER),원본과 대조,손대지 않음 (원본이 그렇게 적음),2026-09-18
멀티크로 / 차아염소산나트륨,msds-167,pdf/식당/0_멀티크로MSDS.pdf,3,7681-52-9,차아염소산나트륨(Sodiumhypochlorite),차아염소산나트륨(Sodium hypochlorite),원본과 대조,손대지 않음 (원본이 그렇게 적음),2026-09-18
샤보BCG,msds-168,pdf/식당/1_샤보BCG MSDS.pdf,1,8001-54-5,성분,벤잘코늄염화물액,원본과 대조,손대지 않음 (원본 줄에서 이름이 너무 적게 잡힘),2026-09-18
더폼 핸드솝,msds-169,pdf/식당/2_더폼 MSDS.pdf,2,7732-18-5,정제수,정제수,원본과 대조,손대지 않음 (원본이 그렇게 적음),2026-09-18
더폼 핸드솝,msds-169,pdf/식당/2_더폼 MSDS.pdf,2,151-21-3,소듐라우릴설페이트(SODIUMLAURYLSULFATE),소듐라우릴설페이트(SODIUM LAURYL SULFATE),원본과 대조,손대지 않음 (원본이 그렇게 적음),2026-09-18
더폼 핸드솝,msds-169,pdf/식당/2_더폼 MSDS.pdf,2,532-32-1,소듐벤조에이트(SODIUMBENZOATE),소듐벤조에이트(SODIUM BENZOATE),원본과 대조,손대지 않음 (원본이 그렇게 적음),2026-09-18
더폼 핸드솝,msds-169,pdf/식당/2_더폼 MSDS.pdf,2,122-99-6,페녹시에탄올(PHENOXYETHANOL),페녹시에탄올(PHENOXYETHANOL),원본과 대조,손대지 않음 (원본이 그렇게 적음),2026-09-18
더폼 핸드솝,msds-169,pdf/식당/2_더폼 MSDS.pdf,2,61791-31-9,코카마이드디이에이(COCAMIDEDEA),코카마이드디이에이(COCAMIDE DEA),원본과 대조,손대지 않음 (원본이 그렇게 적음),2026-09-18
더폼 핸드솝,msds-169,pdf/식당/2_더폼 MSDS.pdf,2,56-81-5,글리세린(GLYCERIN),글리세린(GLYCERIN),원본과 대조,손대지 않음 (원본이 그렇게 적음),2026-09-18
더폼 핸드솝,msds-169,pdf/식당/2_더폼 MSDS.pdf,2,61789-40-0,코카미도프로필베타인(COCAMIDOPROPYLBETAINE),코카미도프로필베타인(COCAMIDOPROPYL BETAINE),원본과 대조,손대지 않음 (원본이 그렇게 적음),2026-09-18
더폼 핸드솝,msds-169,pdf/식당/2_더폼 MSDS.pdf,2,77-92-9,시트릭애씨드(CITRICACID),시트릭애씨드(CITRIC ACID),원본과 대조,손대지 않음 (원본이 그렇게 적음),2026-09-18
퍼크린 202,msds-170,pdf/식당/2_퍼크린 202 GHS MSDS.pdf,1,7758-29-4,삼폴리인산 나트륨,삼폴리인산 나트륨,원본과 대조,손대지 않음 (원본이 그렇게 적음),2026-09-18
퍼크린 202,msds-170,pdf/식당/2_퍼크린 202 GHS MSDS.pdf,1,1310-58-3,수산화 칼륨,수산화 칼륨,원본과 대조,손대지 않음 (원본이 그렇게 적음),2026-09-18
퍼크린 202,msds-170,pdf/식당/2_퍼크린 202 GHS MSDS.pdf,1,584-08-7,탄산 칼륨,탄산 칼륨,원본과 대조,손대지 않음 (원본이 그렇게 적음),2026-09-18
퍼크린 202,msds-170,pdf/식당/2_퍼크린 202 GHS MSDS.pdf,1,7732-18-5,물 디수소 산화물,물,원본과 대조,손대지 않음 (원본과 표기만 다름),2026-09-18
퍼크린 202,msds-170,pdf/식당/2_퍼크린 202 GHS MSDS.pdf,1,1310-73-2,수산화나트륨,수산화나트륨,원본과 대조,손대지 않음 (원본이 그렇게 적음),2026-09-18
be chef. clean 주방세제 알뜰형,msds-171,pdf/식당/3_be chef. clean 주방세제 알뜰형_MSDS (1).pdf,2,27176-87-0,알킬 벤젠 설폰산,알킬 벤젠 설폰산,원본과 대조,손대지 않음 (원본이 그렇게 적음),2026-09-18
be chef. clean 주방세제 알뜰형,msds-171,pdf/식당/3_be chef. clean 주방세제 알뜰형_MSDS (1).pdf,2,68585-34-2,라우릴 에테르 황산 나트륨(SODIUM LAURYL ETHER SULFATE),라우릴 에테르 황산 나트륨(SODIUM LAURYL ETHER SULFATE),원본과 대조,손대지 않음 (원본이 그렇게 적음),2026-09-18
be chef. clean 주방세제 알뜰형,msds-171,pdf/식당/3_be chef. clean 주방세제 알뜰형_MSDS (1).pdf,2,7647-14-5,염화 나트륨(SODIUM CHLORIDE),염화 나트륨(SODIUM CHLORIDE),원본과 대조,손대지 않음 (원본이 그렇게 적음),2026-09-18
be chef. clean 주방세제 알뜰형,msds-171,pdf/식당/3_be chef. clean 주방세제 알뜰형_MSDS (1).pdf,2,56-81-5,글리세롤,글리세롤,원본과 대조,손대지 않음 (원본이 그렇게 적음),2026-09-18
be chef. clean 주방세제 알뜰형,msds-171,pdf/식당/3_be chef. clean 주방세제 알뜰형_MSDS (1).pdf,2,61789-40-0,코코넛 아미도프로필 베타인(COCONUT OIL AMIDOPROPYL,코코넛 아미도프로필 베타인(COCONUT OIL AMIDOPROPYL BETAINE),원본과 대조,손대지 않음 (원본 줄이 중간에서 잘림),2026-09-18
be chef. clean 주방세제 알뜰형,msds-171,pdf/식당/3_be chef. clean 주방세제 알뜰형_MSDS (1).pdf,2,1310-73-2,수산화나트륨,수산화나트륨,원본과 대조,손대지 않음 (원본이 그렇게 적음),2026-09-18
be chef. clean 주방세제 알뜰형,msds-171,pdf/식당/3_be chef. clean 주방세제 알뜰형_MSDS (1).pdf,2,532-32-1,안식향산 나트륨,안식향산 나트륨,원본과 대조,손대지 않음 (원본이 그렇게 적음),2026-09-18
be chef. clean 주방세제 알뜰형,msds-171,pdf/식당/3_be chef. clean 주방세제 알뜰형_MSDS (1).pdf,2,7732-18-5,정제수(WATER),정제수(WATER),원본과 대조,손대지 않음 (원본이 그렇게 적음),2026-09-18
퍼크린 린스,msds-172,pdf/식당/4_퍼크린 린스 GHS MSDS.pdf,1,7732-18-5,물 DIHYDROGEN OXIDE,물,원본과 대조,손대지 않음 (원본과 표기만 다름),2026-09-18
퍼크린 린스,msds-172,pdf/식당/4_퍼크린 린스 GHS MSDS.pdf,1,9003-11-6,리콜,폴리에틸렌-폴리프로필렌 글리콜,원본과 대조,손대지 않음 (원본 줄에서 이름이 너무 적게 잡힘),2026-09-18
퍼크린 린스,msds-172,pdf/식당/4_퍼크린 린스 GHS MSDS.pdf,1,64-17-5,에탄올,에탄올,원본과 대조,손대지 않음 (원본이 그렇게 적음),2026-09-18
퍼크린 린스,msds-172,pdf/식당/4_퍼크린 린스 GHS MSDS.pdf,1,68439-50-9,"알코올, C12-14, 에톡실산화","알코올, C12-14, 에톡실산화",원본과 대조,손대지 않음 (원본이 그렇게 적음),2026-09-18
퍼크린 린스,msds-172,pdf/식당/4_퍼크린 린스 GHS MSDS.pdf,1,5949-29-1,시트르산 모노수화물,시트르산 모노수화물,원본과 대조,손대지 않음 (원본이 그렇게 적음),2026-09-18
퍼크린 린스,msds-172,pdf/식당/4_퍼크린 린스 GHS MSDS.pdf,1,532-32-1,벤조산 나트륨,벤조산 나트륨,원본과 대조,손대지 않음 (원본이 그렇게 적음),2026-09-18
퍼크린 린스,msds-172,pdf/식당/4_퍼크린 린스 GHS MSDS.pdf,1,527-07-1,글루콘산 나트륨,글루콘산 나트륨,원본과 대조,손대지 않음 (원본이 그렇게 적음),2026-09-18
퍼크린 린스,msds-172,pdf/식당/4_퍼크린 린스 GHS MSDS.pdf,1,126-92-1,2-에틸헥실 황산 나트륨,2-에틸헥실 황산 나트륨,원본과 대조,손대지 않음 (원본이 그렇게 적음),2026-09-18
스마트상S-1(알펫ES),msds-173,pdf/식당/5_알펫ES MSDS.pdf,,7732-18-5,,물(WATER),원본과 대조,손대지 않음 (원본에서 못 찾음),2026-09-18
스마트상S-1(알펫ES),msds-173,pdf/식당/5_알펫ES MSDS.pdf,2,64-17-5,에탄올발효에탄올(),에탄올(발효에탄올),원본과 대조,손대지 않음 (원본이 그렇게 적음),2026-09-18
스마트상S-1(알펫ES),msds-173,pdf/식당/5_알펫ES MSDS.pdf,2,56-81-5,글리세린,글리세린,원본과 대조,손대지 않음 (원본이 그렇게 적음),2026-09-18
스마트상S-1(알펫ES),msds-173,pdf/식당/5_알펫ES MSDS.pdf,2,72-17-3,젖산나트륨,젖산나트륨,원본과 대조,손대지 않음 (원본이 그렇게 적음),2026-09-18
"알곤, 아르곤(ARGON)",msds-174,"pdf/아르곤(알곤,Ar)/아르곤(알곤)_태경ECO(주).pdf",1,7440-37-1,CAS 번호,아르곤,원본과 대조,손대지 않음 (원본 줄도 깨끗하지 않음),2026-09-18
"아르곤(ARGON, COMPRESSED)",msds-175,"pdf/아르곤(알곤,Ar)/아르곤(알곤)_태경가스기술(주).pdf",2,7440-37-1,Argon,아르곤(Argon),원본과 대조,손대지 않음 (원본과 표기만 다름),2026-09-18
아르곤(100%),msds-176,"pdf/아르곤(알곤,Ar)/아르곤(알곤)_대덕가스(주).pdf",1,7440-37-1,CAS 번호,아르곤,원본과 대조,손대지 않음 (원본 줄도 깨끗하지 않음),2026-09-18
UT5731-BB2(KIA),msds-177,pdf/01_ 도장/KCC/KCC_MSDS_UT5731-BB2(KIA)_kor.pdf,3,123-86-4,Acetic acid N-butyl ester ; Butyl ethanoate ; 1,n-뷰틸 아세테이트,원본과 대조,손대지 않음 (원본과 표기만 다름),2026-09-18
UT5731-BB2(KIA),msds-177,pdf/01_ 도장/KCC/KCC_MSDS_UT5731-BB2(KIA)_kor.pdf,3,1330-20-7,Xylene,자일렌,원본과 대조,손대지 않음 (원본과 표기만 다름),2026-09-18
UT5731-BB2(KIA),msds-177,pdf/01_ 도장/KCC/KCC_MSDS_UT5731-BB2(KIA)_kor.pdf,3,108-88-3,Toluene,톨루엔,원본과 대조,손대지 않음 (원본과 표기만 다름),2026-09-18
UT5731-BB2(KIA),msds-177,pdf/01_ 도장/KCC/KCC_MSDS_UT5731-BB2(KIA)_kor.pdf,3,9004-36-8,; Acetobutyrate cellulose ; Acetylbutyrylcellulose ;,셀룰로스 아세테이트 뷰틸레이트,원본과 대조,손대지 않음 (원본과 표기만 다름),2026-09-18
UT5731-BB2(KIA),msds-177,pdf/01_ 도장/KCC/KCC_MSDS_UT5731-BB2(KIA)_kor.pdf,3,142-82-5,n-Heptane,n-헵테인,원본과 대조,손대지 않음 (원본과 표기만 다름),2026-09-18
UT5731-BB2(KIA),msds-177,pdf/01_ 도장/KCC/KCC_MSDS_UT5731-BB2(KIA)_kor.pdf,3,1344-28-1,Alpha-aluminum oxide ; Beta-aluminum oxide ;,산화 알루미늄,원본과 대조,손대지 않음 (원본과 표기만 다름),2026-09-18
UT5731-BB2(KIA),msds-177,pdf/01_ 도장/KCC/KCC_MSDS_UT5731-BB2(KIA)_kor.pdf,3,64742-82-1,hydrodesulfurized heavy,수소탈황된 중질 나프타 (석유),원본과 대조,손대지 않음 (원본과 표기만 다름),2026-09-18
UT5731-BB2(KIA),msds-177,pdf/01_ 도장/KCC/KCC_MSDS_UT5731-BB2(KIA)_kor.pdf,3,112-07-2,Butoxyethyl acetate ; Ethylene glycol monobutyl ether,"2-뷰톡시에탄올, 아세테이트",원본과 대조,손대지 않음 (원본과 표기만 다름),2026-09-18
UT5731-BB2(KIA),msds-177,pdf/01_ 도장/KCC/KCC_MSDS_UT5731-BB2(KIA)_kor.pdf,3,141-78-6,ester ; Ethyl ester ; Ethyl ethanoate ; Vinegar naphtha ;,아세트산 에틸,원본과 대조,손대지 않음 (원본과 표기만 다름),2026-09-18
UT5731-BB2(KIA),msds-177,pdf/01_ 도장/KCC/KCC_MSDS_UT5731-BB2(KIA)_kor.pdf,3,13463-67-7,Titanium dioxide,이산화 티타늄,원본과 대조,손대지 않음 (원본과 표기만 다름),2026-09-18
UT5731-BB2(KIA),msds-177,pdf/01_ 도장/KCC/KCC_MSDS_UT5731-BB2(KIA)_kor.pdf,3,100-41-4,Ethylbenzene,에틸벤젠,원본과 대조,손대지 않음 (원본과 표기만 다름),2026-09-18
UT5731-BB2(KIA),msds-177,pdf/01_ 도장/KCC/KCC_MSDS_UT5731-BB2(KIA)_kor.pdf,3,108-65-6,acetate,프로필렌 글리콜 모노메틸 에테르 아세테이트,원본과 대조,손대지 않음 (원본과 표기만 다름),2026-09-18
UT5731-BB2(KIA),msds-177,pdf/01_ 도장/KCC/KCC_MSDS_UT5731-BB2(KIA)_kor.pdf,3,108-10-1,Hexanone ; 4-Methyl-2-pentanone ; Isobutyl methyl,4-메틸-2-펜탄온,원본과 대조,손대지 않음 (원본과 표기만 다름),2026-09-18
UT5731-BB2(KIA),msds-177,pdf/01_ 도장/KCC/KCC_MSDS_UT5731-BB2(KIA)_kor.pdf,3,1333-86-4,Carbon black,카본 블랙,원본과 대조,손대지 않음 (원본과 표기만 다름),2026-09-18
UT5731-BB2(KIA),msds-177,pdf/01_ 도장/KCC/KCC_MSDS_UT5731-BB2(KIA)_kor.pdf,3,64742-95-6,"Solvent naphtha (petroleum),",방향족 경질 나프타 용매(석유),원본과 대조,손대지 않음 (원본과 표기만 다름),2026-09-18
나바켐 황색,msds-pdf-007b2f977ffa1b20,"pdf/00_ 사출/나바켐(NAVAKEM), 남방CNA(주)/락카스프레이/나바켐 - 황색 MSDS.pdf",3,67-63-0,이소프로필 알코올,이소프로필 알콜,원본과 대조,손대지 않음 (원본과 표기만 다름),2026-09-18
나바켐 황색,msds-pdf-007b2f977ffa1b20,"pdf/00_ 사출/나바켐(NAVAKEM), 남방CNA(주)/락카스프레이/나바켐 - 황색 MSDS.pdf",3,67-64-1,아세톤,아세톤,원본과 대조,손대지 않음 (원본이 그렇게 적음),2026-09-18
나바켐 황색,msds-pdf-007b2f977ffa1b20,"pdf/00_ 사출/나바켐(NAVAKEM), 남방CNA(주)/락카스프레이/나바켐 - 황색 MSDS.pdf",3,79-20-9,초산 메틸,초산 메틸,원본과 대조,손대지 않음 (원본이 그렇게 적음),2026-09-18
나바켐 황색,msds-pdf-007b2f977ffa1b20,"pdf/00_ 사출/나바켐(NAVAKEM), 남방CNA(주)/락카스프레이/나바켐 - 황색 MSDS.pdf",3,108-94-1,시클로헥사논,시클로헥사논,원본과 대조,손대지 않음 (원본이 그렇게 적음),2026-09-18
나바켐 황색,msds-pdf-007b2f977ffa1b20,"pdf/00_ 사출/나바켐(NAVAKEM), 남방CNA(주)/락카스프레이/나바켐 - 황색 MSDS.pdf",3,115-10-6,다이메틸 에테르,메틸 에테르(METHYL ETHER);,원본과 대조,손대지 않음 (원본이 그렇게 적음),2026-09-18
나바켐 황색,msds-pdf-007b2f977ffa1b20,"pdf/00_ 사출/나바켐(NAVAKEM), 남방CNA(주)/락카스프레이/나바켐 - 황색 MSDS.pdf",3,122-99-6,에틸렌 글리콜 페닐 에테르,에틸렌 글리콜 페닐 에테르,원본과 대조,손대지 않음 (원본이 그렇게 적음),2026-09-18
나바켐 황색,msds-pdf-007b2f977ffa1b20,"pdf/00_ 사출/나바켐(NAVAKEM), 남방CNA(주)/락카스프레이/나바켐 - 황색 MSDS.pdf",3,147-14-8,구리 프탈로시아닌,구리 프탈로시아닌,원본과 대조,손대지 않음 (원본이 그렇게 적음),2026-09-18
나바켐 황색,msds-pdf-007b2f977ffa1b20,"pdf/00_ 사출/나바켐(NAVAKEM), 남방CNA(주)/락카스프레이/나바켐 - 황색 MSDS.pdf",3,74-98-6,프로페인,다이메틸메테인(Dimethylmethane),원본과 대조,손대지 않음 (원본과 표기만 다름),2026-09-18
나바켐 황색,msds-pdf-007b2f977ffa1b20,"pdf/00_ 사출/나바켐(NAVAKEM), 남방CNA(주)/락카스프레이/나바켐 - 황색 MSDS.pdf",3,8050-26-8,"로신; 에스테르 WITH 2,2-비스(하이드록시메틸)-1,3-프로판디올",플로랄105(FLORAL105);,원본과 대조,손대지 않음 (원본과 표기만 다름),2026-09-18
나바켐 황색,msds-pdf-007b2f977ffa1b20,"pdf/00_ 사출/나바켐(NAVAKEM), 남방CNA(주)/락카스프레이/나바켐 - 황색 MSDS.pdf",3,9003-11-6,폴리에틸렌-폴리프로필렌 글리콜,폴리옥시에틸렌-폴리옥시프로필렌 BLOCK,원본과 대조,손대지 않음 (원본과 표기만 다름),2026-09-18
나바켐 황색,msds-pdf-007b2f977ffa1b20,"pdf/00_ 사출/나바켐(NAVAKEM), 남방CNA(주)/락카스프레이/나바켐 - 황색 MSDS.pdf",3,125542-65-6,알키드 수지,알키드 수지,원본과 대조,손대지 않음 (원본이 그렇게 적음),2026-09-18
나바켐 황색,msds-pdf-007b2f977ffa1b20,"pdf/00_ 사출/나바켐(NAVAKEM), 남방CNA(주)/락카스프레이/나바켐 - 황색 MSDS.pdf",3,100-41-4,에틸벤젠,에틸벤젠,원본과 대조,손대지 않음 (원본이 그렇게 적음),2026-09-18
나바켐 황색,msds-pdf-007b2f977ffa1b20,"pdf/00_ 사출/나바켐(NAVAKEM), 남방CNA(주)/락카스프레이/나바켐 - 황색 MSDS.pdf",3,123-86-4,초산 부틸,초산 부틸,원본과 대조,손대지 않음 (원본이 그렇게 적음),2026-09-18
나바켐 황색,msds-pdf-007b2f977ffa1b20,"pdf/00_ 사출/나바켐(NAVAKEM), 남방CNA(주)/락카스프레이/나바켐 - 황색 MSDS.pdf",3,1330-20-7,크실렌,크실렌,원본과 대조,손대지 않음 (원본이 그렇게 적음),2026-09-18
락카 스프레이(각색),msds-pdf-00bd0830f6de7555,pdf/오공본드(OKONG)/락카 스프레이(각색).pdf,3,125542-65-6,알키드 수지,알키드 수지,원본과 대조,손대지 않음 (원본이 그렇게 적음),2026-09-18
"산소(OXYGEN, COMPRESSED)",msds-pdf-0aeeb73308c96e86,pdf/산소.pdf,,7782-44-7,,자료없음 100,원본과 대조,손대지 않음 (원본에서 못 찾음),2026-09-18
나바켐 적색,msds-pdf-306f4ca012db5ce6,"pdf/00_ 사출/나바켐(NAVAKEM), 남방CNA(주)/락카스프레이/나바켐 - 적색 MSDS.pdf",2,64-17-5,에탄올,에탄올,원본과 대조,손대지 않음 (원본이 그렇게 적음),2026-09-18
나바켐 적색,msds-pdf-306f4ca012db5ce6,"pdf/00_ 사출/나바켐(NAVAKEM), 남방CNA(주)/락카스프레이/나바켐 - 적색 MSDS.pdf",2,108-10-1,메틸 이소부틸 케톤,메틸 이소부틸 케톤,원본과 대조,손대지 않음 (원본이 그렇게 적음),2026-09-18
나바켐 적색,msds-pdf-306f4ca012db5ce6,"pdf/00_ 사출/나바켐(NAVAKEM), 남방CNA(주)/락카스프레이/나바켐 - 적색 MSDS.pdf",2,108-88-3,톨루엔,톨루엔,원본과 대조,손대지 않음 (원본이 그렇게 적음),2026-09-18
나바켐 적색,msds-pdf-306f4ca012db5ce6,"pdf/00_ 사출/나바켐(NAVAKEM), 남방CNA(주)/락카스프레이/나바켐 - 적색 MSDS.pdf",2,111-76-2,2-부톡시에탄올,2-부톡시에탄올,원본과 대조,손대지 않음 (원본이 그렇게 적음),2026-09-18
나바켐 적색,msds-pdf-306f4ca012db5ce6,"pdf/00_ 사출/나바켐(NAVAKEM), 남방CNA(주)/락카스프레이/나바켐 - 적색 MSDS.pdf",2,123-86-4,초산 부틸,초산 부틸,원본과 대조,손대지 않음 (원본이 그렇게 적음),2026-09-18
나바켐 적색,msds-pdf-306f4ca012db5ce6,"pdf/00_ 사출/나바켐(NAVAKEM), 남방CNA(주)/락카스프레이/나바켐 - 적색 MSDS.pdf",2,1330-20-7,크실렌,크실렌,원본과 대조,손대지 않음 (원본이 그렇게 적음),2026-09-18
나바켐 적색,msds-pdf-306f4ca012db5ce6,"pdf/00_ 사출/나바켐(NAVAKEM), 남방CNA(주)/락카스프레이/나바켐 - 적색 MSDS.pdf",3,79-20-9,초산 메틸,초산 메틸,원본과 대조,손대지 않음 (원본이 그렇게 적음),2026-09-18
나바켐 적색,msds-pdf-306f4ca012db5ce6,"pdf/00_ 사출/나바켐(NAVAKEM), 남방CNA(주)/락카스프레이/나바켐 - 적색 MSDS.pdf",3,108-94-1,시클로헥사논,시클로헥사논,원본과 대조,손대지 않음 (원본이 그렇게 적음),2026-09-18
나바켐 적색,msds-pdf-306f4ca012db5ce6,"pdf/00_ 사출/나바켐(NAVAKEM), 남방CNA(주)/락카스프레이/나바켐 - 적색 MSDS.pdf",3,115-10-6,다이메틸 에테르,메틸 에테르(METHYL ETHER);,원본과 대조,손대지 않음 (원본이 그렇게 적음),2026-09-18
나바켐 적색,msds-pdf-306f4ca012db5ce6,"pdf/00_ 사출/나바켐(NAVAKEM), 남방CNA(주)/락카스프레이/나바켐 - 적색 MSDS.pdf",3,122-99-6,에틸렌 글리콜 페닐 에테르,에틸렌 글리콜 페닐 에테르,원본과 대조,손대지 않음 (원본이 그렇게 적음),2026-09-18
나바켐 적색,msds-pdf-306f4ca012db5ce6,"pdf/00_ 사출/나바켐(NAVAKEM), 남방CNA(주)/락카스프레이/나바켐 - 적색 MSDS.pdf",3,5280-66-0,C.I. 색소 적색 48:4,적색 색소(C.I. pigment red 48:4),원본과 대조,손대지 않음 (원본과 표기만 다름),2026-09-18
나바켐 적색,msds-pdf-306f4ca012db5ce6,"pdf/00_ 사출/나바켐(NAVAKEM), 남방CNA(주)/락카스프레이/나바켐 - 적색 MSDS.pdf",3,74-98-6,프로페인,다이메틸메테인(Dimethylmethane),원본과 대조,손대지 않음 (원본과 표기만 다름),2026-09-18
나바켐 적색,msds-pdf-306f4ca012db5ce6,"pdf/00_ 사출/나바켐(NAVAKEM), 남방CNA(주)/락카스프레이/나바켐 - 적색 MSDS.pdf",3,8050-26-8,"로신; 에스테르 WITH 2,2-비스(하이드록시메틸)-1,3-프로판디올",플로랄105(FLORAL105);,원본과 대조,손대지 않음 (원본과 표기만 다름),2026-09-18
나바켐 적색,msds-pdf-306f4ca012db5ce6,"pdf/00_ 사출/나바켐(NAVAKEM), 남방CNA(주)/락카스프레이/나바켐 - 적색 MSDS.pdf",3,9003-11-6,폴리에틸렌-폴리프로필렌 글리콜,폴리옥시에틸렌-폴리옥시프로필렌 BLOCK,원본과 대조,손대지 않음 (원본과 표기만 다름),2026-09-18
나바켐 적색,msds-pdf-306f4ca012db5ce6,"pdf/00_ 사출/나바켐(NAVAKEM), 남방CNA(주)/락카스프레이/나바켐 - 적색 MSDS.pdf",3,125542-65-6,알키드 수지,알키드 수지,원본과 대조,손대지 않음 (원본이 그렇게 적음),2026-09-18
SUPOL HR530U,msds-pdf-3b92d1fa1c9a3177,pdf/현대ep/HR530U MSDS(GHS)__2023.10.10(최초).pdf,2,31570-04-4,"(2,4-DI-TERT-BUTYLPHENOL",IRGAFOS 168,원본과 대조,손대지 않음 (원본 줄에서 이름 칸을 놓침),2026-09-18
SUPOL HR530U,msds-pdf-3b92d1fa1c9a3177,pdf/현대ep/HR530U MSDS(GHS)__2023.10.10(최초).pdf,2,167078-06-0,"(Fatty acids, 2,2,6,6-Tetra",Tetrahydroxybenzophene,원본과 대조,손대지 않음 (원본 줄에서 이름 칸을 놓침),2026-09-18
SUPOL HR530U,msds-pdf-3b92d1fa1c9a3177,pdf/현대ep/HR530U MSDS(GHS)__2023.10.10(최초).pdf,2,9010-79-1,Ethylene-Propylene copolymer,에틸렌-프로필렌 공중합체(ETHYLENE-PROPYLENE COPOLYMER),원본과 대조,손대지 않음 (원본과 표기만 다름),2026-09-18
SUPOL HR530U,msds-pdf-3b92d1fa1c9a3177,pdf/현대ep/HR530U MSDS(GHS)__2023.10.10(최초).pdf,2,25087-34-7,"1-Butene, polymer with ethene","Butene, polymer with ethene Polyolefin elastomer,",원본과 대조,손대지 않음 (원본이 그렇게 적음),2026-09-18
SUPOL HR530U,msds-pdf-3b92d1fa1c9a3177,pdf/현대ep/HR530U MSDS(GHS)__2023.10.10(최초).pdf,2,14807-96-6,"Talc, Non-asbestis form",활석(석면 불포함),원본과 대조,손대지 않음 (원본과 표기만 다름),2026-09-18
SUPOL HR530U,msds-pdf-3b92d1fa1c9a3177,pdf/현대ep/HR530U MSDS(GHS)__2023.10.10(최초).pdf,2,9003-07-0,Polypropylene,Polypropane,원본과 대조,손대지 않음 (원본과 표기만 다름),2026-09-18
용접재료 (알루미늄 와이어),msds-pdf-3f2506c20209fd62,pdf/알코텍(AL-TECH)/TIG 5356 알루미늄 티그봉.pdf,2,7429-90-5,알루미늄,알루미늄 자료없음 >90,원본과 대조,손대지 않음 (원본이 그렇게 적음),2026-09-18
용접재료 (알루미늄 와이어),msds-pdf-3f2506c20209fd62,pdf/알코텍(AL-TECH)/TIG 5356 알루미늄 티그봉.pdf,2,7439-89-6,철 자료없음,철 자료없음 <1,원본과 대조,손대지 않음 (원본이 그렇게 적음),2026-09-18
용접재료 (알루미늄 와이어),msds-pdf-3f2506c20209fd62,pdf/알코텍(AL-TECH)/TIG 5356 알루미늄 티그봉.pdf,2,7439-95-4,마그네슘,마그네슘 MAGNESIUM METAL 4.5-5.5,원본과 대조,손대지 않음 (원본이 그렇게 적음),2026-09-18
용접재료 (알루미늄 와이어),msds-pdf-3f2506c20209fd62,pdf/알코텍(AL-TECH)/TIG 5356 알루미늄 티그봉.pdf,2,7440-21-3,실리콘,실리콘 자료없음 <1,원본과 대조,손대지 않음 (원본이 그렇게 적음),2026-09-18
MK XTeer Therm 46S,msds-pdf-48f0afe382fbccab,pdf/현대오일뱅크(주)/MK_XTeer Therm 46S_MSDS.pdf,2,64742-54-7,수소처리된 중질 파라핀 증류액 (석유),수소처리된 중질 파라핀 증류액 (석유) 수소처리된 중질 파라핀 증류,원본과 대조,손대지 않음 (원본이 그렇게 적음),2026-09-18
피비원(PB-1),msds-pdf-52d86cde38911013,pdf/파이씨스(파워피엔비)/피비원(PB-1)_MSDS.pdf,1,1310-73-2,Sodium hydroxide,Sodium hydroxide,원본과 대조,손대지 않음 (원본이 그렇게 적음),2026-09-18
피비원(PB-1),msds-pdf-52d86cde38911013,pdf/파이씨스(파워피엔비)/피비원(PB-1)_MSDS.pdf,,10213-79-3,,Sodium metasilicate pentahydrate,원본과 대조,손대지 않음 (원본에서 못 찾음),2026-09-18
피비원(PB-1),msds-pdf-52d86cde38911013,pdf/파이씨스(파워피엔비)/피비원(PB-1)_MSDS.pdf,1,7732-18-5,Water,Water,원본과 대조,손대지 않음 (원본이 그렇게 적음),2026-09-18
피비원(PB-1),msds-pdf-52d86cde38911013,pdf/파이씨스(파워피엔비)/피비원(PB-1)_MSDS.pdf,1,9002-93-1,Octoxinol,Octoxinol,원본과 대조,손대지 않음 (원본이 그렇게 적음),2026-09-18
피비원(PB-1),msds-pdf-52d86cde38911013,pdf/파이씨스(파워피엔비)/피비원(PB-1)_MSDS.pdf,1,112-34-5,Diethylene Glycol Monobutyl Ether,Diethylene Glycol Monobutyl Ether,원본과 대조,손대지 않음 (원본이 그렇게 적음),2026-09-18
프로판(Propane) 석유화학 및 산업용,msds-pdf-53b098ac5f0be241,pdf/액화석유가스(LPG)/E1_프로판(Propane)_석유화학+및+산업용+MSDS_250516.pdf,2,74-98-6,프로판(Propane),프로판(Propane),원본과 대조,손대지 않음 (원본이 그렇게 적음),2026-09-18
프로판(Propane) 석유화학 및 산업용,msds-pdf-53b098ac5f0be241,pdf/액화석유가스(LPG)/E1_프로판(Propane)_석유화학+및+산업용+MSDS_250516.pdf,2,74-84-0,에탄(Ethane),에탄(Ethane),원본과 대조,손대지 않음 (원본이 그렇게 적음),2026-09-18
부탄(Butane) 석유화학 및 산업용,msds-pdf-5e875f5e2847e4d0,pdf/액화석유가스(LPG)/E1_부탄(Butane)+석유화학+및+산업용+MSDS_240422.pdf,2,74-98-6,프로판(Propane),프로판(Propane),원본과 대조,손대지 않음 (원본이 그렇게 적음),2026-09-18
부탄(Butane) 석유화학 및 산업용,msds-pdf-5e875f5e2847e4d0,pdf/액화석유가스(LPG)/E1_부탄(Butane)+석유화학+및+산업용+MSDS_240422.pdf,2,78-78-4,이소펜탄(Iso-Pentane),이소펜탄(Iso-Pentane),원본과 대조,손대지 않음 (원본이 그렇게 적음),2026-09-18
해피홈에어로솔수성(무향) Rav,msds-pdf-65ea6911134f71e5,pdf/홈키파/해피홈에어로솔수성(무향)_MSDS_Rav.pdf,3,7558-79-4,"인산 나트륨, 이염기",인산 이나트륨(DISODIUM PHOSPHATE);,원본과 대조,손대지 않음 (원본과 표기만 다름),2026-09-18
해피홈에어로솔수성(무향) Rav,msds-pdf-65ea6911134f71e5,pdf/홈키파/해피홈에어로솔수성(무향)_MSDS_Rav.pdf,3,7732-18-5,물(WATER),디수소 산화물(DIHYDROGEN OXIDE);,원본과 대조,손대지 않음 (원본과 표기만 다름),2026-09-18
해피홈에어로솔수성(무향) Rav,msds-pdf-65ea6911134f71e5,pdf/홈키파/해피홈에어로솔수성(무향)_MSDS_Rav.pdf,3,7778-77-0,인산 칼륨 일염기성,PHOSPHATE);,원본과 대조,손대지 않음 (원본과 표기만 다름),2026-09-18
UT5800-A-SILVER(XAA)(개선),msds-pdf-6cbf2ae6e822558d,pdf/GGM 상주원/[KCC] SILVER(XAA).pdf,3,108-10-1,4-메틸-2-펜탄온,4-메틸-2-펜탄온,원본과 대조,손대지 않음 (원본이 그렇게 적음),2026-09-18
UT5800-A-SILVER(XAA)(개선),msds-pdf-6cbf2ae6e822558d,pdf/GGM 상주원/[KCC] SILVER(XAA).pdf,3,108-88-3,톨루엔,타시드 ; 톨루올 ; 1-메틸벤젠 / KE-33936,원본과 대조,손대지 않음 (원본과 표기만 다름),2026-09-18
UT5800-A-SILVER(XAA)(개선),msds-pdf-6cbf2ae6e822558d,pdf/GGM 상주원/[KCC] SILVER(XAA).pdf,3,123-86-4,n-뷰틸 아세테이트,n-뷰틸 아세테이트,원본과 대조,손대지 않음 (원본이 그렇게 적음),2026-09-18
UT5800-A-SILVER(XAA)(개선),msds-pdf-6cbf2ae6e822558d,pdf/GGM 상주원/[KCC] SILVER(XAA).pdf,3,1330-20-7,자일렌,자일렌 자일롤 ; 메틸톨루엔 ; 다이메틸벤젠 / KE-35427,원본과 대조,손대지 않음 (원본이 그렇게 적음),2026-09-18
UT5800-A-SILVER(XAA)(개선),msds-pdf-6cbf2ae6e822558d,pdf/GGM 상주원/[KCC] SILVER(XAA).pdf,3,108-65-6,프로필렌 글라이콜 모노메틸 에테르 아세트산,톡시프로판-2-일 아세트산 / KE-23315,원본과 대조,손대지 않음 (원본과 표기만 다름),2026-09-18
UT5800-A-SILVER(XAA)(개선),msds-pdf-6cbf2ae6e822558d,pdf/GGM 상주원/[KCC] SILVER(XAA).pdf,3,7429-90-5,알루미늄,알루미늄,원본과 대조,손대지 않음 (원본이 그렇게 적음),2026-09-18
UT5800-A-SILVER(XAA)(개선),msds-pdf-6cbf2ae6e822558d,pdf/GGM 상주원/[KCC] SILVER(XAA).pdf,3,64-17-5,에탄올,에탄올,원본과 대조,손대지 않음 (원본이 그렇게 적음),2026-09-18
UT5800-A-SILVER(XAA)(개선),msds-pdf-6cbf2ae6e822558d,pdf/GGM 상주원/[KCC] SILVER(XAA).pdf,3,1119-40-0,펜테인이산 다이메틸,펜테인이산 다이메틸,원본과 대조,손대지 않음 (원본이 그렇게 적음),2026-09-18
UT5800-A-SILVER(XAA)(개선),msds-pdf-6cbf2ae6e822558d,pdf/GGM 상주원/[KCC] SILVER(XAA).pdf,3,9004-70-0,나이트로셀룰로스,나이트로셀룰로스 셀룰로스 나이트레이트 ; 콜로디온 ; / KE-25980,원본과 대조,손대지 않음 (원본이 그렇게 적음),2026-09-18
UT5800-A-SILVER(XAA)(개선),msds-pdf-6cbf2ae6e822558d,pdf/GGM 상주원/[KCC] SILVER(XAA).pdf,3,64742-95-6,방향족 경질 나프타 용매 (석유),방향족 경질 나프타 용매(석유) 나프타 / KE-31662,원본과 대조,손대지 않음 (원본이 그렇게 적음),2026-09-18
UT5800-A-SILVER(XAA)(개선),msds-pdf-6cbf2ae6e822558d,pdf/GGM 상주원/[KCC] SILVER(XAA).pdf,3,100-41-4,에틸벤젠,페닐에테인 / KE-13532 미만,원본과 대조,손대지 않음 (원본과 표기만 다름),2026-09-18
UT5800-A-SILVER(XAA)(개선),msds-pdf-6cbf2ae6e822558d,pdf/GGM 상주원/[KCC] SILVER(XAA).pdf,3,64742-48-9,수소처리된 중질 나프타 (석유),수소처리된 중질 나프타 (석유) 나프타 / KE-25622 미만,원본과 대조,손대지 않음 (원본이 그렇게 적음),2026-09-18
UT5800-A-SILVER(XAA)(개선),msds-pdf-6cbf2ae6e822558d,pdf/GGM 상주원/[KCC] SILVER(XAA).pdf,4,1333-86-4,카본 블랙,블랙 / KE-04682 미만,원본과 대조,손대지 않음 (원본과 표기만 다름),2026-09-18
부탄(Butane),msds-pdf-7570ffa55f692a8b,pdf/부탄.pdf,2,106-97-8,Butane,Butane 자료없음 자료없음 자료없음 100,원본과 대조,손대지 않음 (원본이 그렇게 적음),2026-09-18
프로판(Propane),msds-pdf-79c7cd1ffffaab96,pdf/프로판.pdf,2,74-98-6,Propane,Propane 프로페인 자료없음 자료없음 100,원본과 대조,손대지 않음 (원본이 그렇게 적음),2026-09-18
LPG(혼합) 태경ECO(주),msds-pdf-7aeec8c87fe01629,pdf/액화석유가스(LPG)/LPG(혼합)_태경ECO(주).pdf,,68476-85-7,,번 호,표 머리글,손대지 않음 (원본에서 못 찾음),2026-09-18
캉가루 구두약 (가정용),msds-pdf-838acfd9993bcf72,pdf/캉가루(구두약)/캉가루구두약_가정용_MSDS-ver04.pdf,1,9002-88-4,폴리에틸렌(POLYETHYLENE),"폴 리 에 틸 렌 (POLYETHYLENE) 에 텐 , 단 일 중 합 체 (Ethene, hom opolym er)",원본과 대조,손대지 않음 (원본이 그렇게 적음),2026-09-18
캉가루 구두약 (가정용),msds-pdf-838acfd9993bcf72,pdf/캉가루(구두약)/캉가루구두약_가정용_MSDS-ver04.pdf,1,8001-78-3,"피마자 기름, 수소화된(CASTOR OIL,HYDROGENATED)","피 마 자 기 름 , 수 소 화 된 (TOR OIL, HYDROGENATED) 캐 스 터 왁 스 (TORW AX);",원본과 대조,손대지 않음 (원본이 그렇게 적음),2026-09-18
캉가루 구두약 (가정용),msds-pdf-838acfd9993bcf72,pdf/캉가루(구두약)/캉가루구두약_가정용_MSDS-ver04.pdf,1,64742-82-1,수소탈황화된 중질 나프타 (석유),수소탈황된 중질 나프타 (석유),원본과 대조,손대지 않음 (원본과 표기만 다름),2026-09-18
캉가루 구두약 (가정용),msds-pdf-838acfd9993bcf72,pdf/캉가루(구두약)/캉가루구두약_가정용_MSDS-ver04.pdf,1,8002-74-2,고형 파라핀 흄,고 형 파 라 핀 흄,원본과 대조,손대지 않음 (원본이 그렇게 적음),2026-09-18
캉가루 구두약 (가정용),msds-pdf-838acfd9993bcf72,pdf/캉가루(구두약)/캉가루구두약_가정용_MSDS-ver04.pdf,1,8001-78-3,"피마자 기름, 수소화된(CASTOR OIL,HYDROGENATED)","피마자 기름, 수소화된(CASTOR OIL,HYDROGENATED)",원본과 대조,손대지 않음 (원본이 그렇게 적음),2026-09-18
캉가루 구두약 (가정용),msds-pdf-838acfd9993bcf72,pdf/캉가루(구두약)/캉가루구두약_가정용_MSDS-ver04.pdf,4,91845-19-1,"(CASTOR OIL,HYDROGENATED)",)),표 머리글,손대지 않음 (원본 줄에서 이름 칸을 놓침),2026-09-18
캉가루 구두약 (가정용),msds-pdf-838acfd9993bcf72,pdf/캉가루(구두약)/캉가루구두약_가정용_MSDS-ver04.pdf,5,91052-13-0,"(CASTOR OIL,HYDROGENATED) TG 473,GLP,유사물질","(AEL = 1000m g/kg bw/day,OECD TG 422, GLP,유 사 물 질 )",원본과 대조,손대지 않음 (원본 줄에서 이름 칸을 놓침),2026-09-18
캉가루 구두약 (가정용),msds-pdf-838acfd9993bcf72,pdf/캉가루(구두약)/캉가루구두약_가정용_MSDS-ver04.pdf,5,91052-13-0,"(CASTOR OIL,HYDROGENATED) TG 473,GLP,유사물질","bw/day)(OECD Guideline 422, GLP)(유 사 물 질 )",원본과 대조,손대지 않음 (원본 줄에서 이름 칸을 놓침),2026-09-18
캉가루 구두약 (가정용),msds-pdf-838acfd9993bcf72,pdf/캉가루(구두약)/캉가루구두약_가정용_MSDS-ver04.pdf,5,91052-13-0,"(CASTOR OIL,HYDROGENATED) TG 473,GLP,유사물질","TG 473, GLP,유 사 물 질 )",원본과 대조,손대지 않음 (원본 줄에서 이름 칸을 놓침),2026-09-18
캉가루 구두약 (가정용),msds-pdf-838acfd9993bcf72,pdf/캉가루(구두약)/캉가루구두약_가정용_MSDS-ver04.pdf,5,8001-79-4,CAS no,피마자유(Castor oil),원본과 대조,손대지 않음 (원본 줄도 깨끗하지 않음),2026-09-18
캉가루 구두약 (가정용),msds-pdf-838acfd9993bcf72,pdf/캉가루(구두약)/캉가루구두약_가정용_MSDS-ver04.pdf,6,65381-09-1,"(CASTOR OIL, HYDROGENATED)",),표 머리글,손대지 않음 (원본 줄에서 이름 칸을 놓침),2026-09-18
캉가루 구두약 (가정용),msds-pdf-838acfd9993bcf72,pdf/캉가루(구두약)/캉가루구두약_가정용_MSDS-ver04.pdf,6,67701-30-8,"(CASTOR OIL, HYDROGENATED)",질 )),너무 짧음,손대지 않음 (원본 줄에서 이름 칸을 놓침),2026-09-18
UT5731-SRM(GGM)(FRT),msds-pdf-99c0868aa28d0e46,pdf/GGM 상주원/[KCC] SRM.pdf,3,123-86-4,n-뷰틸 아세테이트,n-뷰틸 아세테이트,원본과 대조,손대지 않음 (원본이 그렇게 적음),2026-09-18
UT5731-SRM(GGM)(FRT),msds-pdf-99c0868aa28d0e46,pdf/GGM 상주원/[KCC] SRM.pdf,3,1330-20-7,자일렌,자일렌 자일롤 ; 메틸톨루엔 ; 다이메틸벤젠 / KE-35427,원본과 대조,손대지 않음 (원본이 그렇게 적음),2026-09-18
UT5731-SRM(GGM)(FRT),msds-pdf-99c0868aa28d0e46,pdf/GGM 상주원/[KCC] SRM.pdf,3,108-88-3,톨루엔,타시드 ; 톨루올 ; 1-메틸벤젠 / KE-33936,원본과 대조,손대지 않음 (원본과 표기만 다름),2026-09-18
UT5731-SRM(GGM)(FRT),msds-pdf-99c0868aa28d0e46,pdf/GGM 상주원/[KCC] SRM.pdf,3,9004-36-8,셀룰로스 아세테이트 뷰틸레이트,셀룰로스 아세테이트 뷰틸레이트,원본과 대조,손대지 않음 (원본이 그렇게 적음),2026-09-18
UT5731-SRM(GGM)(FRT),msds-pdf-99c0868aa28d0e46,pdf/GGM 상주원/[KCC] SRM.pdf,3,190524-92-6,"Styrene, 2-hydroxyethyl methacrylate,",자료없음 / KE-32296,원본과 대조,손대지 않음 (원본과 표기만 다름),2026-09-18
UT5731-SRM(GGM)(FRT),msds-pdf-99c0868aa28d0e46,pdf/GGM 상주원/[KCC] SRM.pdf,3,108-65-6,프로필렌 글라이콜 모노메틸 에테르 아세트산,톡시프로판-2-일 아세트산 / KE-23315,원본과 대조,손대지 않음 (원본과 표기만 다름),2026-09-18
UT5731-SRM(GGM)(FRT),msds-pdf-99c0868aa28d0e46,pdf/GGM 상주원/[KCC] SRM.pdf,3,1309-37-1,삼산화 이철,안료 레드 101 / KE-10897,원본과 대조,손대지 않음 (원본과 표기만 다름),2026-09-18
UT5731-SRM(GGM)(FRT),msds-pdf-99c0868aa28d0e46,pdf/GGM 상주원/[KCC] SRM.pdf,3,106276-80-6,C.I. 염료 황색 110,C.I. 염료 황색 110 C.I. PIGMENT YELLOW 110 / KE-33287,원본과 대조,손대지 않음 (원본이 그렇게 적음),2026-09-18
UT5731-SRM(GGM)(FRT),msds-pdf-99c0868aa28d0e46,pdf/GGM 상주원/[KCC] SRM.pdf,3,100-41-4,에틸벤젠,페닐에테인 / KE-13532,원본과 대조,손대지 않음 (원본과 표기만 다름),2026-09-18
UT5731-SRM(GGM)(FRT),msds-pdf-99c0868aa28d0e46,pdf/GGM 상주원/[KCC] SRM.pdf,3,64742-82-1,수소탈황된 중질 나프타 (석유),수소탈황된 중질 나프타 (석유),원본과 대조,손대지 않음 (원본이 그렇게 적음),2026-09-18
UT5731-SRM(GGM)(FRT),msds-pdf-99c0868aa28d0e46,pdf/GGM 상주원/[KCC] SRM.pdf,3,141-78-6,아세트산 에틸,아세트산 에틸,원본과 대조,손대지 않음 (원본이 그렇게 적음),2026-09-18
UT5731-SRM(GGM)(FRT),msds-pdf-99c0868aa28d0e46,pdf/GGM 상주원/[KCC] SRM.pdf,3,7429-90-5,알루미늄,알루미늄,원본과 대조,손대지 않음 (원본이 그렇게 적음),2026-09-18
UT5731-SRM(GGM)(FRT),msds-pdf-99c0868aa28d0e46,pdf/GGM 상주원/[KCC] SRM.pdf,3,142-82-5,n-헵테인,드 ; / KE-18271,원본과 대조,손대지 않음 (원본과 표기만 다름),2026-09-18
UT5731-SRM(GGM)(FRT),msds-pdf-99c0868aa28d0e46,pdf/GGM 상주원/[KCC] SRM.pdf,4,127519-17-9,Mixture of branched and linear alkyl(C=7-9)3-[5-tert-Butyl-3-(2H,/ 97-3-501,숫자만,손대지 않음 (원본 줄이 중간에서 잘림),2026-09-18
UT5731-SRM(GGM)(FRT),msds-pdf-99c0868aa28d0e46,pdf/GGM 상주원/[KCC] SRM.pdf,4,67-63-0,2-프로판올,2-프로판올,원본과 대조,손대지 않음 (원본이 그렇게 적음),2026-09-18
UT5731-SRM(GGM)(FRT),msds-pdf-99c0868aa28d0e46,pdf/GGM 상주원/[KCC] SRM.pdf,4,108-10-1,4-메틸-2-펜탄온,4-메틸-2-펜탄온,원본과 대조,손대지 않음 (원본이 그렇게 적음),2026-09-18
UT5731-SRM(GGM)(FRT),msds-pdf-99c0868aa28d0e46,pdf/GGM 상주원/[KCC] SRM.pdf,4,64742-95-6,방향족 경질 나프타 용매 (석유),방향족 경질 나프타 용매(석유) 나프타 / KE-31662 미만,원본과 대조,손대지 않음 (원본이 그렇게 적음),2026-09-18
UT5700-YFB(1K),msds-pdf-9c13bfc18fd404a8,pdf/GGM 상주원/[KCC] YFB.pdf,3,108-10-1,4-메틸-2-펜탄온,4-메틸-2-펜탄온,원본과 대조,손대지 않음 (원본이 그렇게 적음),2026-09-18
UT5700-YFB(1K),msds-pdf-9c13bfc18fd404a8,pdf/GGM 상주원/[KCC] YFB.pdf,3,108-88-3,톨루엔,타시드 ; 톨루올 ; 1-메틸벤젠 / KE-33936,원본과 대조,손대지 않음 (원본과 표기만 다름),2026-09-18
UT5700-YFB(1K),msds-pdf-9c13bfc18fd404a8,pdf/GGM 상주원/[KCC] YFB.pdf,3,123-86-4,n-뷰틸 아세테이트,n-뷰틸 아세테이트,원본과 대조,손대지 않음 (원본이 그렇게 적음),2026-09-18
UT5700-YFB(1K),msds-pdf-9c13bfc18fd404a8,pdf/GGM 상주원/[KCC] YFB.pdf,3,1330-20-7,자일렌,자일렌 자일롤 ; 메틸톨루엔 ; 다이메틸벤젠 / KE-35427,원본과 대조,손대지 않음 (원본이 그렇게 적음),2026-09-18
UT5700-YFB(1K),msds-pdf-9c13bfc18fd404a8,pdf/GGM 상주원/[KCC] YFB.pdf,3,108-65-6,프로필렌 글라이콜 모노메틸 에테르 아세트산,톡시프로판-2-일 아세트산 / KE-23315,원본과 대조,손대지 않음 (원본과 표기만 다름),2026-09-18
UT5700-YFB(1K),msds-pdf-9c13bfc18fd404a8,pdf/GGM 상주원/[KCC] YFB.pdf,3,64-17-5,에탄올,에탄올,원본과 대조,손대지 않음 (원본이 그렇게 적음),2026-09-18
UT5700-YFB(1K),msds-pdf-9c13bfc18fd404a8,pdf/GGM 상주원/[KCC] YFB.pdf,3,9004-70-0,나이트로셀룰로스,나이트로셀룰로스 셀룰로스 나이트레이트 ; 콜로디온 ; / KE-25980,원본과 대조,손대지 않음 (원본이 그렇게 적음),2026-09-18
UT5700-YFB(1K),msds-pdf-9c13bfc18fd404a8,pdf/GGM 상주원/[KCC] YFB.pdf,3,1333-86-4,카본 블랙,블랙 / KE-04682,원본과 대조,손대지 않음 (원본과 표기만 다름),2026-09-18
UT5700-YFB(1K),msds-pdf-9c13bfc18fd404a8,pdf/GGM 상주원/[KCC] YFB.pdf,3,9004-36-8,셀룰로스 아세테이트 뷰틸레이트,셀룰로스 아세테이트 뷰틸레이트,원본과 대조,손대지 않음 (원본이 그렇게 적음),2026-09-18
UT5700-YFB(1K),msds-pdf-9c13bfc18fd404a8,pdf/GGM 상주원/[KCC] YFB.pdf,3,190524-92-6,"Styrene, 2-hydroxyethyl methacrylate,",자료없음 / KE-32296,원본과 대조,손대지 않음 (원본과 표기만 다름),2026-09-18
UT5700-YFB(1K),msds-pdf-9c13bfc18fd404a8,pdf/GGM 상주원/[KCC] YFB.pdf,3,1119-40-0,펜테인이산 다이메틸,펜테인이산 다이메틸,원본과 대조,손대지 않음 (원본이 그렇게 적음),2026-09-18
UT5700-YFB(1K),msds-pdf-9c13bfc18fd404a8,pdf/GGM 상주원/[KCC] YFB.pdf,3,100-41-4,에틸벤젠,페닐에테인 / KE-13532 미만,원본과 대조,손대지 않음 (원본과 표기만 다름),2026-09-18
UT5700-YFB(1K),msds-pdf-9c13bfc18fd404a8,pdf/GGM 상주원/[KCC] YFB.pdf,3,111-76-2,2-뷰톡시에탄올,2-뷰톡시에탄올,원본과 대조,손대지 않음 (원본이 그렇게 적음),2026-09-18
Kixx Grease EP 0,msds-pdf-a13a665c2e940b35,pdf/00_ 사출/GS칼텍스/Kixx Grease EP 0.pdf,,64742-54-7,,유제 오일 KE-12546,원본과 대조,손대지 않음 (원본에서 못 찾음),2026-09-18
Kixx Grease EP 0,msds-pdf-a13a665c2e940b35,pdf/00_ 사출/GS칼텍스/Kixx Grease EP 0.pdf,,64741-96-4,,KE-12611,원본과 대조,손대지 않음 (원본에서 못 찾음),2026-09-18
Kixx Grease EP 0,msds-pdf-a13a665c2e940b35,pdf/00_ 사출/GS칼텍스/Kixx Grease EP 0.pdf,,9003-27-4,,Polyisobutylene KE-28918,원본과 대조,손대지 않음 (원본에서 못 찾음),2026-09-18
Kixx Grease EP 0,msds-pdf-a13a665c2e940b35,pdf/00_ 사출/GS칼텍스/Kixx Grease EP 0.pdf,,7620-77-1,,리튬금속비누,원본과 대조,손대지 않음 (원본에서 못 찾음),2026-09-18
Kixx Grease EP 0,msds-pdf-a13a665c2e940b35,pdf/00_ 사출/GS칼텍스/Kixx Grease EP 0.pdf,,68457-79-4,,KE-28665,원본과 대조,손대지 않음 (원본에서 못 찾음),2026-09-18
Kixx Grease EP 0,msds-pdf-a13a665c2e940b35,pdf/00_ 사출/GS칼텍스/Kixx Grease EP 0.pdf,,57-11-4,,KE-26333,원본과 대조,손대지 않음 (원본에서 못 찾음),2026-09-18
Kixx Grease EP 0,msds-pdf-a13a665c2e940b35,pdf/00_ 사출/GS칼텍스/Kixx Grease EP 0.pdf,,68411-58-5,,KE-12930,원본과 대조,손대지 않음 (원본에서 못 찾음),2026-09-18
Kixx Grease EP 0,msds-pdf-a13a665c2e940b35,pdf/00_ 사출/GS칼텍스/Kixx Grease EP 0.pdf,,64742-55-8,,KE-12553,원본과 대조,손대지 않음 (원본에서 못 찾음),2026-09-18
Kixx Grease EP 0,msds-pdf-a13a665c2e940b35,pdf/00_ 사출/GS칼텍스/Kixx Grease EP 0.pdf,,64742-65-0,,KE-12602,원본과 대조,손대지 않음 (원본에서 못 찾음),2026-09-18
Kixx Grease EP 0,msds-pdf-a13a665c2e940b35,pdf/00_ 사출/GS칼텍스/Kixx Grease EP 0.pdf,,64742-56-9,,KE-12609,원본과 대조,손대지 않음 (원본에서 못 찾음),2026-09-18
Kixx Grease EP 0,msds-pdf-a13a665c2e940b35,pdf/00_ 사출/GS칼텍스/Kixx Grease EP 0.pdf,,7173-62-8,,propanediamine KE-26547,원본과 대조,손대지 않음 (원본에서 못 찾음),2026-09-18
썬 라이타 가스,msds-pdf-a26053814f066ef9,pdf/태양(SUN)/썬 라이타 가스 MSDS.pdf,2,75-28-5,이소부탄,이소부탄(ISOBUTANE) / 2-메틸 프로판(2-METHYL PROPANE),원본과 대조,손대지 않음 (원본이 그렇게 적음),2026-09-18
썬 라이타 가스,msds-pdf-a26053814f066ef9,pdf/태양(SUN)/썬 라이타 가스 MSDS.pdf,2,106-97-8,부탄 (Butadiene 함유량 0.1% 미만),노말 뷰테인(BUTANE),원본과 대조,손대지 않음 (원본 줄에 함유량이 섞임),2026-09-18
썬 라이타 가스,msds-pdf-a26053814f066ef9,pdf/태양(SUN)/썬 라이타 가스 MSDS.pdf,2,74-98-6,프로판,프로판(PROPANE),원본과 대조,손대지 않음 (원본이 그렇게 적음),2026-09-18
KC-28,msds-pdf-a54a4e462898861a,pdf/00_ 사출/고려용접봉/KC-28. 2021.12.14.pdf,3,7439-89-6,철(Iron) 환원철,철(Iron) 환원철 번호:,원본과 대조,손대지 않음 (원본이 그렇게 적음),2026-09-18
KC-28,msds-pdf-a54a4e462898861a,pdf/00_ 사출/고려용접봉/KC-28. 2021.12.14.pdf,3,7439-96-5,"망간(Manganese) Manganese, elemental / Manganese","망간(Manganese) Manganese, elemental / Manganese",원본과 대조,손대지 않음 (원본이 그렇게 적음),2026-09-18
KC-28,msds-pdf-a54a4e462898861a,pdf/00_ 사출/고려용접봉/KC-28. 2021.12.14.pdf,3,7440-21-3,"실리콘 금속(Silicon Metal) Silicon powder / Silicon powder,","실리콘 금속(Silicon Metal) Silicon powder / Silicon powder,",원본과 대조,손대지 않음 (원본이 그렇게 적음),2026-09-18
KC-28,msds-pdf-a54a4e462898861a,pdf/00_ 사출/고려용접봉/KC-28. 2021.12.14.pdf,3,7440-50-8,구리(Copper) C.I. 77400 / C.I. Pigment Metal 2 /,구리(Copper) C.I. 77400 / C.I. Pigment Metal 2 /,원본과 대조,손대지 않음 (원본이 그렇게 적음),2026-09-18
CTS-50 스틸 티그봉,msds-pdf-aff62f45049f6877,pdf/크레토스(cretos)/CTS-50 스틸 티그봉.pdf,2,7440-47-3,"Chromium Chromium metal / Chromium,","Chromium Chromium metal / Chromium,",원본과 대조,손대지 않음 (원본이 그렇게 적음),2026-09-18
CTS-50 스틸 티그봉,msds-pdf-aff62f45049f6877,pdf/크레토스(cretos)/CTS-50 스틸 티그봉.pdf,2,7440-50-8,Copper,Copper,원본과 대조,손대지 않음 (원본이 그렇게 적음),2026-09-18
CTS-50 스틸 티그봉,msds-pdf-aff62f45049f6877,pdf/크레토스(cretos)/CTS-50 스틸 티그봉.pdf,2,7440-21-3,"Silicon Silicon powder / Silicon powder,","Silicon Silicon powder / Silicon powder,",원본과 대조,손대지 않음 (원본이 그렇게 적음),2026-09-18
CTS-50 스틸 티그봉,msds-pdf-aff62f45049f6877,pdf/크레토스(cretos)/CTS-50 스틸 티그봉.pdf,2,7439-89-6,Iron 환원철,Iron 환원철 번호:,원본과 대조,손대지 않음 (원본이 그렇게 적음),2026-09-18
CTS-50 스틸 티그봉,msds-pdf-aff62f45049f6877,pdf/크레토스(cretos)/CTS-50 스틸 티그봉.pdf,2,7440-02-0,Nickel,Nickel,원본과 대조,손대지 않음 (원본이 그렇게 적음),2026-09-18
CTS-50 스틸 티그봉,msds-pdf-aff62f45049f6877,pdf/크레토스(cretos)/CTS-50 스틸 티그봉.pdf,2,7439-98-7,"Molybdenum Molybdenum metal / Molybdenum,","Molybdenum Molybdenum metal / Molybdenum,",원본과 대조,손대지 않음 (원본이 그렇게 적음),2026-09-18
CTS-50 스틸 티그봉,msds-pdf-aff62f45049f6877,pdf/크레토스(cretos)/CTS-50 스틸 티그봉.pdf,2,7439-96-5,"Manganese Manganese, elemental / Manganese","Manganese Manganese, elemental / Manganese",원본과 대조,손대지 않음 (원본이 그렇게 적음),2026-09-18
CTS-50 스틸 티그봉,msds-pdf-aff62f45049f6877,pdf/크레토스(cretos)/CTS-50 스틸 티그봉.pdf,2,7440-44-0,탄소,탄소 - 번호:,원본과 대조,손대지 않음 (원본 줄에서 이름이 너무 적게 잡힘),2026-09-18
CTS-50 스틸 티그봉,msds-pdf-aff62f45049f6877,pdf/크레토스(cretos)/CTS-50 스틸 티그봉.pdf,2,7704-34-9,Ammonium sulphate,"Ammonium sulphate - 번호: ,",원본과 대조,손대지 않음 (원본이 그렇게 적음),2026-09-18
CTS-50 스틸 티그봉,msds-pdf-aff62f45049f6877,pdf/크레토스(cretos)/CTS-50 스틸 티그봉.pdf,2,7723-14-0,인 CAS 번호:,인 - 번호:,원본과 대조,손대지 않음 (원본과 표기만 다름),2026-09-18
SMOKING 911(스모킹911),msds-pdf-b43e1258cdd26a33,pdf/연기 감지기 MSDS.pdf,2,63148-62-9,실리콘오일혼합물(Silicone oil compound),실리콘오일혼합물(Silicone oil compound),원본과 대조,손대지 않음 (원본이 그렇게 적음),2026-09-18
SMOKING 911(스모킹911),msds-pdf-b43e1258cdd26a33,pdf/연기 감지기 MSDS.pdf,2,74-98-6,프로판(Propane),프로판(Propane),원본과 대조,손대지 않음 (원본이 그렇게 적음),2026-09-18
SMOKING 911(스모킹911),msds-pdf-b43e1258cdd26a33,pdf/연기 감지기 MSDS.pdf,2,75-28-5,이소부탄(IsoButane),이소부탄(IsoButane),원본과 대조,손대지 않음 (원본이 그렇게 적음),2026-09-18
CASMOLY EP-OHQ(2),msds-pdf-c04f0260b76f1ff7,pdf/장암칼스(CALS)/EP-OHQ(2) GHS MSDS (rev.1).pdf,2,64742-57-0,"(Residual oils (petroleum),",") 수소처리된 잔사유 (석유)(Residual oils (petroleum),hydrotreated)수소처리된 잔사유, 석유(Residual oils, petroleum,hydrotreated)",원본과 대조,손대지 않음 (원본 줄에서 이름 칸을 놓침),2026-09-18
이소프로필 알코올 벌크(ISOPROPYL ALCOHOL BULK),msds-pdf-c198e71df3ae97f3,pdf/GGM 상주원/[LG화학] 이소프로필알코올(220518).pdf,3,67-63-0,2-Propanol,2-프로판올,원본과 대조,손대지 않음 (원본과 표기만 다름),2026-09-18
UT5731-TKS(GGM),msds-pdf-c30a4a45b677d34e,pdf/GGM 상주원/[KCC] TKS.pdf,3,123-86-4,n-뷰틸 아세테이트,n-뷰틸 아세테이트,원본과 대조,손대지 않음 (원본이 그렇게 적음),2026-09-18
UT5731-TKS(GGM),msds-pdf-c30a4a45b677d34e,pdf/GGM 상주원/[KCC] TKS.pdf,3,108-88-3,톨루엔,타시드 ; 톨루올 ; 1-메틸벤젠 / KE-33936,원본과 대조,손대지 않음 (원본과 표기만 다름),2026-09-18
UT5731-TKS(GGM),msds-pdf-c30a4a45b677d34e,pdf/GGM 상주원/[KCC] TKS.pdf,3,1330-20-7,자일렌,자일렌 자일롤 ; 메틸톨루엔 ; 다이메틸벤젠 / KE-35427,원본과 대조,손대지 않음 (원본이 그렇게 적음),2026-09-18
UT5731-TKS(GGM),msds-pdf-c30a4a45b677d34e,pdf/GGM 상주원/[KCC] TKS.pdf,3,13463-67-7,이산화 티타늄,소티타늄 ; 피그먼트 화이트 6 / KE-33900,원본과 대조,손대지 않음 (원본과 표기만 다름),2026-09-18
UT5731-TKS(GGM),msds-pdf-c30a4a45b677d34e,pdf/GGM 상주원/[KCC] TKS.pdf,3,9004-36-8,셀룰로스 아세테이트 뷰틸레이트,셀룰로스 아세테이트 뷰틸레이트,원본과 대조,손대지 않음 (원본이 그렇게 적음),2026-09-18
UT5731-TKS(GGM),msds-pdf-c30a4a45b677d34e,pdf/GGM 상주원/[KCC] TKS.pdf,3,108-65-6,프로필렌 글라이콜 모노메틸 에테르 아세트산,톡시프로판-2-일 아세트산 / KE-23315,원본과 대조,손대지 않음 (원본과 표기만 다름),2026-09-18
UT5731-TKS(GGM),msds-pdf-c30a4a45b677d34e,pdf/GGM 상주원/[KCC] TKS.pdf,3,190524-92-6,"Styrene, 2-hydroxyethyl methacrylate,",자료없음 / KE-32296,원본과 대조,손대지 않음 (원본과 표기만 다름),2026-09-18
UT5731-TKS(GGM),msds-pdf-c30a4a45b677d34e,pdf/GGM 상주원/[KCC] TKS.pdf,3,103818-85-5,"Hexane, 1,6-diisocyanato-, homopolymer, 자료없음","Hexane, 1,6-diisocyanato-, homopolymer, 자료없음",원본과 대조,손대지 않음 (원본이 그렇게 적음),2026-09-18
UT5731-TKS(GGM),msds-pdf-c30a4a45b677d34e,pdf/GGM 상주원/[KCC] TKS.pdf,3,141-78-6,아세트산 에틸,아세트산 에틸,원본과 대조,손대지 않음 (원본이 그렇게 적음),2026-09-18
UT5731-TKS(GGM),msds-pdf-c30a4a45b677d34e,pdf/GGM 상주원/[KCC] TKS.pdf,3,51274-00-1,수산화 산화 철 옐로우,수산화 산화 철 옐로우,원본과 대조,손대지 않음 (원본이 그렇게 적음),2026-09-18
UT5731-TKS(GGM),msds-pdf-c30a4a45b677d34e,pdf/GGM 상주원/[KCC] TKS.pdf,3,112-07-2,"2-뷰톡시에탄올, 아세테이트","2-뷰톡시에탄올, 아세테이트",원본과 대조,손대지 않음 (원본이 그렇게 적음),2026-09-18
UT5731-TKS(GGM),msds-pdf-c30a4a45b677d34e,pdf/GGM 상주원/[KCC] TKS.pdf,3,64742-82-1,수소탈황된 중질 나프타 (석유),수소탈황된 중질 나프타 (석유),원본과 대조,손대지 않음 (원본이 그렇게 적음),2026-09-18
UT5731-TKS(GGM),msds-pdf-c30a4a45b677d34e,pdf/GGM 상주원/[KCC] TKS.pdf,3,142-82-5,n-헵테인,드 ; / KE-18271,원본과 대조,손대지 않음 (원본과 표기만 다름),2026-09-18
UT5731-TKS(GGM),msds-pdf-c30a4a45b677d34e,pdf/GGM 상주원/[KCC] TKS.pdf,3,100-41-4,에틸벤젠,페닐에테인 / KE-13532,원본과 대조,손대지 않음 (원본과 표기만 다름),2026-09-18
UT5731-TKS(GGM),msds-pdf-c30a4a45b677d34e,pdf/GGM 상주원/[KCC] TKS.pdf,3,64742-95-6,방향족 경질 나프타 용매 (석유),방향족 경질 나프타 용매(석유) 나프타 / KE-31662 미만,원본과 대조,손대지 않음 (원본이 그렇게 적음),2026-09-18
UT5731-TKS(GGM),msds-pdf-c30a4a45b677d34e,pdf/GGM 상주원/[KCC] TKS.pdf,4,108-10-1,4-메틸-2-펜탄온,4-메틸-2-펜탄온,원본과 대조,손대지 않음 (원본이 그렇게 적음),2026-09-18
UT5731-TKS(GGM),msds-pdf-c30a4a45b677d34e,pdf/GGM 상주원/[KCC] TKS.pdf,4,1333-86-4,카본 블랙,블랙 / KE-04682 미만,원본과 대조,손대지 않음 (원본과 표기만 다름),2026-09-18
"IPO #1000컴파운드(PN7001,PN7002)",msds-pdf-c384c78d2b394114,pdf/GGM 상주원/[IPO] 1000방 컴파운드(PN7001.7002).pdf,,1344-28-1,,연마재,원본과 대조,손대지 않음 (원본에서 못 찾음),2026-09-18
"IPO #1000컴파운드(PN7001,PN7002)",msds-pdf-c384c78d2b394114,pdf/GGM 상주원/[IPO] 1000방 컴파운드(PN7001.7002).pdf,,64742-48-9,,수소처리된 중질 나프타 (석유),원본과 대조,손대지 않음 (원본에서 못 찾음),2026-09-18
"IPO #1000컴파운드(PN7001,PN7002)",msds-pdf-c384c78d2b394114,pdf/GGM 상주원/[IPO] 1000방 컴파운드(PN7001.7002).pdf,2,56-81-5,글리세린,글리세린 글리세롤(GLYCEROL);,원본과 대조,손대지 않음 (원본이 그렇게 적음),2026-09-18
"IPO #1000컴파운드(PN7001,PN7002)",msds-pdf-c384c78d2b394114,pdf/GGM 상주원/[IPO] 1000방 컴파운드(PN7001.7002).pdf,2,7732-18-5,물(WATER) 디수소,물(WATER) 디수소 산화물(DIHYDROGEN OXIDE);,원본과 대조,손대지 않음 (원본이 그렇게 적음),2026-09-18
"IPO #1000컴파운드(PN7001,PN7002)",msds-pdf-c384c78d2b394114,pdf/GGM 상주원/[IPO] 1000방 컴파운드(PN7001.7002).pdf,,8042-47-5,,(PETROLEUM));,원본과 대조,손대지 않음 (원본에서 못 찾음),2026-09-18
인텍 스프레이(INTEC - SPRAY),msds-pdf-d1ef2fcc672a6120,pdf/아이에스피케미칼(ISP케미칼)/ISP-WK(RP)_KOR_16.0 (1).pdf,3,64742-95-6,"Solvent naphtha (petroleum) SOLVENT NAPHTHA (PETROLEUM),",방향족 경질 나프타 용매(석유),원본과 대조,손대지 않음 (원본과 표기만 다름),2026-09-18
GHP HTG 2 (월),msds-pdf-d353876f24b4839c,pdf/한일루켐(그리스)/GHP HTG 2 - 2022.9.05(월) 5차개정.pdf,,64741-96-4,,Mineral Oil,원본과 대조,손대지 않음 (원본에서 못 찾음),2026-09-18
GHP HTG 2 (월),msds-pdf-d353876f24b4839c,pdf/한일루켐(그리스)/GHP HTG 2 - 2022.9.05(월) 5차개정.pdf,,64742-54-7,,Mineral Oil,원본과 대조,손대지 않음 (원본에서 못 찾음),2026-09-18
GHP HTG 2 (월),msds-pdf-d353876f24b4839c,pdf/한일루켐(그리스)/GHP HTG 2 - 2022.9.05(월) 5차개정.pdf,,64742-10-5,,Mineral Oil,원본과 대조,손대지 않음 (원본에서 못 찾음),2026-09-18
GHP HTG 2 (월),msds-pdf-d353876f24b4839c,pdf/한일루켐(그리스)/GHP HTG 2 - 2022.9.05(월) 5차개정.pdf,,106-14-9,,Additive,원본과 대조,손대지 않음 (원본에서 못 찾음),2026-09-18
GHP HTG 2 (월),msds-pdf-d353876f24b4839c,pdf/한일루켐(그리스)/GHP HTG 2 - 2022.9.05(월) 5차개정.pdf,,1310-66-3,,Additive,원본과 대조,손대지 않음 (원본에서 못 찾음),2026-09-18
GHP HTG 2 (월),msds-pdf-d353876f24b4839c,pdf/한일루켐(그리스)/GHP HTG 2 - 2022.9.05(월) 5차개정.pdf,,128-37-0,,Additive,원본과 대조,손대지 않음 (원본에서 못 찾음),2026-09-18
GHP PCG EP 0(그리스),msds-pdf-d462ab4576452226,pdf/한일루켐(그리스)/GHP PCG EP 0(그리스).pdf,,64741-96-4,,Mineral Oil,원본과 대조,손대지 않음 (원본에서 못 찾음),2026-09-18
GHP PCG EP 0(그리스),msds-pdf-d462ab4576452226,pdf/한일루켐(그리스)/GHP PCG EP 0(그리스).pdf,,64742-54-7,,Mineral Oil,원본과 대조,손대지 않음 (원본에서 못 찾음),2026-09-18
GHP PCG EP 0(그리스),msds-pdf-d462ab4576452226,pdf/한일루켐(그리스)/GHP PCG EP 0(그리스).pdf,,64742-10-5,,Mineral Oil,원본과 대조,손대지 않음 (원본에서 못 찾음),2026-09-18
GHP PCG EP 0(그리스),msds-pdf-d462ab4576452226,pdf/한일루켐(그리스)/GHP PCG EP 0(그리스).pdf,,106-14-9,,Additive,원본과 대조,손대지 않음 (원본에서 못 찾음),2026-09-18
GHP PCG EP 0(그리스),msds-pdf-d462ab4576452226,pdf/한일루켐(그리스)/GHP PCG EP 0(그리스).pdf,,1310-66-3,,Additive,원본과 대조,손대지 않음 (원본에서 못 찾음),2026-09-18
GHP PCG EP 0(그리스),msds-pdf-d462ab4576452226,pdf/한일루켐(그리스)/GHP PCG EP 0(그리스).pdf,,128-37-0,,Additive,원본과 대조,손대지 않음 (원본에서 못 찾음),2026-09-18
듀프렉스 뉴에크루 [NES](A203-X7020),msds-pdf-def9c52b21a05593,pdf/GGM 상주원/[KNK] NES(듀프렉스 뉴에크루).pdf,2,100-41-4,Ethylbenzene,에틸벤젠,원본과 대조,손대지 않음 (원본과 표기만 다름),2026-09-18
듀프렉스 뉴에크루 [NES](A203-X7020),msds-pdf-def9c52b21a05593,pdf/GGM 상주원/[KNK] NES(듀프렉스 뉴에크루).pdf,2,104810-47-1,"α-[3-[3-(2H-Benzotriazol-2-yl)-5-(1,1-di- methyle","α-[3-[3-(2H-Benzotriazol-2-yl)-5-(1,1-di- methyle",원본과 대조,손대지 않음 (원본 줄이 중간에서 잘림),2026-09-18
듀프렉스 뉴에크루 [NES](A203-X7020),msds-pdf-def9c52b21a05593,pdf/GGM 상주원/[KNK] NES(듀프렉스 뉴에크루).pdf,2,104810-48-2,"1-oxo- propyl]-ω-hydroxypoly(oxy-1,2-ethane- diyl","1-oxo- propyl]-ω-hydroxypoly(oxy-1,2-ethane- diyl",원본과 대조,손대지 않음 (원본 줄이 중간에서 잘림),2026-09-18
듀프렉스 뉴에크루 [NES](A203-X7020),msds-pdf-def9c52b21a05593,pdf/GGM 상주원/[KNK] NES(듀프렉스 뉴에크루).pdf,2,108-10-1,"Methylisobutyl ketone, MIBK",4-메틸-2-펜탄온,원본과 대조,손대지 않음 (원본과 표기만 다름),2026-09-18
듀프렉스 뉴에크루 [NES](A203-X7020),msds-pdf-def9c52b21a05593,pdf/GGM 상주원/[KNK] NES(듀프렉스 뉴에크루).pdf,2,108-65-6,프로필렌 글리콜모노메틸에테르 이세트산(PMA),프로필렌 글리콜모노메틸에테르 이세트산(PMA),원본과 대조,손대지 않음 (원본이 그렇게 적음),2026-09-18
듀프렉스 뉴에크루 [NES](A203-X7020),msds-pdf-def9c52b21a05593,pdf/GGM 상주원/[KNK] NES(듀프렉스 뉴에크루).pdf,2,112-07-2,Butyl cellosolve acetate,"2-뷰톡시에탄올, 아세테이트",원본과 대조,손대지 않음 (원본과 표기만 다름),2026-09-18
듀프렉스 뉴에크루 [NES](A203-X7020),msds-pdf-def9c52b21a05593,pdf/GGM 상주원/[KNK] NES(듀프렉스 뉴에크루).pdf,2,123-86-4,n-뷰틸 아세트산(n-Butyl acetate),n-뷰틸 아세트산(n-Butyl acetate),원본과 대조,손대지 않음 (원본이 그렇게 적음),2026-09-18
듀프렉스 뉴에크루 [NES](A203-X7020),msds-pdf-def9c52b21a05593,pdf/GGM 상주원/[KNK] NES(듀프렉스 뉴에크루).pdf,2,1330-20-7,자일렌(Xylene),자일렌(Xylene),원본과 대조,손대지 않음 (원본이 그렇게 적음),2026-09-18
듀프렉스 뉴에크루 [NES](A203-X7020),msds-pdf-def9c52b21a05593,pdf/GGM 상주원/[KNK] NES(듀프렉스 뉴에크루).pdf,2,13463-67-7,Titanium dioxide,이산화 티타늄,원본과 대조,손대지 않음 (원본과 표기만 다름),2026-09-18
듀프렉스 뉴에크루 [NES](A203-X7020),msds-pdf-def9c52b21a05593,pdf/GGM 상주원/[KNK] NES(듀프렉스 뉴에크루).pdf,2,21645-51-2,수산화알류미늄(Aluminium hydroxide),수산화알류미늄(Aluminium hydroxide),원본과 대조,손대지 않음 (원본이 그렇게 적음),2026-09-18
듀프렉스 뉴에크루 [NES](A203-X7020),msds-pdf-def9c52b21a05593,pdf/GGM 상주원/[KNK] NES(듀프렉스 뉴에크루).pdf,2,64742-94-5,"Solvent naphtha (petroleum), heavy arom",방향족 중질 나프타 용매(석유),원본과 대조,손대지 않음 (원본과 표기만 다름),2026-09-18
듀프렉스 뉴에크루 [NES](A203-X7020),msds-pdf-def9c52b21a05593,pdf/GGM 상주원/[KNK] NES(듀프렉스 뉴에크루).pdf,2,71-36-3,n-뷰틸 알코올(1-Butanol;n-Butanol),n-뷰틸 알코올(1-Butal;n-Butal),원본과 대조,손대지 않음 (원본이 그렇게 적음),2026-09-18
듀프렉스 뉴에크루 [NES](A203-X7020),msds-pdf-def9c52b21a05593,pdf/GGM 상주원/[KNK] NES(듀프렉스 뉴에크루).pdf,2,7631-86-9,산화규소(Silicon dioxide),산화규소(Silicon dioxide),원본과 대조,손대지 않음 (원본이 그렇게 적음),2026-09-18
듀프렉스 뉴에크루 [NES](A203-X7020),msds-pdf-def9c52b21a05593,pdf/GGM 상주원/[KNK] NES(듀프렉스 뉴에크루).pdf,2,82919-37-7,Decanedioic acid methyl -pentamethyl-piperidinyl e,"데케인이산, 1-메틸 10-(1,2,2,6,6-펜타메틸-4-피페리딘일) 에스터",원본과 대조,손대지 않음 (원본과 표기만 다름),2026-09-18
듀프렉스 뉴에크루 [NES](A203-X7020),msds-pdf-def9c52b21a05593,pdf/GGM 상주원/[KNK] NES(듀프렉스 뉴에크루).pdf,2,9004-36-8,"Cellulose, acetate butyrate",셀룰로스 아세테이트 뷰틸레이트,원본과 대조,손대지 않음 (원본과 표기만 다름),2026-09-18
질소(NITROGEN),msds-pdf-df5ff1a99215c913,pdf/질소/질소(N2)_태경ECO(주).pdf,1,7727-37-9,CAS 번호,번호,표 머리글,손대지 않음 (원본 줄도 깨끗하지 않음),2026-09-18
"천연가스(LNG, Natural Gas with Odorant)",msds-pdf-e3aa33ca136c6558,pdf/천연가스(LNG)/2023.천연가스 GHS-MSDS.pdf,2,8006-14-2,NATURALGAS,NATURAL GAS,원본과 대조,손대지 않음 (원본이 그렇게 적음),2026-09-18
"천연가스(LNG, Natural Gas with Odorant)",msds-pdf-e3aa33ca136c6558,pdf/천연가스(LNG)/2023.천연가스 GHS-MSDS.pdf,2,110-01-0,Tetrahydrothiophene • Tetramethylene sulfide,Tetrahydrothiophene,원본과 대조,손대지 않음 (원본이 그렇게 적음),2026-09-18
용접재료(연강용 피복아크 용접봉),msds-pdf-f1d5241c30dc8b13,pdf/조선선재(주)/CSW-0001_MSDS_용접재료(연강용 피복아크 용접봉)_(국문)v4_2021.09.30.pdf,2,13463-67-7,이산화 티타늄,이산화 티타늄 Titanium Dioxide,원본과 대조,손대지 않음 (원본이 그렇게 적음),2026-09-18
용접재료(연강용 피복아크 용접봉),msds-pdf-f1d5241c30dc8b13,pdf/조선선재(주)/CSW-0001_MSDS_용접재료(연강용 피복아크 용접봉)_(국문)v4_2021.09.30.pdf,2,68476-25-5,장석,장석 Feldspar,원본과 대조,손대지 않음 (원본 줄에서 이름이 너무 적게 잡힘),2026-09-18
용접재료(연강용 피복아크 용접봉),msds-pdf-f1d5241c30dc8b13,pdf/조선선재(주)/CSW-0001_MSDS_용접재료(연강용 피복아크 용접봉)_(국문)v4_2021.09.30.pdf,2,7439-96-5,망간,망간 Manganese,원본과 대조,손대지 않음 (원본 줄에서 이름이 너무 적게 잡힘),2026-09-18
용접재료(연강용 피복아크 용접봉),msds-pdf-f1d5241c30dc8b13,pdf/조선선재(주)/CSW-0001_MSDS_용접재료(연강용 피복아크 용접봉)_(국문)v4_2021.09.30.pdf,2,1344-09-8,규산나트륨,규산나트륨 Sodium Silicate,원본과 대조,손대지 않음 (원본이 그렇게 적음),2026-09-18
용접재료(연강용 피복아크 용접봉),msds-pdf-f1d5241c30dc8b13,pdf/조선선재(주)/CSW-0001_MSDS_용접재료(연강용 피복아크 용접봉)_(국문)v4_2021.09.30.pdf,2,1317-65-3,석회석,석회석 Limestone,원본과 대조,손대지 않음 (원본이 그렇게 적음),2026-09-18
용접재료(연강용 피복아크 용접봉),msds-pdf-f1d5241c30dc8b13,pdf/조선선재(주)/CSW-0001_MSDS_용접재료(연강용 피복아크 용접봉)_(국문)v4_2021.09.30.pdf,2,12001-26-2,운모,운모 Mica,원본과 대조,손대지 않음 (원본 줄에서 이름이 너무 적게 잡힘),2026-09-18
용접재료(연강용 피복아크 용접봉),msds-pdf-f1d5241c30dc8b13,pdf/조선선재(주)/CSW-0001_MSDS_용접재료(연강용 피복아크 용접봉)_(국문)v4_2021.09.30.pdf,2,7439-89-6,철 Iron,철 Iron,원본과 대조,손대지 않음 (원본이 그렇게 적음),2026-09-18
용접재료(연강용 피복아크 용접봉),msds-pdf-f1d5241c30dc8b13,pdf/조선선재(주)/CSW-0001_MSDS_용접재료(연강용 피복아크 용접봉)_(국문)v4_2021.09.30.pdf,2,65996-61-4,셀룰로스,"셀룰로스 Pulp, Cellulose",원본과 대조,손대지 않음 (원본이 그렇게 적음),2026-09-18
용접재료(연강용 피복아크 용접봉),msds-pdf-f1d5241c30dc8b13,pdf/조선선재(주)/CSW-0001_MSDS_용접재료(연강용 피복아크 용접봉)_(국문)v4_2021.09.30.pdf,2,12604-53-4,페로망가니즈,페로망가니즈 Ferro Manganese,원본과 대조,손대지 않음 (원본이 그렇게 적음),2026-09-18
용접재료(연강용 피복아크 용접봉),msds-pdf-f1d5241c30dc8b13,pdf/조선선재(주)/CSW-0001_MSDS_용접재료(연강용 피복아크 용접봉)_(국문)v4_2021.09.30.pdf,2,7789-75-5,불화 칼슘,불화 칼슘 Calcium Fluoride,원본과 대조,손대지 않음 (원본이 그렇게 적음),2026-09-18
용접재료(연강용 피복아크 용접봉),msds-pdf-f1d5241c30dc8b13,pdf/조선선재(주)/CSW-0001_MSDS_용접재료(연강용 피복아크 용접봉)_(국문)v4_2021.09.30.pdf,2,7440-21-3,실리콘,실리콘 Silicon(Si),원본과 대조,손대지 않음 (원본이 그렇게 적음),2026-09-18
용접재료(연강용 피복아크 용접봉),msds-pdf-f1d5241c30dc8b13,pdf/조선선재(주)/CSW-0001_MSDS_용접재료(연강용 피복아크 용접봉)_(국문)v4_2021.09.30.pdf,2,13463-67-7,이산화 티타늄,이산화 티타늄 Titanium Dioxide,원본과 대조,손대지 않음 (원본이 그렇게 적음),2026-09-18
용접재료(연강용 피복아크 용접봉),msds-pdf-f1d5241c30dc8b13,pdf/조선선재(주)/CSW-0001_MSDS_용접재료(연강용 피복아크 용접봉)_(국문)v4_2021.09.30.pdf,2,65996-61-4,셀룰로스,"셀룰로스 Pulp, Cellulose",원본과 대조,손대지 않음 (원본이 그렇게 적음),2026-09-18
용접재료(연강용 피복아크 용접봉),msds-pdf-f1d5241c30dc8b13,pdf/조선선재(주)/CSW-0001_MSDS_용접재료(연강용 피복아크 용접봉)_(국문)v4_2021.09.30.pdf,2,13463-67-7,이산화 티타늄,이산화 티타늄 Titanium Dioxide,원본과 대조,손대지 않음 (원본이 그렇게 적음),2026-09-18
용접재료(연강용 피복아크 용접봉),msds-pdf-f1d5241c30dc8b13,pdf/조선선재(주)/CSW-0001_MSDS_용접재료(연강용 피복아크 용접봉)_(국문)v4_2021.09.30.pdf,2,68476-25-5,장석,장석 Feldspar,원본과 대조,손대지 않음 (원본 줄에서 이름이 너무 적게 잡힘),2026-09-18
용접재료(연강용 피복아크 용접봉),msds-pdf-f1d5241c30dc8b13,pdf/조선선재(주)/CSW-0001_MSDS_용접재료(연강용 피복아크 용접봉)_(국문)v4_2021.09.30.pdf,2,7439-96-5,망간,망간 Manganese,원본과 대조,손대지 않음 (원본 줄에서 이름이 너무 적게 잡힘),2026-09-18
용접재료(연강용 피복아크 용접봉),msds-pdf-f1d5241c30dc8b13,pdf/조선선재(주)/CSW-0001_MSDS_용접재료(연강용 피복아크 용접봉)_(국문)v4_2021.09.30.pdf,2,7789-75-5,불화 칼슘,불화 칼슘 Calcium Fluoride,원본과 대조,손대지 않음 (원본이 그렇게 적음),2026-09-18
용접재료(연강용 피복아크 용접봉),msds-pdf-f1d5241c30dc8b13,pdf/조선선재(주)/CSW-0001_MSDS_용접재료(연강용 피복아크 용접봉)_(국문)v4_2021.09.30.pdf,2,7440-21-3,실리콘,실리콘 Silicon(Si),원본과 대조,손대지 않음 (원본이 그렇게 적음),2026-09-18
용접재료(연강용 피복아크 용접봉),msds-pdf-f1d5241c30dc8b13,pdf/조선선재(주)/CSW-0001_MSDS_용접재료(연강용 피복아크 용접봉)_(국문)v4_2021.09.30.pdf,2,68476-25-5,장석,장석 Feldspar,원본과 대조,손대지 않음 (원본 줄에서 이름이 너무 적게 잡힘),2026-09-18
용접재료(연강용 피복아크 용접봉),msds-pdf-f1d5241c30dc8b13,pdf/조선선재(주)/CSW-0001_MSDS_용접재료(연강용 피복아크 용접봉)_(국문)v4_2021.09.30.pdf,2,65996-61-4,셀룰로스,"셀룰로스 Pulp, Cellulose",원본과 대조,손대지 않음 (원본이 그렇게 적음),2026-09-18
아세틸렌,msds-pdf-f566b59f33deed0f,pdf/아세틸렌/태경에코_아세틸렌_msds(221123).pdf,2,74-86-2,아세틸렌,아세틸렌 ETHYNE 98,원본과 대조,손대지 않음 (원본이 그렇게 적음),2026-09-18
아세틸렌,msds-pdf-f566b59f33deed0f,pdf/아세틸렌/태경에코_아세틸렌_msds(221123).pdf,2,7783-06-4,황화수소,황화수소 0.05,원본과 대조,손대지 않음 (원본이 그렇게 적음),2026-09-18
아세틸렌,msds-pdf-f566b59f33deed0f,pdf/아세틸렌/태경에코_아세틸렌_msds(221123).pdf,2,7803-51-2,인화수소,인화수소 0.05,원본과 대조,손대지 않음 (원본이 그렇게 적음),2026-09-18
아세틸렌,msds-pdf-f566b59f33deed0f,pdf/아세틸렌/태경에코_아세틸렌_msds(221123).pdf,2,7782-44-7,산소,산소 OXYGEN,원본과 대조,손대지 않음 (원본 줄에서 이름이 너무 적게 잡힘),2026-09-18
아세틸렌,msds-pdf-f566b59f33deed0f,pdf/아세틸렌/태경에코_아세틸렌_msds(221123).pdf,2,7727-37-9,질소,질소 NITROGEN,원본과 대조,손대지 않음 (원본 줄에서 이름이 너무 적게 잡힘),2026-09-18
아세틸렌,msds-pdf-f566b59f33deed0f,pdf/아세틸렌/태경에코_아세틸렌_msds(221123).pdf,2,74-82-8,메탄,메탄 METHANE,원본과 대조,손대지 않음 (원본 줄에서 이름이 너무 적게 잡힘),2026-09-18
GHP PCG 0,msds-pdf-f60438c81a0521d8,pdf/한일루켐(그리스)/한일루켐_GHP PCG 0 MSDS.pdf,,64741-96-4,,Mineral Oil,원본과 대조,손대지 않음 (원본에서 못 찾음),2026-09-18
GHP PCG 0,msds-pdf-f60438c81a0521d8,pdf/한일루켐(그리스)/한일루켐_GHP PCG 0 MSDS.pdf,,64742-54-7,,Mineral Oil,원본과 대조,손대지 않음 (원본에서 못 찾음),2026-09-18
GHP PCG 0,msds-pdf-f60438c81a0521d8,pdf/한일루켐(그리스)/한일루켐_GHP PCG 0 MSDS.pdf,,64742-10-5,,Mineral Oil,원본과 대조,손대지 않음 (원본에서 못 찾음),2026-09-18
GHP PCG 0,msds-pdf-f60438c81a0521d8,pdf/한일루켐(그리스)/한일루켐_GHP PCG 0 MSDS.pdf,,106-14-9,,Additive,원본과 대조,손대지 않음 (원본에서 못 찾음),2026-09-18
GHP PCG 0,msds-pdf-f60438c81a0521d8,pdf/한일루켐(그리스)/한일루켐_GHP PCG 0 MSDS.pdf,2,1310-66-3,Additive,Additive,원본과 대조,손대지 않음 (원본이 그렇게 적음),2026-09-18
GHP PCG 0,msds-pdf-f60438c81a0521d8,pdf/한일루켐(그리스)/한일루켐_GHP PCG 0 MSDS.pdf,,128-37-0,,Additive,원본과 대조,손대지 않음 (원본에서 못 찾음),2026-09-18
"아세틸렌(ACETYLENE,dissolved)",msds-pdf-f6b8f7761d44bb84,pdf/아세틸렌/아세틸렌.pdf,2,74-86-2,Acetylene,Acetylene ETHYNE 자료없음 자료없음 100,원본과 대조,손대지 않음 (원본이 그렇게 적음),2026-09-18
